<?xml version="1.0" encoding="UTF-8"?>
<alto xmlns:xsi="http://www.w3.org/2001/XMLSchema-instance" xsi:noNamespaceSchemaLocation="http://www.bl.uk/schemas/alto/alto-1-4.xsd" xmlns:xlink="http://www.w3.org/1999/xlink">
	<Description>
		<MeasurementUnit>mm10</MeasurementUnit>
		<sourceImageInformation>
			<fileName>//head1/IN/2008-36/A0011936310/008335.jp2</fileName>
		</sourceImageInformation>
		<OCRProcessing ID="OCRPROCESSING_1">
			<preProcessingStep>
				<processingSoftware>
					<softwareCreator>CCS Content Conversion Specialists GmbH, Germany</softwareCreator>
					<softwareName>CCS docWORKS</softwareName>
					<softwareVersion>6.1-0.67</softwareVersion>
				</processingSoftware>
			</preProcessingStep>
			<ocrProcessingStep>
				<processingSoftware>
					<softwareCreator>ABBYY (BIT Software), Russia</softwareCreator>
					<softwareName>Finereader</softwareName>
				</processingSoftware>
			</ocrProcessingStep>
		</OCRProcessing>
	</Description>
	<Styles>
		<TextStyle ID="TXT_0" FONTSIZE="10" FONTFAMILY="Courier New"/>
		<TextStyle ID="TXT_1" FONTSIZE="9" FONTFAMILY="Courier New"/>
		<ParagraphStyle ID="PAR_CENTER" ALIGN="Center"/>
		<ParagraphStyle ID="PAR_LEFT" ALIGN="Left"/>
	</Styles>
	<Layout>
		<Page ID="P317" PHYSICAL_IMG_NR="317" HEIGHT="2028" WIDTH="1261" PRINTED_IMG_NR="305" POSITION="Right" ACCURACY="67.07">
			<TopMargin ID="P317_TM00001" HPOS="0" VPOS="0" WIDTH="1260" HEIGHT="71">
				<TextBlock ID="P317_TB00001" HPOS="519" VPOS="44" WIDTH="166" HEIGHT="25" STYLEREFS="TXT_0 PAR_CENTER">
					<TextLine ID="P317_TL00001" HPOS="614" VPOS="53" WIDTH="71" HEIGHT="16">
						<String ID="P317_ST00001" HPOS="614" VPOS="53" WIDTH="71" HEIGHT="16" CONTENT="305" WC="1.00" CC="000"/>
					</TextLine>
				</TextBlock>
			</TopMargin>
			<LeftMargin ID="P317_LM00001" HPOS="0" VPOS="71" WIDTH="64" HEIGHT="1934"/>
			<RightMargin ID="P317_RM00001" HPOS="1159" VPOS="71" WIDTH="101" HEIGHT="1934"/>
			<BottomMargin ID="P317_BM00001" HPOS="0" VPOS="2005" WIDTH="1260" HEIGHT="22"/>
			<PrintSpace ID="P317_PS00001" HPOS="64" VPOS="71" WIDTH="1095" HEIGHT="1934">
				<TextBlock ID="P317_TB00002" HPOS="64" VPOS="118" WIDTH="1080" HEIGHT="582" STYLEREFS="TXT_1 PAR_LEFT">
					<TextLine ID="P317_TL00002" HPOS="124" VPOS="118" WIDTH="1011" HEIGHT="44">
						<String ID="P317_ST00002" HPOS="124" VPOS="127" WIDTH="45" HEIGHT="23" CONTENT="ого" WC="0.51" CC="707"/>
						<SP ID="P317_SP00001" HPOS="169" VPOS="150" WIDTH="27"/>
						<String ID="P317_ST00003" HPOS="196" VPOS="128" WIDTH="96" HEIGHT="31" CONTENT="слуха" WC="0.56" CC="39008"/>
						<SP ID="P317_SP00002" HPOS="292" VPOS="159" WIDTH="25"/>
						<String ID="P317_ST00004" HPOS="317" VPOS="128" WIDTH="14" HEIGHT="22" CONTENT="о" WC="0.59" CC="4"/>
						<SP ID="P317_SP00003" HPOS="331" VPOS="159" WIDTH="25"/>
						<String ID="P317_ST00005" HPOS="356" VPOS="128" WIDTH="160" HEIGHT="23" CONTENT="появленш" WC="0.43" CC="52647567"/>
						<SP ID="P317_SP00004" HPOS="516" VPOS="159" WIDTH="24"/>
						<String ID="P317_ST00006" HPOS="540" VPOS="118" WIDTH="176" HEIGHT="42" CONTENT="Якубовича" WC="0.39" CC="799665540"/>
						<SP ID="P317_SP00005" HPOS="716" VPOS="160" WIDTH="24"/>
						<String ID="P317_ST00007" HPOS="740" VPOS="119" WIDTH="77" HEIGHT="32" CONTENT="было" WC="0.54" CC="3166"/>
						<SP ID="P317_SP00006" HPOS="817" VPOS="160" WIDTH="24"/>
						<String ID="P317_ST00008" HPOS="841" VPOS="129" WIDTH="189" HEIGHT="33" CONTENT="достаточно," WC="0.73" CC="02000045654"/>
						<SP ID="P317_SP00007" HPOS="1030" VPOS="162" WIDTH="16"/>
						<String ID="P317_ST00009" HPOS="1046" VPOS="122" WIDTH="89" HEIGHT="30" CONTENT="чтобы" WC="0.75" CC="00407"/>
					</TextLine>
					<TextLine ID="P317_TL00003" HPOS="65" VPOS="172" WIDTH="1072" HEIGHT="34">
						<String ID="P317_ST00010" HPOS="65" VPOS="172" WIDTH="153" HEIGHT="34" CONTENT="удержать" WC="0.53" CC="90492090"/>
						<SP ID="P317_SP00008" HPOS="218" VPOS="206" WIDTH="27"/>
						<String ID="P317_ST00011" HPOS="245" VPOS="173" WIDTH="127" HEIGHT="31" CONTENT="горцевъ" WC="0.72" CC="5600060"/>
						<SP ID="P317_SP00009" HPOS="372" VPOS="206" WIDTH="37"/>
						<String ID="P317_ST00012" HPOS="409" VPOS="173" WIDTH="56" HEIGHT="22" CONTENT="отъ" WC="0.44" CC="690"/>
						<SP ID="P317_SP00010" HPOS="465" VPOS="206" WIDTH="35"/>
						<String ID="P317_ST00013" HPOS="500" VPOS="173" WIDTH="171" HEIGHT="31" CONTENT="нападешя;" WC="0.60" CC="803001865"/>
						<SP ID="P317_SP00011" HPOS="671" VPOS="206" WIDTH="35"/>
						<String ID="P317_ST00014" HPOS="706" VPOS="173" WIDTH="47" HEIGHT="22" CONTENT="его" WC="0.88" CC="003"/>
						<SP ID="P317_SP00012" HPOS="753" VPOS="206" WIDTH="24"/>
						<String ID="P317_ST00015" HPOS="777" VPOS="173" WIDTH="172" HEIGHT="24" CONTENT="посланные" WC="0.61" CC="560506630"/>
						<SP ID="P317_SP00013" HPOS="949" VPOS="206" WIDTH="24"/>
						<String ID="P317_ST00016" HPOS="973" VPOS="175" WIDTH="164" HEIGHT="31" CONTENT="проходили" WC="0.66" CC="504060606"/>
					</TextLine>
					<TextLine ID="P317_TL00004" HPOS="67" VPOS="210" WIDTH="1069" HEIGHT="41">
						<String ID="P317_ST00017" HPOS="67" VPOS="218" WIDTH="77" HEIGHT="27" CONTENT="меж;" WC="0.41" CC="6249"/>
						<String ID="P317_ST00018" HPOS="150" VPOS="218" WIDTH="18" HEIGHT="28" CONTENT="у" WC="0.01" CC="9"/>
						<SP ID="P317_SP00014" HPOS="168" VPOS="246" WIDTH="28"/>
						<String ID="P317_ST00019" HPOS="196" VPOS="218" WIDTH="112" HEIGHT="32" CONTENT="__уловъ" WC="0.56" CC="6406570"/>
						<SP ID="P317_SP00015" HPOS="308" VPOS="250" WIDTH="26"/>
						<String ID="P317_ST00020" HPOS="334" VPOS="210" WIDTH="209" HEIGHT="40" CONTENT="безоружные," WC="0.78" CC="10610007303"/>
						<SP ID="P317_SP00016" HPOS="543" VPOS="250" WIDTH="26"/>
						<String ID="P317_ST00021" HPOS="569" VPOS="219" WIDTH="18" HEIGHT="21" CONTENT="и" WC="0.57" CC="4"/>
						<SP ID="P317_SP00017" HPOS="587" VPOS="250" WIDTH="25"/>
						<String ID="P317_ST00022" HPOS="612" VPOS="219" WIDTH="92" HEIGHT="22" CONTENT="никто" WC="0.46" CC="76903"/>
						<SP ID="P317_SP00018" HPOS="704" VPOS="250" WIDTH="25"/>
						<String ID="P317_ST00023" HPOS="729" VPOS="218" WIDTH="35" HEIGHT="23" CONTENT="не" WC="0.72" CC="50"/>
						<SP ID="P317_SP00019" HPOS="764" VPOS="250" WIDTH="23"/>
						<String ID="P317_ST00024" HPOS="787" VPOS="212" WIDTH="100" HEIGHT="29" CONTENT="см*лъ" WC="0.55" CC="55460"/>
						<SP ID="P317_SP00020" HPOS="887" VPOS="250" WIDTH="27"/>
						<String ID="P317_ST00025" HPOS="914" VPOS="220" WIDTH="61" HEIGHT="23" CONTENT="ихъ" WC="0.87" CC="300"/>
						<SP ID="P317_SP00021" HPOS="975" VPOS="250" WIDTH="23"/>
						<String ID="P317_ST00026" HPOS="998" VPOS="220" WIDTH="138" HEIGHT="31" CONTENT="тронуть." WC="0.87" CC="00360000"/>
					</TextLine>
					<TextLine ID="P317_TL00005" HPOS="67" VPOS="253" WIDTH="1074" HEIGHT="42">
						<String ID="P317_ST00027" HPOS="67" VPOS="255" WIDTH="41" HEIGHT="31" CONTENT="Въ" WC="0.51" CC="63"/>
						<SP ID="P317_SP00022" HPOS="108" VPOS="286" WIDTH="25"/>
						<String ID="P317_ST00028" HPOS="133" VPOS="253" WIDTH="136" HEIGHT="41" CONTENT="Кабард*" WC="0.76" CC="0830004"/>
						<SP ID="P317_SP00023" HPOS="269" VPOS="294" WIDTH="27"/>
						<String ID="P317_ST00029" HPOS="296" VPOS="253" WIDTH="179" HEIGHT="41" CONTENT="Якубовичъ" WC="0.62" CC="600363770"/>
						<SP ID="P317_SP00024" HPOS="475" VPOS="294" WIDTH="25"/>
						<String ID="P317_ST00030" HPOS="500" VPOS="256" WIDTH="139" HEIGHT="38" CONTENT="пробылъ" WC="0.68" CC="5020490"/>
						<SP ID="P317_SP00025" HPOS="639" VPOS="294" WIDTH="36"/>
						<String ID="P317_ST00031" HPOS="675" VPOS="264" WIDTH="35" HEIGHT="22" CONTENT="не" WC="0.73" CC="50"/>
						<SP ID="P317_SP00026" HPOS="710" VPOS="294" WIDTH="33"/>
						<String ID="P317_ST00032" HPOS="743" VPOS="264" WIDTH="99" HEIGHT="28" CONTENT="долго:" WC="0.69" CC="039040"/>
						<SP ID="P317_SP00027" HPOS="842" VPOS="294" WIDTH="27"/>
						<String ID="P317_ST00033" HPOS="869" VPOS="264" WIDTH="45" HEIGHT="22" CONTENT="его" WC="0.75" CC="105"/>
						<SP ID="P317_SP00028" HPOS="914" VPOS="294" WIDTH="25"/>
						<String ID="P317_ST00034" HPOS="939" VPOS="265" WIDTH="141" HEIGHT="30" CONTENT="перевели" WC="0.80" CC="40006005"/>
						<SP ID="P317_SP00029" HPOS="1080" VPOS="295" WIDTH="25"/>
						<String ID="P317_ST00035" HPOS="1105" VPOS="265" WIDTH="36" HEIGHT="22" CONTENT="на" WC="0.69" CC="60"/>
					</TextLine>
					<TextLine ID="P317_TL00006" HPOS="69" VPOS="300" WIDTH="1069" HEIGHT="41">
						<String ID="P317_ST00036" HPOS="69" VPOS="300" WIDTH="127" HEIGHT="41" CONTENT="Кубань," WC="0.63" CC="9008700"/>
						<SP ID="P317_SP00030" HPOS="196" VPOS="341" WIDTH="26"/>
						<String ID="P317_ST00037" HPOS="222" VPOS="300" WIDTH="53" HEIGHT="36" CONTENT="гд*" WC="0.63" CC="604"/>
						<SP ID="P317_SP00031" HPOS="275" VPOS="341" WIDTH="26"/>
						<String ID="P317_ST00038" HPOS="301" VPOS="301" WIDTH="76" HEIGHT="36" CONTENT="д*ла" WC="0.46" CC="9470"/>
						<SP ID="P317_SP00032" HPOS="377" VPOS="341" WIDTH="24"/>
						<String ID="P317_ST00039" HPOS="401" VPOS="309" WIDTH="98" HEIGHT="22" CONTENT="также" WC="0.92" CC="00300"/>
						<SP ID="P317_SP00033" HPOS="499" VPOS="341" WIDTH="24"/>
						<String ID="P317_ST00040" HPOS="523" VPOS="301" WIDTH="83" HEIGHT="31" CONTENT="были" WC="0.52" CC="5075"/>
						<SP ID="P317_SP00034" HPOS="606" VPOS="341" WIDTH="25"/>
						<String ID="P317_ST00041" HPOS="631" VPOS="309" WIDTH="107" HEIGHT="22" CONTENT="плохи." WC="0.57" CC="576032"/>
						<SP ID="P317_SP00035" HPOS="738" VPOS="341" WIDTH="36"/>
						<String ID="P317_ST00042" HPOS="774" VPOS="300" WIDTH="107" HEIGHT="40" CONTENT="Между" WC="1.00" CC="00000"/>
						<SP ID="P317_SP00036" HPOS="881" VPOS="341" WIDTH="33"/>
						<String ID="P317_ST00043" HPOS="914" VPOS="303" WIDTH="95" HEIGHT="37" CONTENT="тВмъ," WC="0.58" CC="08704"/>
						<SP ID="P317_SP00037" HPOS="1009" VPOS="341" WIDTH="27"/>
						<String ID="P317_ST00044" HPOS="1036" VPOS="302" WIDTH="102" HEIGHT="39" CONTENT="кабар" SUBS_TYPE="HypPart1" SUBS_CONTENT="кабардинцамъ" WC="0.71" CC="706003"/>
						<HYP CONTENT="-"/>
					</TextLine>
					<TextLine ID="P317_TL00007" HPOS="69" VPOS="353" WIDTH="1074" HEIGHT="33">
						<String ID="P317_ST00045" HPOS="69" VPOS="354" WIDTH="138" HEIGHT="29" CONTENT="динцамъ" SUBS_TYPE="HypPart2" SUBS_CONTENT="кабардинцамъ" WC="0.55" CC="9661160"/>
						<SP ID="P317_SP00038" HPOS="207" VPOS="383" WIDTH="24"/>
						<String ID="P317_ST00046" HPOS="231" VPOS="353" WIDTH="181" HEIGHT="31" CONTENT="предстояло" WC="0.75" CC="5030600404"/>
						<SP ID="P317_SP00039" HPOS="412" VPOS="384" WIDTH="36"/>
						<String ID="P317_ST00047" HPOS="448" VPOS="354" WIDTH="69" HEIGHT="27" CONTENT="одно" WC="0.62" CC="5062"/>
						<SP ID="P317_SP00040" HPOS="517" VPOS="384" WIDTH="36"/>
						<String ID="P317_ST00048" HPOS="553" VPOS="355" WIDTH="57" HEIGHT="22" CONTENT="изъ" WC="0.71" CC="520"/>
						<SP ID="P317_SP00041" HPOS="610" VPOS="384" WIDTH="24"/>
						<String ID="P317_ST00049" HPOS="634" VPOS="355" WIDTH="97" HEIGHT="31" CONTENT="двухъ" WC="0.94" CC="01001"/>
						<String ID="P317_ST00050" HPOS="746" VPOS="355" WIDTH="4" HEIGHT="22" CONTENT=":" WC="1.00" CC="0"/>
						<SP ID="P317_SP00042" HPOS="750" VPOS="386" WIDTH="41"/>
						<String ID="P317_ST00051" HPOS="791" VPOS="355" WIDTH="57" HEIGHT="22" CONTENT="или" WC="0.48" CC="563"/>
						<SP ID="P317_SP00043" HPOS="848" VPOS="386" WIDTH="23"/>
						<String ID="P317_ST00052" HPOS="871" VPOS="355" WIDTH="212" HEIGHT="30" CONTENT="переселиться" WC="0.72" CC="510150650006"/>
						<SP ID="P317_SP00044" HPOS="1083" VPOS="386" WIDTH="23"/>
						<String ID="P317_ST00053" HPOS="1106" VPOS="355" WIDTH="37" HEIGHT="22" CONTENT="на" WC="0.31" CC="57"/>
					</TextLine>
					<TextLine ID="P317_TL00008" HPOS="71" VPOS="399" WIDTH="1071" HEIGHT="33">
						<String ID="P317_ST00054" HPOS="71" VPOS="399" WIDTH="148" HEIGHT="33" CONTENT="равнину," WC="0.53" CC="08575604"/>
						<SP ID="P317_SP00045" HPOS="219" VPOS="432" WIDTH="26"/>
						<String ID="P317_ST00055" HPOS="245" VPOS="399" WIDTH="28" HEIGHT="23" CONTENT="т." WC="0.58" CC="80"/>
						<SP ID="P317_SP00046" HPOS="273" VPOS="432" WIDTH="25"/>
						<String ID="P317_ST00056" HPOS="298" VPOS="399" WIDTH="25" HEIGHT="24" CONTENT="е." WC="1.00" CC="00"/>
						<SP ID="P317_SP00047" HPOS="323" VPOS="432" WIDTH="26"/>
						<String ID="P317_ST00057" HPOS="349" VPOS="399" WIDTH="186" HEIGHT="30" CONTENT="покориться" WC="0.69" CC="5490040023"/>
						<SP ID="P317_SP00048" HPOS="535" VPOS="432" WIDTH="25"/>
						<String ID="P317_ST00058" HPOS="560" VPOS="399" WIDTH="152" HEIGHT="32" CONTENT="русскому" WC="0.89" CC="00030040"/>
						<SP ID="P317_SP00049" HPOS="712" VPOS="432" WIDTH="32"/>
						<String ID="P317_ST00059" HPOS="744" VPOS="399" WIDTH="93" HEIGHT="31" CONTENT="царю," WC="0.73" CC="13034"/>
						<SP ID="P317_SP00050" HPOS="837" VPOS="432" WIDTH="34"/>
						<String ID="P317_ST00060" HPOS="871" VPOS="399" WIDTH="57" HEIGHT="22" CONTENT="иди" WC="0.33" CC="585"/>
						<SP ID="P317_SP00051" HPOS="928" VPOS="432" WIDTH="25"/>
						<String ID="P317_ST00061" HPOS="953" VPOS="399" WIDTH="127" HEIGHT="32" CONTENT="уходить" WC="0.84" CC="0040501"/>
						<SP ID="P317_SP00052" HPOS="1080" VPOS="432" WIDTH="24"/>
						<String ID="P317_ST00062" HPOS="1104" VPOS="399" WIDTH="38" HEIGHT="23" CONTENT="къ" WC="0.66" CC="06"/>
					</TextLine>
					<TextLine ID="P317_TL00009" HPOS="71" VPOS="434" WIDTH="1070" HEIGHT="42">
						<String ID="P317_ST00063" HPOS="71" VPOS="444" WIDTH="180" HEIGHT="32" CONTENT="черкесамъ," WC="0.65" CC="9200263604"/>
						<SP ID="P317_SP00053" HPOS="251" VPOS="476" WIDTH="37"/>
						<String ID="P317_ST00064" HPOS="288" VPOS="444" WIDTH="160" HEIGHT="32" CONTENT="покинувъ" WC="0.72" CC="26057000"/>
						<SP ID="P317_SP00054" HPOS="448" VPOS="476" WIDTH="35"/>
						<String ID="P317_ST00065" HPOS="483" VPOS="444" WIDTH="116" HEIGHT="31" CONTENT="родныя" WC="0.47" CC="950573"/>
						<SP ID="P317_SP00055" HPOS="599" VPOS="476" WIDTH="35"/>
						<String ID="P317_ST00066" HPOS="634" VPOS="444" WIDTH="87" HEIGHT="32" CONTENT="горы." WC="0.77" CC="06050"/>
						<SP ID="P317_SP00056" HPOS="721" VPOS="476" WIDTH="39"/>
						<String ID="P317_ST00067" HPOS="760" VPOS="434" WIDTH="43" HEIGHT="32" CONTENT="На" WC="0.29" CC="67"/>
						<SP ID="P317_SP00057" HPOS="803" VPOS="476" WIDTH="23"/>
						<String ID="P317_ST00068" HPOS="826" VPOS="437" WIDTH="123" HEIGHT="36" CONTENT="общемъ" WC="0.60" CC="270353"/>
						<SP ID="P317_SP00058" HPOS="949" VPOS="476" WIDTH="25"/>
						<String ID="P317_ST00069" HPOS="974" VPOS="437" WIDTH="167" HEIGHT="36" CONTENT="совВщати" WC="0.63" CC="02270078"/>
					</TextLine>
					<TextLine ID="P317_TL00010" HPOS="71" VPOS="479" WIDTH="1070" HEIGHT="42">
						<String ID="P317_ST00070" HPOS="71" VPOS="481" WIDTH="122" HEIGHT="36" CONTENT="соседей" WC="0.61" CC="8448000"/>
						<SP ID="P317_SP00059" HPOS="193" VPOS="517" WIDTH="26"/>
						<String ID="P317_ST00071" HPOS="219" VPOS="482" WIDTH="123" HEIGHT="37" CONTENT="решено" WC="0.53" CC="075264"/>
						<SP ID="P317_SP00060" HPOS="342" VPOS="519" WIDTH="25"/>
						<String ID="P317_ST00072" HPOS="367" VPOS="482" WIDTH="79" HEIGHT="29" CONTENT="было" WC="0.48" CC="5364"/>
						<SP ID="P317_SP00061" HPOS="446" VPOS="519" WIDTH="26"/>
						<String ID="P317_ST00073" HPOS="472" VPOS="481" WIDTH="177" HEIGHT="36" CONTENT="освободить" WC="0.71" CC="6044110602"/>
						<SP ID="P317_SP00062" HPOS="649" VPOS="519" WIDTH="26"/>
						<String ID="P317_ST00074" HPOS="675" VPOS="480" WIDTH="151" HEIGHT="41" CONTENT="Большую" WC="0.84" CC="0360000"/>
						<SP ID="P317_SP00063" HPOS="826" VPOS="521" WIDTH="35"/>
						<String ID="P317_ST00075" HPOS="861" VPOS="479" WIDTH="134" HEIGHT="42" CONTENT="Кабарду" WC="0.91" CC="0060000"/>
						<SP ID="P317_SP00064" HPOS="995" VPOS="521" WIDTH="35"/>
						<String ID="P317_ST00076" HPOS="1030" VPOS="489" WIDTH="17" HEIGHT="21" CONTENT="и" WC="0.39" CC="6"/>
						<SP ID="P317_SP00065" HPOS="1047" VPOS="521" WIDTH="33"/>
						<String ID="P317_ST00077" HPOS="1080" VPOS="488" WIDTH="61" HEIGHT="31" CONTENT="раз" SUBS_TYPE="HypPart1" SUBS_CONTENT="разгромить" WC="0.66" CC="9030"/>
						<HYP CONTENT="-"/>
					</TextLine>
					<TextLine ID="P317_TL00011" HPOS="73" VPOS="524" WIDTH="1068" HEIGHT="42">
						<String ID="P317_ST00078" HPOS="73" VPOS="534" WIDTH="123" HEIGHT="32" CONTENT="громить" SUBS_TYPE="HypPart2" SUBS_CONTENT="разгромить" WC="0.72" CC="5045300"/>
						<SP ID="P317_SP00066" HPOS="196" VPOS="566" WIDTH="26"/>
						<String ID="P317_ST00079" HPOS="222" VPOS="524" WIDTH="111" HEIGHT="32" CONTENT="Линш." WC="0.77" CC="04600"/>
						<SP ID="P317_SP00067" HPOS="333" VPOS="566" WIDTH="27"/>
						<String ID="P317_ST00080" HPOS="360" VPOS="524" WIDTH="153" HEIGHT="32" CONTENT="Началось" WC="0.77" CC="70500500"/>
						<SP ID="P317_SP00068" HPOS="513" VPOS="566" WIDTH="21"/>
						<String ID="P317_ST00081" HPOS="534" VPOS="527" WIDTH="73" HEIGHT="35" CONTENT="д*ло" WC="0.61" CC="0463"/>
						<SP ID="P317_SP00069" HPOS="607" VPOS="566" WIDTH="26"/>
						<String ID="P317_ST00082" HPOS="633" VPOS="534" WIDTH="181" HEIGHT="31" CONTENT="схватками," WC="0.73" CC="2050060334"/>
						<SP ID="P317_SP00070" HPOS="814" VPOS="566" WIDTH="30"/>
						<String ID="P317_ST00083" HPOS="844" VPOS="534" WIDTH="161" HEIGHT="22" CONTENT="кончилось" WC="0.80" CC="034007001"/>
						<SP ID="P317_SP00071" HPOS="1005" VPOS="566" WIDTH="32"/>
						<String ID="P317_ST00084" HPOS="1037" VPOS="525" WIDTH="104" HEIGHT="30" CONTENT="боями." WC="0.67" CC="053063"/>
					</TextLine>
					<TextLine ID="P317_TL00012" HPOS="138" VPOS="569" WIDTH="1006" HEIGHT="41">
						<String ID="P317_ST00085" HPOS="138" VPOS="570" WIDTH="43" HEIGHT="31" CONTENT="Въ" WC="0.45" CC="73"/>
						<SP ID="P317_SP00072" HPOS="181" VPOS="601" WIDTH="24"/>
						<String ID="P317_ST00086" HPOS="205" VPOS="579" WIDTH="130" HEIGHT="22" CONTENT="полночь" WC="0.49" CC="6275552"/>
						<SP ID="P317_SP00073" HPOS="335" VPOS="601" WIDTH="25"/>
						<String ID="P317_ST00087" HPOS="360" VPOS="579" WIDTH="38" HEIGHT="22" CONTENT="на" WC="0.69" CC="60"/>
						<SP ID="P317_SP00074" HPOS="398" VPOS="601" WIDTH="25"/>
						<String ID="P317_ST00088" HPOS="423" VPOS="569" WIDTH="126" HEIGHT="40" CONTENT="Вербное" WC="0.54" CC="6095620"/>
						<SP ID="P317_SP00075" HPOS="549" VPOS="609" WIDTH="24"/>
						<String ID="P317_ST00089" HPOS="573" VPOS="570" WIDTH="187" HEIGHT="40" CONTENT="Воскресеше" WC="0.58" CC="6606607080"/>
						<SP ID="P317_SP00076" HPOS="760" VPOS="610" WIDTH="25"/>
						<String ID="P317_ST00090" HPOS="785" VPOS="579" WIDTH="102" HEIGHT="30" CONTENT="пария" WC="0.62" CC="50084"/>
						<SP ID="P317_SP00077" HPOS="887" VPOS="610" WIDTH="34"/>
						<String ID="P317_ST00091" HPOS="921" VPOS="579" WIDTH="38" HEIGHT="21" CONTENT="въ" WC="0.71" CC="50"/>
						<SP ID="P317_SP00078" HPOS="959" VPOS="610" WIDTH="39"/>
						<String ID="P317_ST00092" HPOS="998" VPOS="569" WIDTH="39" HEIGHT="31" CONTENT="50" WC="1.00" CC="00"/>
						<SP ID="P317_SP00079" HPOS="1037" VPOS="610" WIDTH="27"/>
						<String ID="P317_ST00093" HPOS="1064" VPOS="577" WIDTH="80" HEIGHT="22" CONTENT="чело" SUBS_TYPE="HypPart1" SUBS_CONTENT="челов*къ" WC="0.35" CC="99650"/>
						<HYP CONTENT="-"/>
					</TextLine>
					<TextLine ID="P317_TL00013" HPOS="73" VPOS="613" WIDTH="1070" HEIGHT="43">
						<String ID="P317_ST00094" HPOS="73" VPOS="619" WIDTH="79" HEIGHT="29" CONTENT="в*къ" SUBS_TYPE="HypPart2" SUBS_CONTENT="челов*къ" WC="0.88" CC="0400"/>
						<SP ID="P317_SP00080" HPOS="152" VPOS="648" WIDTH="24"/>
						<String ID="P317_ST00095" HPOS="176" VPOS="624" WIDTH="169" HEIGHT="23" CONTENT="появилась" WC="0.55" CC="577256060"/>
						<SP ID="P317_SP00081" HPOS="345" VPOS="648" WIDTH="24"/>
						<String ID="P317_ST00096" HPOS="369" VPOS="624" WIDTH="58" HEIGHT="22" CONTENT="изъ" WC="0.45" CC="853"/>
						<String ID="P317_ST00097" HPOS="432" VPOS="624" WIDTH="46" HEIGHT="22" CONTENT="-за" WC="1.00" CC="000"/>
						<SP ID="P317_SP00082" HPOS="478" VPOS="648" WIDTH="24"/>
						<String ID="P317_ST00098" HPOS="502" VPOS="615" WIDTH="120" HEIGHT="41" CONTENT="Кубани" WC="0.60" CC="004675"/>
						<SP ID="P317_SP00083" HPOS="622" VPOS="656" WIDTH="27"/>
						<String ID="P317_ST00099" HPOS="649" VPOS="625" WIDTH="18" HEIGHT="21" CONTENT="и" WC="0.53" CC="4"/>
						<SP ID="P317_SP00084" HPOS="667" VPOS="656" WIDTH="26"/>
						<String ID="P317_ST00100" HPOS="693" VPOS="624" WIDTH="114" HEIGHT="23" CONTENT="напала" WC="0.57" CC="605067"/>
						<SP ID="P317_SP00085" HPOS="807" VPOS="656" WIDTH="23"/>
						<String ID="P317_ST00101" HPOS="830" VPOS="624" WIDTH="37" HEIGHT="22" CONTENT="на" WC="0.65" CC="60"/>
						<SP ID="P317_SP00086" HPOS="867" VPOS="656" WIDTH="23"/>
						<String ID="P317_ST00102" HPOS="890" VPOS="623" WIDTH="112" HEIGHT="31" CONTENT="хутора" WC="0.83" CC="000306"/>
						<SP ID="P317_SP00087" HPOS="1002" VPOS="656" WIDTH="23"/>
						<String ID="P317_ST00103" HPOS="1025" VPOS="613" WIDTH="118" HEIGHT="31" CONTENT="Темиж" SUBS_TYPE="HypPart1" SUBS_CONTENT="Темижбекской" WC="0.79" CC="002504"/>
						<HYP CONTENT="-"/>
					</TextLine>
					<TextLine ID="P317_TL00014" HPOS="75" VPOS="659" WIDTH="1069" HEIGHT="41">
						<String ID="P317_ST00104" HPOS="75" VPOS="660" WIDTH="123" HEIGHT="34" CONTENT="бекской" SUBS_TYPE="HypPart2" SUBS_CONTENT="Темижбекской" WC="0.47" CC="9094560"/>
						<SP ID="P317_SP00088" HPOS="198" VPOS="694" WIDTH="37"/>
						<String ID="P317_ST00105" HPOS="235" VPOS="670" WIDTH="153" HEIGHT="28" CONTENT="станицы." WC="0.76" CC="40036040"/>
						<SP ID="P317_SP00089" HPOS="388" VPOS="698" WIDTH="37"/>
						<String ID="P317_ST00106" HPOS="425" VPOS="659" WIDTH="137" HEIGHT="41" CONTENT="Сторожа" WC="0.77" CC="7050200"/>
						<SP ID="P317_SP00090" HPOS="562" VPOS="700" WIDTH="36"/>
						<String ID="P317_ST00107" HPOS="598" VPOS="663" WIDTH="118" HEIGHT="37" CONTENT="усп*ли" WC="0.64" CC="030466"/>
						<SP ID="P317_SP00091" HPOS="716" VPOS="700" WIDTH="25"/>
						<String ID="P317_ST00108" HPOS="741" VPOS="669" WIDTH="128" HEIGHT="31" CONTENT="ударить" WC="0.93" CC="0000500"/>
						<SP ID="P317_SP00092" HPOS="869" VPOS="700" WIDTH="31"/>
						<String ID="P317_ST00109" HPOS="900" VPOS="666" WIDTH="38" HEIGHT="24" CONTENT="въ" WC="0.40" CC="56"/>
						<SP ID="P317_SP00093" HPOS="938" VPOS="700" WIDTH="25"/>
						<String ID="P317_ST00110" HPOS="963" VPOS="659" WIDTH="123" HEIGHT="39" CONTENT="набатъ," WC="0.82" CC="6010004"/>
						<SP ID="P317_SP00094" HPOS="1086" VPOS="700" WIDTH="25"/>
						<String ID="P317_ST00111" HPOS="1111" VPOS="666" WIDTH="33" HEIGHT="22" CONTENT="но" WC="0.19" CC="69"/>
					</TextLine>
				</TextBlock>
				<TextBlock ID="P317_TB00003" HPOS="76" VPOS="704" WIDTH="1083" HEIGHT="1301" STYLEREFS="TXT_1 PAR_LEFT">
					<TextLine ID="P317_TL00015" HPOS="76" VPOS="704" WIDTH="1069" HEIGHT="43">
						<String ID="P317_ST00112" HPOS="76" VPOS="715" WIDTH="104" HEIGHT="32" CONTENT="горцы," WC="0.69" CC="050344"/>
						<SP ID="P317_SP00095" HPOS="180" VPOS="747" WIDTH="27"/>
						<String ID="P317_ST00113" HPOS="207" VPOS="706" WIDTH="194" HEIGHT="39" CONTENT="бросившись" WC="0.69" CC="2024165503"/>
						<SP ID="P317_SP00096" HPOS="401" VPOS="747" WIDTH="23"/>
						<String ID="P317_ST00114" HPOS="424" VPOS="714" WIDTH="37" HEIGHT="22" CONTENT="по" WC="0.48" CC="63"/>
						<SP ID="P317_SP00097" HPOS="461" VPOS="747" WIDTH="25"/>
						<String ID="P317_ST00115" HPOS="486" VPOS="706" WIDTH="126" HEIGHT="38" CONTENT="избамъ," WC="0.67" CC="5500704"/>
						<SP ID="P317_SP00098" HPOS="612" VPOS="747" WIDTH="26"/>
						<String ID="P317_ST00116" HPOS="638" VPOS="707" WIDTH="156" HEIGHT="38" CONTENT="выр*зади" WC="0.61" CC="03047076"/>
						<SP ID="P317_SP00099" HPOS="794" VPOS="747" WIDTH="19"/>
						<String ID="P317_ST00117" HPOS="813" VPOS="707" WIDTH="163" HEIGHT="28" CONTENT="несколько" WC="0.62" CC="084486002"/>
						<SP ID="P317_SP00100" HPOS="976" VPOS="747" WIDTH="14"/>
						<String ID="P317_ST00118" HPOS="990" VPOS="704" WIDTH="155" HEIGHT="36" CONTENT="челов'Вкъ," WC="0.53" CC="8064047364"/>
					</TextLine>
					<TextLine ID="P317_TL00016" HPOS="76" VPOS="747" WIDTH="1071" HEIGHT="45">
						<String ID="P317_ST00119" HPOS="76" VPOS="761" WIDTH="17" HEIGHT="21" CONTENT="а" WC="0.21" CC="7"/>
						<SP ID="P317_SP00101" HPOS="93" VPOS="782" WIDTH="26"/>
						<String ID="P317_ST00120" HPOS="119" VPOS="752" WIDTH="38" HEIGHT="31" CONTENT="19" WC="0.70" CC="23"/>
						<SP ID="P317_SP00102" HPOS="157" VPOS="783" WIDTH="25"/>
						<String ID="P317_ST00121" HPOS="182" VPOS="759" WIDTH="134" HEIGHT="33" CONTENT="увлекли" WC="0.59" CC="0550465"/>
						<SP ID="P317_SP00103" HPOS="316" VPOS="792" WIDTH="35"/>
						<String ID="P317_ST00122" HPOS="351" VPOS="759" WIDTH="39" HEIGHT="22" CONTENT="въ" WC="0.94" CC="01"/>
						<SP ID="P317_SP00104" HPOS="390" VPOS="792" WIDTH="38"/>
						<String ID="P317_ST00123" HPOS="428" VPOS="759" WIDTH="132" HEIGHT="31" CONTENT="полонъ;" WC="0.57" CC="0656604"/>
						<SP ID="P317_SP00105" HPOS="560" VPOS="792" WIDTH="25"/>
						<String ID="P317_ST00124" HPOS="585" VPOS="759" WIDTH="112" HEIGHT="32" CONTENT="хутора" WC="0.88" CC="000700"/>
						<SP ID="P317_SP00106" HPOS="697" VPOS="792" WIDTH="29"/>
						<String ID="P317_ST00125" HPOS="726" VPOS="750" WIDTH="80" HEIGHT="31" CONTENT="были" WC="0.56" CC="0566"/>
						<SP ID="P317_SP00107" HPOS="806" VPOS="792" WIDTH="24"/>
						<String ID="P317_ST00126" HPOS="830" VPOS="757" WIDTH="170" HEIGHT="22" CONTENT="выжжены." WC="0.45" CC="06982554"/>
						<SP ID="P317_SP00108" HPOS="1000" VPOS="792" WIDTH="26"/>
						<String ID="P317_ST00127" HPOS="1026" VPOS="747" WIDTH="121" HEIGHT="30" CONTENT="Раньше" WC="0.64" CC="706340"/>
					</TextLine>
					<TextLine ID="P317_TL00017" HPOS="77" VPOS="792" WIDTH="1070" HEIGHT="45">
						<String ID="P317_ST00128" HPOS="77" VPOS="805" WIDTH="130" HEIGHT="32" CONTENT="другихъ" WC="0.79" CC="0006501"/>
						<SP ID="P317_SP00109" HPOS="207" VPOS="837" WIDTH="25"/>
						<String ID="P317_ST00129" HPOS="232" VPOS="804" WIDTH="117" HEIGHT="23" CONTENT="напали" WC="0.72" CC="301064"/>
						<SP ID="P317_SP00110" HPOS="349" VPOS="837" WIDTH="25"/>
						<String ID="P317_ST00130" HPOS="374" VPOS="804" WIDTH="38" HEIGHT="22" CONTENT="на" WC="0.64" CC="70"/>
						<SP ID="P317_SP00111" HPOS="412" VPOS="837" WIDTH="24"/>
						<String ID="P317_ST00131" HPOS="436" VPOS="797" WIDTH="97" HEIGHT="34" CONTENT="сл*дъ" WC="0.71" CC="25402"/>
						<SP ID="P317_SP00112" HPOS="533" VPOS="837" WIDTH="23"/>
						<String ID="P317_ST00132" HPOS="556" VPOS="803" WIDTH="187" HEIGHT="28" CONTENT="хищниковъ" WC="0.56" CC="940750650"/>
						<SP ID="P317_SP00113" HPOS="743" VPOS="837" WIDTH="30"/>
						<String ID="P317_ST00133" HPOS="773" VPOS="803" WIDTH="153" HEIGHT="31" CONTENT="урядникъ" WC="0.71" CC="00216380"/>
						<SP ID="P317_SP00114" HPOS="926" VPOS="837" WIDTH="25"/>
						<String ID="P317_ST00134" HPOS="951" VPOS="792" WIDTH="196" HEIGHT="31" CONTENT="Кавказскаго" WC="0.57" CC="00590640577"/>
					</TextLine>
					<TextLine ID="P317_TL00018" HPOS="78" VPOS="836" WIDTH="1068" HEIGHT="44">
						<String ID="P317_ST00135" HPOS="78" VPOS="851" WIDTH="90" HEIGHT="22" CONTENT="полка" WC="0.57" CC="42707"/>
						<SP ID="P317_SP00115" HPOS="168" VPOS="873" WIDTH="34"/>
						<String ID="P317_ST00136" HPOS="202" VPOS="840" WIDTH="174" HEIGHT="40" CONTENT="Каширпнъ" WC="0.52" CC="00569663"/>
						<SP ID="P317_SP00116" HPOS="376" VPOS="880" WIDTH="29"/>
						<String ID="P317_ST00137" HPOS="405" VPOS="849" WIDTH="37" HEIGHT="22" CONTENT="съ" WC="0.52" CC="63"/>
						<SP ID="P317_SP00117" HPOS="442" VPOS="880" WIDTH="25"/>
						<String ID="P317_ST00138" HPOS="467" VPOS="841" WIDTH="146" HEIGHT="30" CONTENT="постовой" WC="0.59" CC="43009652"/>
						<SP ID="P317_SP00118" HPOS="613" VPOS="880" WIDTH="25"/>
						<String ID="P317_ST00139" HPOS="638" VPOS="840" WIDTH="147" HEIGHT="35" CONTENT="командой" WC="0.70" CC="04407043"/>
						<SP ID="P317_SP00119" HPOS="785" VPOS="880" WIDTH="26"/>
						<String ID="P317_ST00140" HPOS="811" VPOS="848" WIDTH="18" HEIGHT="21" CONTENT="и" WC="0.42" CC="5"/>
						<SP ID="P317_SP00120" HPOS="829" VPOS="880" WIDTH="25"/>
						<String ID="P317_ST00141" HPOS="854" VPOS="846" WIDTH="154" HEIGHT="32" CONTENT="урядникъ" WC="0.71" CC="00606603"/>
						<SP ID="P317_SP00121" HPOS="1008" VPOS="880" WIDTH="23"/>
						<String ID="P317_ST00142" HPOS="1031" VPOS="836" WIDTH="115" HEIGHT="39" CONTENT="Кубан" SUBS_TYPE="HypPart1" SUBS_CONTENT="Кубанскаго" WC="0.63" CC="906050"/>
						<HYP CONTENT="-"/>
					</TextLine>
					<TextLine ID="P317_TL00019" HPOS="79" VPOS="880" WIDTH="1067" HEIGHT="45">
						<String ID="P317_ST00143" HPOS="79" VPOS="896" WIDTH="82" HEIGHT="23" CONTENT="скаго" SUBS_TYPE="HypPart2" SUBS_CONTENT="Кубанскаго" WC="0.47" CC="40964"/>
						<SP ID="P317_SP00122" HPOS="161" VPOS="919" WIDTH="24"/>
						<String ID="P317_ST00144" HPOS="185" VPOS="895" WIDTH="96" HEIGHT="22" CONTENT="полка" WC="0.46" CC="55690"/>
						<SP ID="P317_SP00123" HPOS="281" VPOS="919" WIDTH="23"/>
						<String ID="P317_ST00145" HPOS="304" VPOS="886" WIDTH="178" HEIGHT="39" CONTENT="Авериновъ" WC="0.66" CC="060056650"/>
						<SP ID="P317_SP00124" HPOS="482" VPOS="925" WIDTH="25"/>
						<String ID="P317_ST00146" HPOS="507" VPOS="894" WIDTH="32" HEIGHT="22" CONTENT="со" WC="0.68" CC="06"/>
						<SP ID="P317_SP00125" HPOS="539" VPOS="925" WIDTH="26"/>
						<String ID="P317_ST00147" HPOS="565" VPOS="893" WIDTH="204" HEIGHT="23" CONTENT="станичнымъ" WC="0.63" CC="2006656710"/>
						<SP ID="P317_SP00126" HPOS="769" VPOS="925" WIDTH="24"/>
						<String ID="P317_ST00148" HPOS="793" VPOS="891" WIDTH="171" HEIGHT="32" CONTENT="резервомъ." WC="0.72" CC="0035045800"/>
						<SP ID="P317_SP00127" HPOS="964" VPOS="925" WIDTH="22"/>
						<String ID="P317_ST00149" HPOS="986" VPOS="880" WIDTH="160" HEIGHT="37" CONTENT="Соединив" SUBS_TYPE="HypPart1" SUBS_CONTENT="Соединившись," WC="0.50" CC="640386563"/>
						<HYP CONTENT="-"/>
					</TextLine>
					<TextLine ID="P317_TL00020" HPOS="79" VPOS="924" WIDTH="1067" HEIGHT="47">
						<String ID="P317_ST00150" HPOS="79" VPOS="941" WIDTH="90" HEIGHT="29" CONTENT="шись," SUBS_TYPE="HypPart2" SUBS_CONTENT="Соединившись," WC="0.61" CC="63133"/>
						<SP ID="P317_SP00128" HPOS="169" VPOS="970" WIDTH="27"/>
						<String ID="P317_ST00151" HPOS="196" VPOS="941" WIDTH="55" HEIGHT="22" CONTENT="они" WC="0.44" CC="465"/>
						<SP ID="P317_SP00129" HPOS="251" VPOS="970" WIDTH="25"/>
						<String ID="P317_ST00152" HPOS="276" VPOS="932" WIDTH="97" HEIGHT="30" CONTENT="см*ло" WC="0.59" CC="02476"/>
						<SP ID="P317_SP00130" HPOS="373" VPOS="970" WIDTH="26"/>
						<String ID="P317_ST00153" HPOS="399" VPOS="939" WIDTH="172" HEIGHT="32" CONTENT="пустились" WC="0.70" CC="501066401"/>
						<SP ID="P317_SP00131" HPOS="571" VPOS="971" WIDTH="24"/>
						<String ID="P317_ST00154" HPOS="595" VPOS="938" WIDTH="34" HEIGHT="22" CONTENT="за" WC="1.00" CC="00"/>
						<SP ID="P317_SP00132" HPOS="629" VPOS="971" WIDTH="16"/>
						<String ID="P317_ST00155" HPOS="645" VPOS="929" WIDTH="136" HEIGHT="40" CONTENT="Кубань;" WC="0.84" CC="0000604"/>
						<SP ID="P317_SP00133" HPOS="781" VPOS="971" WIDTH="25"/>
						<String ID="P317_ST00156" HPOS="806" VPOS="935" WIDTH="106" HEIGHT="31" CONTENT="маюръ" WC="0.49" CC="50891"/>
						<SP ID="P317_SP00134" HPOS="912" VPOS="971" WIDTH="18"/>
						<String ID="P317_ST00157" HPOS="930" VPOS="924" WIDTH="216" HEIGHT="41" CONTENT="ПирятинскШ," WC="0.58" CC="67010763904"/>
					</TextLine>
					<TextLine ID="P317_TL00021" HPOS="80" VPOS="971" WIDTH="1069" HEIGHT="43">
						<String ID="P317_ST00158" HPOS="80" VPOS="977" WIDTH="117" HEIGHT="31" CONTENT="бывшШ" WC="0.41" CC="65609"/>
						<SP ID="P317_SP00135" HPOS="197" VPOS="1008" WIDTH="37"/>
						<String ID="P317_ST00159" HPOS="234" VPOS="985" WIDTH="87" HEIGHT="29" CONTENT="тогда" WC="0.88" CC="01040"/>
						<SP ID="P317_SP00136" HPOS="321" VPOS="1014" WIDTH="35"/>
						<String ID="P317_ST00160" HPOS="356" VPOS="985" WIDTH="33" HEIGHT="22" CONTENT="за" WC="1.00" CC="00"/>
						<SP ID="P317_SP00137" HPOS="389" VPOS="1014" WIDTH="36"/>
						<String ID="P317_ST00161" HPOS="425" VPOS="983" WIDTH="152" HEIGHT="31" CONTENT="старшаго" WC="0.87" CC="60000030"/>
						<SP ID="P317_SP00138" HPOS="577" VPOS="1014" WIDTH="36"/>
						<String ID="P317_ST00162" HPOS="613" VPOS="983" WIDTH="38" HEIGHT="21" CONTENT="въ" WC="0.78" CC="40"/>
						<SP ID="P317_SP00139" HPOS="651" VPOS="1014" WIDTH="37"/>
						<String ID="P317_ST00163" HPOS="688" VPOS="973" WIDTH="187" HEIGHT="31" CONTENT="Кавказской" WC="0.55" CC="0069026855"/>
						<SP ID="P317_SP00140" HPOS="875" VPOS="1014" WIDTH="35"/>
						<String ID="P317_ST00164" HPOS="910" VPOS="971" WIDTH="148" HEIGHT="38" CONTENT="станиц*," WC="0.58" CC="13076443"/>
						<SP ID="P317_SP00141" HPOS="1058" VPOS="1014" WIDTH="24"/>
						<String ID="P317_ST00165" HPOS="1082" VPOS="978" WIDTH="67" HEIGHT="27" CONTENT="едва" WC="1.00" CC="0000"/>
					</TextLine>
					<TextLine ID="P317_TL00022" HPOS="80" VPOS="1018" WIDTH="1070" HEIGHT="43">
						<String ID="P317_ST00166" HPOS="80" VPOS="1031" WIDTH="71" HEIGHT="23" CONTENT="могъ" WC="0.65" CC="8400"/>
						<SP ID="P317_SP00142" HPOS="151" VPOS="1054" WIDTH="24"/>
						<String ID="P317_ST00167" HPOS="175" VPOS="1022" WIDTH="124" HEIGHT="39" CONTENT="собрать" WC="0.82" CC="0660000"/>
						<SP ID="P317_SP00143" HPOS="299" VPOS="1061" WIDTH="27"/>
						<String ID="P317_ST00168" HPOS="326" VPOS="1020" WIDTH="41" HEIGHT="31" CONTENT="40" WC="0.83" CC="03"/>
						<SP ID="P317_SP00144" HPOS="367" VPOS="1061" WIDTH="27"/>
						<String ID="P317_ST00169" HPOS="394" VPOS="1020" WIDTH="184" HEIGHT="37" CONTENT="линейцевъ." WC="0.66" CC="5450450044"/>
						<SP ID="P317_SP00145" HPOS="578" VPOS="1061" WIDTH="29"/>
						<String ID="P317_ST00170" HPOS="607" VPOS="1018" WIDTH="64" HEIGHT="31" CONTENT="Онъ" WC="0.58" CC="650"/>
						<SP ID="P317_SP00146" HPOS="671" VPOS="1061" WIDTH="25"/>
						<String ID="P317_ST00171" HPOS="696" VPOS="1018" WIDTH="141" HEIGHT="39" CONTENT="бросился" WC="0.73" CC="00514710"/>
						<SP ID="P317_SP00147" HPOS="837" VPOS="1061" WIDTH="25"/>
						<String ID="P317_ST00172" HPOS="862" VPOS="1024" WIDTH="36" HEIGHT="23" CONTENT="съ" WC="0.65" CC="24"/>
						<SP ID="P317_SP00148" HPOS="898" VPOS="1061" WIDTH="24"/>
						<String ID="P317_ST00173" HPOS="922" VPOS="1024" WIDTH="80" HEIGHT="22" CONTENT="ними" WC="0.35" CC="6594"/>
						<SP ID="P317_SP00149" HPOS="1002" VPOS="1061" WIDTH="20"/>
						<String ID="P317_ST00174" HPOS="1022" VPOS="1022" WIDTH="128" HEIGHT="23" CONTENT="сначала" WC="0.61" CC="2406076"/>
					</TextLine>
					<TextLine ID="P317_TL00023" HPOS="80" VPOS="1061" WIDTH="1069" HEIGHT="46">
						<String ID="P317_ST00175" HPOS="80" VPOS="1076" WIDTH="35" HEIGHT="22" CONTENT="на" WC="0.60" CC="80"/>
						<SP ID="P317_SP00150" HPOS="115" VPOS="1098" WIDTH="24"/>
						<String ID="P317_ST00176" HPOS="139" VPOS="1075" WIDTH="131" HEIGHT="32" CONTENT="хутора;" WC="0.84" CC="0006004"/>
						<SP ID="P317_SP00151" HPOS="270" VPOS="1107" WIDTH="26"/>
						<String ID="P317_ST00177" HPOS="296" VPOS="1075" WIDTH="81" HEIGHT="22" CONTENT="тамъ" WC="0.92" CC="0020"/>
						<SP ID="P317_SP00152" HPOS="377" VPOS="1107" WIDTH="25"/>
						<String ID="P317_ST00178" HPOS="402" VPOS="1073" WIDTH="70" HEIGHT="33" CONTENT="ужъ" WC="0.87" CC="003"/>
						<SP ID="P317_SP00153" HPOS="472" VPOS="1107" WIDTH="23"/>
						<String ID="P317_ST00179" HPOS="495" VPOS="1073" WIDTH="52" HEIGHT="22" CONTENT="все" WC="0.80" CC="112"/>
						<SP ID="P317_SP00154" HPOS="547" VPOS="1107" WIDTH="25"/>
						<String ID="P317_ST00180" HPOS="572" VPOS="1065" WIDTH="78" HEIGHT="30" CONTENT="было" WC="0.65" CC="0354"/>
						<SP ID="P317_SP00155" HPOS="650" VPOS="1107" WIDTH="27"/>
						<String ID="P317_ST00181" HPOS="677" VPOS="1071" WIDTH="137" HEIGHT="23" CONTENT="кончено." WC="0.59" CC="66560700"/>
						<SP ID="P317_SP00156" HPOS="814" VPOS="1107" WIDTH="35"/>
						<String ID="P317_ST00182" HPOS="849" VPOS="1061" WIDTH="88" HEIGHT="35" CONTENT="Тогда" WC="0.85" CC="07000"/>
						<SP ID="P317_SP00157" HPOS="937" VPOS="1107" WIDTH="33"/>
						<String ID="P317_ST00183" HPOS="970" VPOS="1068" WIDTH="55" HEIGHT="22" CONTENT="онъ" WC="0.76" CC="070"/>
						<SP ID="P317_SP00158" HPOS="1025" VPOS="1107" WIDTH="23"/>
						<String ID="P317_ST00184" HPOS="1048" VPOS="1066" WIDTH="101" HEIGHT="30" CONTENT="повер" SUBS_TYPE="HypPart1" SUBS_CONTENT="повернулъ" WC="0.55" CC="563091"/>
						<HYP CONTENT="-"/>
					</TextLine>
					<TextLine ID="P317_TL00024" HPOS="83" VPOS="1108" WIDTH="1067" HEIGHT="45">
						<String ID="P317_ST00185" HPOS="83" VPOS="1121" WIDTH="76" HEIGHT="32" CONTENT="нулъ" SUBS_TYPE="HypPart2" SUBS_CONTENT="повернулъ" WC="0.82" CC="7000"/>
						<SP ID="P317_SP00159" HPOS="159" VPOS="1153" WIDTH="24"/>
						<String ID="P317_ST00186" HPOS="183" VPOS="1120" WIDTH="121" HEIGHT="31" CONTENT="назадъ," WC="0.71" CC="7050024"/>
						<SP ID="P317_SP00160" HPOS="304" VPOS="1153" WIDTH="25"/>
						<String ID="P317_ST00187" HPOS="329" VPOS="1120" WIDTH="39" HEIGHT="22" CONTENT="на" WC="0.63" CC="70"/>
						<SP ID="P317_SP00161" HPOS="368" VPOS="1153" WIDTH="24"/>
						<String ID="P317_ST00188" HPOS="392" VPOS="1109" WIDTH="133" HEIGHT="42" CONTENT="Кубань." WC="0.74" CC="0060640"/>
						<SP ID="P317_SP00162" HPOS="525" VPOS="1153" WIDTH="27"/>
						<String ID="P317_ST00189" HPOS="552" VPOS="1108" WIDTH="96" HEIGHT="41" CONTENT="Тутъ," WC="0.91" CC="00004"/>
						<SP ID="P317_SP00163" HPOS="648" VPOS="1153" WIDTH="26"/>
						<String ID="P317_ST00190" HPOS="674" VPOS="1117" WIDTH="37" HEIGHT="22" CONTENT="съ" WC="0.79" CC="40"/>
						<SP ID="P317_SP00164" HPOS="711" VPOS="1153" WIDTH="16"/>
						<String ID="P317_ST00191" HPOS="727" VPOS="1115" WIDTH="146" HEIGHT="31" CONTENT="вершины" WC="0.73" CC="0005066"/>
						<SP ID="P317_SP00165" HPOS="873" VPOS="1153" WIDTH="17"/>
						<String ID="P317_ST00192" HPOS="890" VPOS="1112" WIDTH="143" HEIGHT="23" CONTENT="высокаго" WC="0.55" CC="26068406"/>
						<SP ID="P317_SP00166" HPOS="1033" VPOS="1153" WIDTH="13"/>
						<String ID="P317_ST00193" HPOS="1046" VPOS="1110" WIDTH="104" HEIGHT="30" CONTENT="холма," WC="0.72" CC="037050"/>
					</TextLine>
					<TextLine ID="P317_TL00025" HPOS="80" VPOS="1152" WIDTH="1071" HEIGHT="45">
						<String ID="P317_ST00194" HPOS="80" VPOS="1156" WIDTH="205" HEIGHT="41" CONTENT="ПирятинскШ" WC="0.64" CC="1400066249"/>
						<SP ID="P317_SP00167" HPOS="285" VPOS="1197" WIDTH="23"/>
						<String ID="P317_ST00195" HPOS="308" VPOS="1157" WIDTH="151" HEIGHT="39" CONTENT="увид*лъ," WC="0.89" CC="00404000"/>
						<SP ID="P317_SP00168" HPOS="459" VPOS="1197" WIDTH="38"/>
						<String ID="P317_ST00196" HPOS="497" VPOS="1162" WIDTH="77" HEIGHT="23" CONTENT="какъ" WC="0.48" CC="9803"/>
						<SP ID="P317_SP00169" HPOS="574" VPOS="1197" WIDTH="36"/>
						<String ID="P317_ST00197" HPOS="610" VPOS="1152" WIDTH="174" HEIGHT="32" CONTENT="небольшая" WC="0.55" CC="553370607"/>
						<SP ID="P317_SP00170" HPOS="784" VPOS="1197" WIDTH="25"/>
						<String ID="P317_ST00198" HPOS="809" VPOS="1158" WIDTH="100" HEIGHT="31" CONTENT="горсть" WC="0.92" CC="000102"/>
						<SP ID="P317_SP00171" HPOS="909" VPOS="1197" WIDTH="24"/>
						<String ID="P317_ST00199" HPOS="933" VPOS="1156" WIDTH="145" HEIGHT="23" CONTENT="ка.заковъ" WC="0.70" CC="004900650"/>
						<SP ID="P317_SP00172" HPOS="1078" VPOS="1197" WIDTH="24"/>
						<String ID="P317_ST00200" HPOS="1102" VPOS="1155" WIDTH="49" HEIGHT="22" CONTENT="не" SUBS_TYPE="HypPart1" SUBS_CONTENT="несется" WC="0.68" CC="540"/>
						<HYP CONTENT="-"/>
					</TextLine>
					<TextLine ID="P317_TL00026" HPOS="81" VPOS="1195" WIDTH="1071" HEIGHT="45">
						<String ID="P317_ST00201" HPOS="81" VPOS="1211" WIDTH="83" HEIGHT="23" CONTENT="сется" SUBS_TYPE="HypPart2" SUBS_CONTENT="несется" WC="0.70" CC="70205"/>
						<SP ID="P317_SP00173" HPOS="164" VPOS="1234" WIDTH="25"/>
						<String ID="P317_ST00202" HPOS="189" VPOS="1211" WIDTH="34" HEIGHT="22" CONTENT="во" WC="1.00" CC="00"/>
						<SP ID="P317_SP00174" HPOS="223" VPOS="1234" WIDTH="23"/>
						<String ID="P317_ST00203" HPOS="246" VPOS="1210" WIDTH="70" HEIGHT="22" CONTENT="весь" WC="0.70" CC="0046"/>
						<SP ID="P317_SP00175" HPOS="316" VPOS="1234" WIDTH="24"/>
						<String ID="P317_ST00204" HPOS="340" VPOS="1209" WIDTH="82" HEIGHT="31" CONTENT="духъ" WC="1.00" CC="0000"/>
						<SP ID="P317_SP00176" HPOS="422" VPOS="1240" WIDTH="24"/>
						<String ID="P317_ST00205" HPOS="446" VPOS="1208" WIDTH="33" HEIGHT="23" CONTENT="за" WC="0.68" CC="60"/>
						<SP ID="P317_SP00177" HPOS="479" VPOS="1240" WIDTH="23"/>
						<String ID="P317_ST00206" HPOS="502" VPOS="1198" WIDTH="121" HEIGHT="41" CONTENT="парней" WC="0.72" CC="600801"/>
						<SP ID="P317_SP00178" HPOS="623" VPOS="1240" WIDTH="26"/>
						<String ID="P317_ST00207" HPOS="649" VPOS="1205" WIDTH="133" HEIGHT="31" CONTENT="горцевъ," WC="0.86" CC="05000014"/>
						<SP ID="P317_SP00179" HPOS="782" VPOS="1240" WIDTH="26"/>
						<String ID="P317_ST00208" HPOS="808" VPOS="1204" WIDTH="35" HEIGHT="22" CONTENT="не" WC="0.45" CC="73"/>
						<SP ID="P317_SP00180" HPOS="843" VPOS="1240" WIDTH="23"/>
						<String ID="P317_ST00209" HPOS="866" VPOS="1195" WIDTH="131" HEIGHT="30" CONTENT="зам*чая" WC="0.76" CC="6004005"/>
						<SP ID="P317_SP00181" HPOS="997" VPOS="1240" WIDTH="17"/>
						<String ID="P317_ST00210" HPOS="1014" VPOS="1200" WIDTH="74" HEIGHT="29" CONTENT="того," WC="0.63" CC="06064"/>
						<SP ID="P317_SP00182" HPOS="1088" VPOS="1240" WIDTH="14"/>
						<String ID="P317_ST00211" HPOS="1102" VPOS="1199" WIDTH="50" HEIGHT="22" CONTENT="что" WC="1.00" CC="000"/>
					</TextLine>
					<TextLine ID="P317_TL00027" HPOS="81" VPOS="1240" WIDTH="1069" HEIGHT="48">
						<String ID="P317_ST00212" HPOS="81" VPOS="1256" WIDTH="38" HEIGHT="27" CONTENT="въ" WC="0.28" CC="67"/>
						<SP ID="P317_SP00183" HPOS="119" VPOS="1283" WIDTH="35"/>
						<String ID="P317_ST00213" HPOS="154" VPOS="1256" WIDTH="98" HEIGHT="32" CONTENT="двухъ" WC="0.90" CC="05000"/>
						<SP ID="P317_SP00184" HPOS="252" VPOS="1288" WIDTH="32"/>
						<String ID="P317_ST00214" HPOS="284" VPOS="1254" WIDTH="150" HEIGHT="32" CONTENT="верстахъ" WC="0.86" CC="00010090"/>
						<SP ID="P317_SP00185" HPOS="434" VPOS="1288" WIDTH="24"/>
						<String ID="P317_ST00215" HPOS="458" VPOS="1253" WIDTH="87" HEIGHT="28" CONTENT="сзади" WC="0.64" CC="14056"/>
						<SP ID="P317_SP00186" HPOS="545" VPOS="1288" WIDTH="25"/>
						<String ID="P317_ST00216" HPOS="570" VPOS="1251" WIDTH="55" HEIGHT="23" CONTENT="отъ" WC="0.80" CC="500"/>
						<SP ID="P317_SP00187" HPOS="625" VPOS="1288" WIDTH="23"/>
						<String ID="P317_ST00217" HPOS="648" VPOS="1250" WIDTH="54" HEIGHT="22" CONTENT="нея" WC="0.59" CC="704"/>
						<SP ID="P317_SP00188" HPOS="702" VPOS="1288" WIDTH="12"/>
						<String ID="P317_ST00218" HPOS="714" VPOS="1240" WIDTH="229" HEIGHT="41" CONTENT="приближается" WC="0.76" CC="303264001006"/>
						<SP ID="P317_SP00189" HPOS="943" VPOS="1288" WIDTH="16"/>
						<String ID="P317_ST00219" HPOS="959" VPOS="1245" WIDTH="108" HEIGHT="32" CONTENT="другая" WC="0.81" CC="000506"/>
						<SP ID="P317_SP00190" HPOS="1067" VPOS="1288" WIDTH="16"/>
						<String ID="P317_ST00220" HPOS="1083" VPOS="1244" WIDTH="67" HEIGHT="30" CONTENT="пар" SUBS_TYPE="HypPart1" SUBS_CONTENT="пария," WC="0.82" CC="6000"/>
						<HYP CONTENT="-"/>
					</TextLine>
					<TextLine ID="P317_TL00028" HPOS="82" VPOS="1278" WIDTH="1070" HEIGHT="55">
						<String ID="P317_ST00221" HPOS="82" VPOS="1301" WIDTH="57" HEIGHT="32" CONTENT="ия," SUBS_TYPE="HypPart2" SUBS_CONTENT="пария," WC="0.57" CC="803"/>
						<SP ID="P317_SP00191" HPOS="139" VPOS="1333" WIDTH="25"/>
						<String ID="P317_ST00222" HPOS="164" VPOS="1300" WIDTH="203" HEIGHT="32" CONTENT="несравненно" WC="0.61" CC="60400660656"/>
						<SP ID="P317_SP00192" HPOS="367" VPOS="1333" WIDTH="26"/>
						<String ID="P317_ST00223" HPOS="393" VPOS="1289" WIDTH="214" HEIGHT="33" CONTENT="еильн*йшая." WC="0.59" CC="75606435050"/>
						<SP ID="P317_SP00193" HPOS="607" VPOS="1333" WIDTH="28"/>
						<String ID="P317_ST00224" HPOS="635" VPOS="1286" WIDTH="64" HEIGHT="40" CONTENT="При" WC="0.66" CC="504"/>
						<SP ID="P317_SP00194" HPOS="699" VPOS="1333" WIDTH="37"/>
						<String ID="P317_ST00225" HPOS="736" VPOS="1286" WIDTH="74" HEIGHT="36" CONTENT="вид*" WC="0.48" CC="5644"/>
						<SP ID="P317_SP00195" HPOS="810" VPOS="1333" WIDTH="26"/>
						<String ID="P317_ST00226" HPOS="836" VPOS="1283" WIDTH="68" HEIGHT="32" CONTENT="этой" WC="0.61" CC="3065"/>
						<SP ID="P317_SP00196" HPOS="904" VPOS="1333" WIDTH="36"/>
						<String ID="P317_ST00227" HPOS="940" VPOS="1289" WIDTH="126" HEIGHT="28" CONTENT="западни" WC="0.65" CC="5050066"/>
						<SP ID="P317_SP00197" HPOS="1066" VPOS="1333" WIDTH="30"/>
						<String ID="P317_ST00228" HPOS="1096" VPOS="1278" WIDTH="56" HEIGHT="32" CONTENT="Пи" SUBS_TYPE="HypPart1" SUBS_CONTENT="ПирятинскШ" WC="0.51" CC="680"/>
						<HYP CONTENT="-"/>
					</TextLine>
					<TextLine ID="P317_TL00029" HPOS="85" VPOS="1327" WIDTH="1066" HEIGHT="51">
						<String ID="P317_ST00229" HPOS="85" VPOS="1338" WIDTH="158" HEIGHT="40" CONTENT="рятинскШ" SUBS_TYPE="HypPart2" SUBS_CONTENT="ПирятинскШ" WC="0.50" CC="92078190"/>
						<SP ID="P317_SP00198" HPOS="243" VPOS="1378" WIDTH="25"/>
						<String ID="P317_ST00230" HPOS="268" VPOS="1338" WIDTH="159" HEIGHT="38" CONTENT="бросается" WC="0.70" CC="405370024"/>
						<SP ID="P317_SP00199" HPOS="427" VPOS="1378" WIDTH="24"/>
						<String ID="P317_ST00231" HPOS="451" VPOS="1343" WIDTH="79" HEIGHT="23" CONTENT="самъ" WC="0.86" CC="3010"/>
						<SP ID="P317_SP00200" HPOS="530" VPOS="1378" WIDTH="24"/>
						<String ID="P317_ST00232" HPOS="554" VPOS="1341" WIDTH="34" HEIGHT="23" CONTENT="за" WC="0.48" CC="45"/>
						<SP ID="P317_SP00201" HPOS="588" VPOS="1378" WIDTH="23"/>
						<String ID="P317_ST00233" HPOS="611" VPOS="1331" WIDTH="132" HEIGHT="41" CONTENT="Кубань." WC="0.87" CC="0000430"/>
						<SP ID="P317_SP00202" HPOS="743" VPOS="1378" WIDTH="18"/>
						<String ID="P317_ST00234" HPOS="761" VPOS="1329" WIDTH="41" HEIGHT="32" CONTENT="Но" WC="0.43" CC="74"/>
						<SP ID="P317_SP00203" HPOS="802" VPOS="1378" WIDTH="24"/>
						<String ID="P317_ST00235" HPOS="826" VPOS="1338" WIDTH="46" HEIGHT="21" CONTENT="его" WC="0.73" CC="052"/>
						<SP ID="P317_SP00204" HPOS="872" VPOS="1378" WIDTH="18"/>
						<String ID="P317_ST00236" HPOS="890" VPOS="1335" WIDTH="85" HEIGHT="31" CONTENT="скоро" WC="0.84" CC="10600"/>
						<SP ID="P317_SP00205" HPOS="975" VPOS="1378" WIDTH="13"/>
						<String ID="P317_ST00237" HPOS="988" VPOS="1327" WIDTH="163" HEIGHT="29" CONTENT="заметили." WC="0.45" CC="650884770"/>
					</TextLine>
					<TextLine ID="P317_TL00030" HPOS="83" VPOS="1372" WIDTH="1074" HEIGHT="50">
						<String ID="P317_ST00238" HPOS="83" VPOS="1383" WIDTH="136" HEIGHT="39" CONTENT="Черкесы" WC="0.73" CC="0008062"/>
						<SP ID="P317_SP00206" HPOS="219" VPOS="1422" WIDTH="24"/>
						<String ID="P317_ST00239" HPOS="243" VPOS="1390" WIDTH="79" HEIGHT="24" CONTENT="тоже" WC="0.60" CC="0590"/>
						<SP ID="P317_SP00207" HPOS="322" VPOS="1422" WIDTH="24"/>
						<String ID="P317_ST00240" HPOS="346" VPOS="1389" WIDTH="35" HEIGHT="22" CONTENT="не" WC="0.82" CC="30"/>
						<SP ID="P317_SP00208" HPOS="381" VPOS="1422" WIDTH="25"/>
						<String ID="P317_ST00241" HPOS="406" VPOS="1388" WIDTH="112" HEIGHT="23" CONTENT="хотятъ" WC="0.82" CC="070300"/>
						<SP ID="P317_SP00209" HPOS="518" VPOS="1422" WIDTH="25"/>
						<String ID="P317_ST00242" HPOS="543" VPOS="1384" WIDTH="178" HEIGHT="33" CONTENT="выпустить" WC="0.85" CC="002040500"/>
						<SP ID="P317_SP00210" HPOS="721" VPOS="1422" WIDTH="39"/>
						<String ID="P317_ST00243" HPOS="760" VPOS="1383" WIDTH="55" HEIGHT="22" CONTENT="изъ" WC="0.57" CC="560"/>
						<SP ID="P317_SP00211" HPOS="815" VPOS="1422" WIDTH="39"/>
						<String ID="P317_ST00244" HPOS="854" VPOS="1381" WIDTH="78" HEIGHT="32" CONTENT="рукъ" WC="0.72" CC="0091"/>
						<SP ID="P317_SP00212" HPOS="932" VPOS="1422" WIDTH="27"/>
						<String ID="P317_ST00245" HPOS="959" VPOS="1372" WIDTH="124" HEIGHT="38" CONTENT="в*рную" WC="0.67" CC="340604"/>
						<SP ID="P317_SP00213" HPOS="1083" VPOS="1422" WIDTH="25"/>
						<String ID="P317_ST00246" HPOS="1108" VPOS="1377" WIDTH="49" HEIGHT="28" CONTENT="до" SUBS_TYPE="HypPart1" SUBS_CONTENT="добычу" WC="0.56" CC="452"/>
						<HYP CONTENT="-"/>
					</TextLine>
					<TextLine ID="P317_TL00031" HPOS="84" VPOS="1421" WIDTH="1069" HEIGHT="47">
						<String ID="P317_ST00247" HPOS="84" VPOS="1430" WIDTH="79" HEIGHT="38" CONTENT="бычу" SUBS_TYPE="HypPart2" SUBS_CONTENT="добычу" WC="0.85" CC="0500"/>
						<SP ID="P317_SP00214" HPOS="163" VPOS="1468" WIDTH="10"/>
						<String ID="P317_ST00248" HPOS="173" VPOS="1438" WIDTH="6" HEIGHT="20" CONTENT=":" WC="0.88" CC="1"/>
						<SP ID="P317_SP00215" HPOS="179" VPOS="1468" WIDTH="28"/>
						<String ID="P317_ST00249" HPOS="207" VPOS="1436" WIDTH="38" HEIGHT="23" CONTENT="съ" WC="0.68" CC="60"/>
						<SP ID="P317_SP00216" HPOS="245" VPOS="1468" WIDTH="24"/>
						<String ID="P317_ST00250" HPOS="269" VPOS="1435" WIDTH="98" HEIGHT="32" CONTENT="двухъ" WC="0.87" CC="06000"/>
						<SP ID="P317_SP00217" HPOS="367" VPOS="1468" WIDTH="27"/>
						<String ID="P317_ST00251" HPOS="394" VPOS="1433" WIDTH="129" HEIGHT="31" CONTENT="сторонъ" WC="0.67" CC="5050560"/>
						<SP ID="P317_SP00218" HPOS="523" VPOS="1468" WIDTH="26"/>
						<String ID="P317_ST00252" HPOS="549" VPOS="1432" WIDTH="56" HEIGHT="22" CONTENT="они" WC="0.52" CC="076"/>
						<SP ID="P317_SP00219" HPOS="605" VPOS="1468" WIDTH="25"/>
						<String ID="P317_ST00253" HPOS="630" VPOS="1422" WIDTH="165" HEIGHT="38" CONTENT="бросаются" WC="0.79" CC="300083030"/>
						<SP ID="P317_SP00220" HPOS="795" VPOS="1468" WIDTH="24"/>
						<String ID="P317_ST00254" HPOS="819" VPOS="1427" WIDTH="39" HEIGHT="22" CONTENT="на" WC="0.65" CC="60"/>
						<SP ID="P317_SP00221" HPOS="858" VPOS="1468" WIDTH="18"/>
						<String ID="P317_ST00255" HPOS="876" VPOS="1422" WIDTH="198" HEIGHT="26" CONTENT="скакавшихъ" WC="0.84" CC="3040002500"/>
						<SP ID="P317_SP00222" HPOS="1074" VPOS="1468" WIDTH="12"/>
						<String ID="P317_ST00256" HPOS="1086" VPOS="1421" WIDTH="67" HEIGHT="22" CONTENT="впе" SUBS_TYPE="HypPart1" SUBS_CONTENT="впереди" WC="0.74" CC="4600"/>
						<HYP CONTENT="-"/>
					</TextLine>
					<TextLine ID="P317_TL00032" HPOS="85" VPOS="1461" WIDTH="1070" HEIGHT="52">
						<String ID="P317_ST00257" HPOS="85" VPOS="1482" WIDTH="67" HEIGHT="31" CONTENT="реди" SUBS_TYPE="HypPart2" SUBS_CONTENT="впереди" WC="0.81" CC="0204"/>
						<SP ID="P317_SP00223" HPOS="152" VPOS="1513" WIDTH="24"/>
						<String ID="P317_ST00258" HPOS="176" VPOS="1473" WIDTH="185" HEIGHT="37" CONTENT="линейцевъ." WC="0.74" CC="6670300010"/>
						<SP ID="P317_SP00224" HPOS="361" VPOS="1513" WIDTH="27"/>
						<String ID="P317_ST00259" HPOS="388" VPOS="1470" WIDTH="176" HEIGHT="40" CONTENT="Авериновъ" WC="0.66" CC="020034657"/>
						<SP ID="P317_SP00225" HPOS="564" VPOS="1513" WIDTH="24"/>
						<String ID="P317_ST00260" HPOS="588" VPOS="1473" WIDTH="194" HEIGHT="34" CONTENT="растерялся:" WC="0.77" CC="00300048251"/>
						<SP ID="P317_SP00226" HPOS="782" VPOS="1513" WIDTH="30"/>
						<String ID="P317_ST00261" HPOS="812" VPOS="1461" WIDTH="177" HEIGHT="38" CONTENT="«Спасайся," WC="0.83" CC="0500004104"/>
						<SP ID="P317_SP00227" HPOS="989" VPOS="1513" WIDTH="25"/>
						<String ID="P317_ST00262" HPOS="1014" VPOS="1467" WIDTH="51" HEIGHT="22" CONTENT="кто" WC="0.55" CC="093"/>
						<SP ID="P317_SP00228" HPOS="1065" VPOS="1513" WIDTH="39"/>
						<String ID="P317_ST00263" HPOS="1104" VPOS="1466" WIDTH="51" HEIGHT="22" CONTENT="мо" SUBS_TYPE="HypPart1" SUBS_CONTENT="можетъ!»" WC="0.67" CC="630"/>
						<HYP CONTENT="-"/>
					</TextLine>
					<TextLine ID="P317_TL00033" HPOS="85" VPOS="1505" WIDTH="1070" HEIGHT="52">
						<String ID="P317_ST00264" HPOS="85" VPOS="1518" WIDTH="113" HEIGHT="31" CONTENT="жетъ!»" SUBS_TYPE="HypPart2" SUBS_CONTENT="можетъ!»" WC="0.67" CC="900116"/>
						<SP ID="P317_SP00229" HPOS="198" VPOS="1549" WIDTH="29"/>
						<String ID="P317_ST00265" HPOS="227" VPOS="1525" WIDTH="159" HEIGHT="32" CONTENT="крикнулъ" WC="0.65" CC="80657000"/>
						<SP ID="P317_SP00230" HPOS="386" VPOS="1557" WIDTH="25"/>
						<String ID="P317_ST00266" HPOS="411" VPOS="1524" WIDTH="72" HEIGHT="30" CONTENT="онъ," WC="0.61" CC="5702"/>
						<SP ID="P317_SP00231" HPOS="483" VPOS="1557" WIDTH="26"/>
						<String ID="P317_ST00267" HPOS="509" VPOS="1521" WIDTH="148" HEIGHT="30" CONTENT="потерявъ" WC="0.87" CC="44000001"/>
						<SP ID="P317_SP00232" HPOS="657" VPOS="1557" WIDTH="25"/>
						<String ID="P317_ST00268" HPOS="682" VPOS="1516" WIDTH="172" HEIGHT="33" CONTENT="разсудокъ." WC="0.84" CC="0050045000"/>
						<SP ID="P317_SP00233" HPOS="854" VPOS="1557" WIDTH="37"/>
						<String ID="P317_ST00269" HPOS="891" VPOS="1505" WIDTH="125" HEIGHT="39" CONTENT="Ре.зервъ" WC="0.69" CC="70390030"/>
						<SP ID="P317_SP00234" HPOS="1016" VPOS="1557" WIDTH="24"/>
						<String ID="P317_ST00270" HPOS="1040" VPOS="1510" WIDTH="115" HEIGHT="32" CONTENT="шарах" SUBS_TYPE="HypPart1" SUBS_CONTENT="шарахнулся" WC="0.89" CC="500000"/>
						<HYP CONTENT="-"/>
					</TextLine>
					<TextLine ID="P317_TL00034" HPOS="86" VPOS="1545" WIDTH="1069" HEIGHT="59">
						<String ID="P317_ST00271" HPOS="86" VPOS="1572" WIDTH="92" HEIGHT="32" CONTENT="нулся" SUBS_TYPE="HypPart2" SUBS_CONTENT="шарахнулся" WC="0.60" CC="80604"/>
						<SP ID="P317_SP00235" HPOS="178" VPOS="1604" WIDTH="24"/>
						<String ID="P317_ST00272" HPOS="202" VPOS="1571" WIDTH="122" HEIGHT="29" CONTENT="назадъ," WC="0.84" CC="6020002"/>
						<SP ID="P317_SP00236" HPOS="324" VPOS="1604" WIDTH="27"/>
						<String ID="P317_ST00273" HPOS="351" VPOS="1569" WIDTH="37" HEIGHT="23" CONTENT="но" WC="0.20" CC="87"/>
						<SP ID="P317_SP00237" HPOS="388" VPOS="1604" WIDTH="25"/>
						<String ID="P317_ST00274" HPOS="413" VPOS="1567" WIDTH="142" HEIGHT="24" CONTENT="спинамъ" WC="0.55" CC="5657060"/>
						<SP ID="P317_SP00238" HPOS="555" VPOS="1604" WIDTH="24"/>
						<String ID="P317_ST00275" HPOS="579" VPOS="1564" WIDTH="147" HEIGHT="33" CONTENT="загуляли" WC="0.42" CC="45709565"/>
						<SP ID="P317_SP00239" HPOS="726" VPOS="1604" WIDTH="25"/>
						<String ID="P317_ST00276" HPOS="751" VPOS="1560" WIDTH="167" HEIGHT="33" CONTENT="черкесшя" WC="0.78" CC="70000603"/>
						<SP ID="P317_SP00240" HPOS="918" VPOS="1604" WIDTH="18"/>
						<String ID="P317_ST00277" HPOS="936" VPOS="1557" WIDTH="125" HEIGHT="24" CONTENT="шашки." WC="0.67" CC="125054"/>
						<SP ID="P317_SP00241" HPOS="1061" VPOS="1604" WIDTH="40"/>
						<String ID="P317_ST00278" HPOS="1101" VPOS="1545" WIDTH="54" HEIGHT="31" CONTENT="Пи" SUBS_TYPE="HypPart1" SUBS_CONTENT="ПирятинскШ," WC="0.65" CC="630"/>
						<HYP CONTENT="-"/>
					</TextLine>
					<TextLine ID="P317_TL00035" HPOS="86" VPOS="1600" WIDTH="1070" HEIGHT="48">
						<String ID="P317_ST00279" HPOS="86" VPOS="1608" WIDTH="171" HEIGHT="40" CONTENT="рятинскШ," SUBS_TYPE="HypPart2" SUBS_CONTENT="ПирятинскШ," WC="0.59" CC="940340904"/>
						<SP ID="P317_SP00242" HPOS="257" VPOS="1648" WIDTH="39"/>
						<String ID="P317_ST00280" HPOS="296" VPOS="1607" WIDTH="172" HEIGHT="38" CONTENT="навстр*чу" WC="0.70" CC="602400490"/>
						<SP ID="P317_SP00243" HPOS="468" VPOS="1648" WIDTH="37"/>
						<String ID="P317_ST00281" HPOS="505" VPOS="1610" WIDTH="150" HEIGHT="32" CONTENT="которому" WC="0.64" CC="55070540"/>
						<SP ID="P317_SP00244" HPOS="655" VPOS="1648" WIDTH="23"/>
						<String ID="P317_ST00282" HPOS="678" VPOS="1607" WIDTH="125" HEIGHT="24" CONTENT="неслась" WC="0.70" CC="4159000"/>
						<SP ID="P317_SP00245" HPOS="803" VPOS="1648" WIDTH="24"/>
						<String ID="P317_ST00283" HPOS="827" VPOS="1604" WIDTH="106" HEIGHT="32" CONTENT="теперь" WC="0.81" CC="006400"/>
						<SP ID="P317_SP00246" HPOS="933" VPOS="1648" WIDTH="25"/>
						<String ID="P317_ST00284" HPOS="958" VPOS="1603" WIDTH="50" HEIGHT="22" CONTENT="вся" WC="0.60" CC="235"/>
						<SP ID="P317_SP00247" HPOS="1008" VPOS="1648" WIDTH="25"/>
						<String ID="P317_ST00285" HPOS="1033" VPOS="1600" WIDTH="52" HEIGHT="23" CONTENT="эта" WC="0.54" CC="606"/>
						<SP ID="P317_SP00248" HPOS="1085" VPOS="1648" WIDTH="23"/>
						<String ID="P317_ST00286" HPOS="1108" VPOS="1600" WIDTH="48" HEIGHT="21" CONTENT="ва" SUBS_TYPE="HypPart1" SUBS_CONTENT="ватага," WC="0.64" CC="063"/>
						<HYP CONTENT="-"/>
					</TextLine>
					<TextLine ID="P317_TL00036" HPOS="86" VPOS="1644" WIDTH="1071" HEIGHT="49">
						<String ID="P317_ST00287" HPOS="86" VPOS="1663" WIDTH="76" HEIGHT="29" CONTENT="тага," SUBS_TYPE="HypPart2" SUBS_CONTENT="ватага," WC="0.85" CC="20004"/>
						<SP ID="P317_SP00249" HPOS="162" VPOS="1692" WIDTH="39"/>
						<String ID="P317_ST00288" HPOS="201" VPOS="1660" WIDTH="150" HEIGHT="33" CONTENT="очутился" WC="0.82" CC="05002014"/>
						<SP ID="P317_SP00250" HPOS="351" VPOS="1693" WIDTH="35"/>
						<String ID="P317_ST00289" HPOS="386" VPOS="1659" WIDTH="39" HEIGHT="22" CONTENT="въ" WC="0.69" CC="60"/>
						<SP ID="P317_SP00251" HPOS="425" VPOS="1693" WIDTH="37"/>
						<String ID="P317_ST00290" HPOS="462" VPOS="1655" WIDTH="209" HEIGHT="29" CONTENT="незавидномъ" WC="0.74" CC="60500406230"/>
						<SP ID="P317_SP00252" HPOS="671" VPOS="1693" WIDTH="23"/>
						<String ID="P317_ST00291" HPOS="694" VPOS="1651" WIDTH="184" HEIGHT="31" CONTENT="положеши;" WC="0.65" CC="450005744"/>
						<SP ID="P317_SP00253" HPOS="878" VPOS="1693" WIDTH="25"/>
						<String ID="P317_ST00292" HPOS="903" VPOS="1649" WIDTH="34" HEIGHT="22" CONTENT="но" WC="0.69" CC="60"/>
						<SP ID="P317_SP00254" HPOS="937" VPOS="1693" WIDTH="27"/>
						<String ID="P317_ST00293" HPOS="964" VPOS="1644" WIDTH="153" HEIGHT="34" CONTENT="мужество" WC="0.90" CC="60000010"/>
						<SP ID="P317_SP00255" HPOS="1117" VPOS="1693" WIDTH="25"/>
						<String ID="P317_ST00294" HPOS="1142" VPOS="1644" WIDTH="15" HEIGHT="21" CONTENT="и" WC="0.34" CC="6"/>
					</TextLine>
					<TextLine ID="P317_TL00037" HPOS="87" VPOS="1681" WIDTH="1067" HEIGHT="59">
						<String ID="P317_ST00295" HPOS="87" VPOS="1707" WIDTH="124" HEIGHT="33" CONTENT="чувство" WC="0.63" CC="9053007"/>
						<SP ID="P317_SP00256" HPOS="211" VPOS="1740" WIDTH="25"/>
						<String ID="P317_ST00296" HPOS="236" VPOS="1705" WIDTH="89" HEIGHT="30" CONTENT="долга" WC="0.76" CC="07040"/>
						<SP ID="P317_SP00257" HPOS="325" VPOS="1740" WIDTH="24"/>
						<String ID="P317_ST00297" HPOS="349" VPOS="1702" WIDTH="185" HEIGHT="31" CONTENT="подсказали" WC="0.65" CC="3462004262"/>
						<SP ID="P317_SP00258" HPOS="534" VPOS="1740" WIDTH="25"/>
						<String ID="P317_ST00298" HPOS="559" VPOS="1700" WIDTH="68" HEIGHT="32" CONTENT="ему," WC="0.76" CC="0504"/>
						<SP ID="P317_SP00259" HPOS="627" VPOS="1740" WIDTH="27"/>
						<String ID="P317_ST00299" HPOS="654" VPOS="1698" WIDTH="51" HEIGHT="23" CONTENT="что" WC="0.41" CC="654"/>
						<SP ID="P317_SP00260" HPOS="705" VPOS="1740" WIDTH="25"/>
						<String ID="P317_ST00300" HPOS="730" VPOS="1691" WIDTH="124" HEIGHT="35" CONTENT="д*лать:" WC="0.71" CC="6400044"/>
						<SP ID="P317_SP00261" HPOS="854" VPOS="1740" WIDTH="34"/>
						<String ID="P317_ST00301" HPOS="888" VPOS="1684" WIDTH="105" HEIGHT="36" CONTENT="«Стой," WC="0.71" CC="300534"/>
						<SP ID="P317_SP00262" HPOS="993" VPOS="1740" WIDTH="21"/>
						<String ID="P317_ST00302" HPOS="1014" VPOS="1681" WIDTH="140" HEIGHT="33" CONTENT="сл*зай!»" WC="0.79" CC="00420503"/>
					</TextLine>
					<TextLine ID="P317_TL00038" HPOS="86" VPOS="1734" WIDTH="1073" HEIGHT="47">
						<String ID="P317_ST00303" HPOS="86" VPOS="1751" WIDTH="226" HEIGHT="30" CONTENT="скомандовалъ" WC="0.63" CC="707602057070"/>
						<SP ID="P317_SP00263" HPOS="312" VPOS="1781" WIDTH="24"/>
						<String ID="P317_ST00304" HPOS="336" VPOS="1750" WIDTH="70" HEIGHT="22" CONTENT="онъ." WC="0.67" CC="6600"/>
						<SP ID="P317_SP00264" HPOS="406" VPOS="1781" WIDTH="28"/>
						<String ID="P317_ST00305" HPOS="434" VPOS="1739" WIDTH="41" HEIGHT="31" CONTENT="Не" WC="0.88" CC="20"/>
						<SP ID="P317_SP00265" HPOS="475" VPOS="1781" WIDTH="25"/>
						<String ID="P317_ST00306" HPOS="500" VPOS="1739" WIDTH="120" HEIGHT="40" CONTENT="усп*ли" WC="0.60" CC="006466"/>
						<SP ID="P317_SP00266" HPOS="620" VPOS="1781" WIDTH="25"/>
						<String ID="P317_ST00307" HPOS="645" VPOS="1744" WIDTH="47" HEIGHT="23" CONTENT="его" WC="0.83" CC="004"/>
						<SP ID="P317_SP00267" HPOS="692" VPOS="1781" WIDTH="24"/>
						<String ID="P317_ST00308" HPOS="716" VPOS="1742" WIDTH="110" HEIGHT="23" CONTENT="казаки" WC="0.72" CC="243004"/>
						<SP ID="P317_SP00268" HPOS="826" VPOS="1781" WIDTH="25"/>
						<String ID="P317_ST00309" HPOS="851" VPOS="1736" WIDTH="192" HEIGHT="31" CONTENT="сплотиться," WC="0.60" CC="35600490164"/>
						<SP ID="P317_SP00269" HPOS="1043" VPOS="1781" WIDTH="41"/>
						<String ID="P317_ST00310" HPOS="1084" VPOS="1734" WIDTH="75" HEIGHT="22" CONTENT="какъ" WC="0.63" CC="0095"/>
					</TextLine>
					<TextLine ID="P317_TL00039" HPOS="86" VPOS="1778" WIDTH="1071" HEIGHT="43">
						<String ID="P317_ST00311" HPOS="86" VPOS="1799" WIDTH="37" HEIGHT="22" CONTENT="на" WC="0.66" CC="60"/>
						<SP ID="P317_SP00270" HPOS="123" VPOS="1821" WIDTH="23"/>
						<String ID="P317_ST00312" HPOS="146" VPOS="1797" WIDTH="83" HEIGHT="23" CONTENT="нихъ" WC="0.64" CC="8500"/>
						<SP ID="P317_SP00271" HPOS="229" VPOS="1821" WIDTH="25"/>
						<String ID="P317_ST00313" HPOS="254" VPOS="1788" WIDTH="153" HEIGHT="31" CONTENT="налет*ли" WC="0.66" CC="40930404"/>
						<SP ID="P317_SP00272" HPOS="407" VPOS="1821" WIDTH="25"/>
						<String ID="P317_ST00314" HPOS="432" VPOS="1786" WIDTH="152" HEIGHT="35" CONTENT="б*глецы;" WC="0.55" CC="64074146"/>
						<SP ID="P317_SP00273" HPOS="584" VPOS="1821" WIDTH="27"/>
						<String ID="P317_ST00315" HPOS="611" VPOS="1789" WIDTH="126" HEIGHT="31" CONTENT="впереди" WC="0.68" CC="6600026"/>
						<SP ID="P317_SP00274" HPOS="737" VPOS="1821" WIDTH="25"/>
						<String ID="P317_ST00316" HPOS="762" VPOS="1780" WIDTH="97" HEIGHT="29" CONTENT="вс*хъ" WC="0.74" CC="50402"/>
						<SP ID="P317_SP00275" HPOS="859" VPOS="1821" WIDTH="18"/>
						<String ID="P317_ST00317" HPOS="877" VPOS="1782" WIDTH="129" HEIGHT="25" CONTENT="скакалъ" WC="0.86" CC="4401000"/>
						<SP ID="P317_SP00276" HPOS="1006" VPOS="1821" WIDTH="17"/>
						<String ID="P317_ST00318" HPOS="1023" VPOS="1778" WIDTH="134" HEIGHT="33" CONTENT="окровав" SUBS_TYPE="HypPart1" SUBS_CONTENT="окровав.1енный" WC="0.71" CC="00044660"/>
						<HYP CONTENT="-"/>
					</TextLine>
					<TextLine ID="P317_TL00040" HPOS="86" VPOS="1819" WIDTH="1073" HEIGHT="53">
						<String ID="P317_ST00319" HPOS="86" VPOS="1835" WIDTH="120" HEIGHT="31" CONTENT=".1енный" SUBS_TYPE="HypPart2" SUBS_CONTENT="окровав.1енный" WC="0.42" CC="3667671"/>
						<SP ID="P317_SP00277" HPOS="206" VPOS="1866" WIDTH="25"/>
						<String ID="P317_ST00320" HPOS="231" VPOS="1833" WIDTH="188" HEIGHT="39" CONTENT="Авериновъ," WC="0.58" CC="0530666623"/>
						<SP ID="P317_SP00278" HPOS="419" VPOS="1872" WIDTH="27"/>
						<String ID="P317_ST00321" HPOS="446" VPOS="1838" WIDTH="37" HEIGHT="23" CONTENT="съ" WC="0.83" CC="03"/>
						<SP ID="P317_SP00279" HPOS="483" VPOS="1872" WIDTH="24"/>
						<String ID="P317_ST00322" HPOS="507" VPOS="1835" WIDTH="155" HEIGHT="34" CONTENT="крикомъ:" WC="0.59" CC="08592500"/>
						<SP ID="P317_SP00280" HPOS="662" VPOS="1872" WIDTH="33"/>
						<String ID="P317_ST00323" HPOS="695" VPOS="1824" WIDTH="143" HEIGHT="34" CONTENT="«Б*гите," WC="0.69" CC="55405002"/>
						<SP ID="P317_SP00281" HPOS="838" VPOS="1872" WIDTH="27"/>
						<String ID="P317_ST00324" HPOS="865" VPOS="1819" WIDTH="188" HEIGHT="36" CONTENT="спасайтесь," WC="0.55" CC="04476490164"/>
						<SP ID="P317_SP00282" HPOS="1053" VPOS="1872" WIDTH="27"/>
						<String ID="P317_ST00325" HPOS="1080" VPOS="1824" WIDTH="33" HEIGHT="22" CONTENT="не" WC="0.55" CC="62"/>
						<SP ID="P317_SP00283" HPOS="1113" VPOS="1872" WIDTH="16"/>
						<String ID="P317_ST00326" HPOS="1129" VPOS="1823" WIDTH="30" HEIGHT="22" CONTENT="то" WC="1.00" CC="00"/>
					</TextLine>
					<TextLine ID="P317_TL00041" HPOS="87" VPOS="1861" WIDTH="1072" HEIGHT="59">
						<String ID="P317_ST00327" HPOS="87" VPOS="1878" WIDTH="198" HEIGHT="42" CONTENT="перерубить!" WC="0.81" CC="30000097000"/>
						<String ID="P317_ST00328" HPOS="296" VPOS="1890" WIDTH="60" HEIGHT="15" CONTENT="»—" WC="0.71" CC="50"/>
						<String ID="P317_ST00329" HPOS="359" VPOS="1875" WIDTH="107" HEIGHT="33" CONTENT="Мнопе" WC="0.45" CC="46483"/>
						<SP ID="P317_SP00284" HPOS="466" VPOS="1920" WIDTH="41"/>
						<String ID="P317_ST00330" HPOS="507" VPOS="1880" WIDTH="165" HEIGHT="30" CONTENT="поддались" WC="0.47" CC="544549570"/>
						<SP ID="P317_SP00285" HPOS="672" VPOS="1920" WIDTH="41"/>
						<String ID="P317_ST00331" HPOS="713" VPOS="1870" WIDTH="78" HEIGHT="31" CONTENT="было" WC="0.96" CC="0001"/>
						<SP ID="P317_SP00286" HPOS="791" VPOS="1920" WIDTH="37"/>
						<String ID="P317_ST00332" HPOS="828" VPOS="1875" WIDTH="121" HEIGHT="32" CONTENT="страху," WC="0.92" CC="1000004"/>
						<SP ID="P317_SP00287" HPOS="949" VPOS="1920" WIDTH="25"/>
						<String ID="P317_ST00333" HPOS="974" VPOS="1863" WIDTH="113" HEIGHT="31" CONTENT="хот*ли" WC="0.76" CC="000463"/>
						<SP ID="P317_SP00288" HPOS="1087" VPOS="1920" WIDTH="24"/>
						<String ID="P317_ST00334" HPOS="1111" VPOS="1861" WIDTH="48" HEIGHT="30" CONTENT="б*" SUBS_TYPE="HypPart1" SUBS_CONTENT="б*жать," WC="0.84" CC="040"/>
						<HYP CONTENT="-"/>
					</TextLine>
					<TextLine ID="P317_TL00042" HPOS="86" VPOS="1913" WIDTH="1073" HEIGHT="50">
						<String ID="P317_ST00335" HPOS="86" VPOS="1935" WIDTH="91" HEIGHT="28" CONTENT="жать," SUBS_TYPE="HypPart2" SUBS_CONTENT="б*жать," WC="0.71" CC="90004"/>
						<SP ID="P317_SP00289" HPOS="177" VPOS="1963" WIDTH="27"/>
						<String ID="P317_ST00336" HPOS="204" VPOS="1933" WIDTH="35" HEIGHT="22" CONTENT="но" WC="0.44" CC="65"/>
						<SP ID="P317_SP00290" HPOS="239" VPOS="1963" WIDTH="25"/>
						<String ID="P317_ST00337" HPOS="264" VPOS="1924" WIDTH="144" HEIGHT="39" CONTENT="офицеры" WC="0.68" CC="7050090"/>
						<SP ID="P317_SP00291" HPOS="408" VPOS="1963" WIDTH="26"/>
						<String ID="P317_ST00338" HPOS="434" VPOS="1927" WIDTH="170" HEIGHT="32" CONTENT="заступили" WC="0.57" CC="503604486"/>
						<SP ID="P317_SP00292" HPOS="604" VPOS="1963" WIDTH="24"/>
						<String ID="P317_ST00339" HPOS="628" VPOS="1924" WIDTH="63" HEIGHT="23" CONTENT="имъ" WC="0.78" CC="024"/>
						<SP ID="P317_SP00293" HPOS="691" VPOS="1963" WIDTH="24"/>
						<String ID="P317_ST00340" HPOS="715" VPOS="1922" WIDTH="115" HEIGHT="32" CONTENT="дорогу," WC="0.74" CC="0606103"/>
						<SP ID="P317_SP00294" HPOS="830" VPOS="1963" WIDTH="26"/>
						<String ID="P317_ST00341" HPOS="856" VPOS="1917" WIDTH="132" HEIGHT="35" CONTENT="угрожая" WC="0.83" CC="0004006"/>
						<SP ID="P317_SP00295" HPOS="988" VPOS="1963" WIDTH="28"/>
						<String ID="P317_ST00342" HPOS="1016" VPOS="1913" WIDTH="143" HEIGHT="33" CONTENT="смертью." WC="0.93" CC="02000002"/>
					</TextLine>
					<TextLine ID="P317_TL00043" HPOS="1050" VPOS="1964" WIDTH="28" HEIGHT="22">
						<String ID="P317_ST00343" HPOS="1050" VPOS="1964" WIDTH="28" HEIGHT="22" CONTENT="20" WC="0.72" CC="05"/>
					</TextLine>
					<TextLine ID="P317_TL00044" HPOS="175" VPOS="1987" WIDTH="121" HEIGHT="18">
						<String ID="P317_ST00344" HPOS="175" VPOS="1990" WIDTH="23" HEIGHT="15" CONTENT="К." WC="0.51" CC="90"/>
						<SP ID="P317_SP00296" HPOS="198" VPOS="2005" WIDTH="18"/>
						<String ID="P317_ST00345" HPOS="216" VPOS="1987" WIDTH="80" HEIGHT="18" CONTENT="АБАЗА." WC="0.53" CC="657160"/>
					</TextLine>
				</TextBlock>
			</PrintSpace>
		</Page>
	</Layout>
</alto>
