<?xml version="1.0" encoding="UTF-8"?>
<alto xmlns:xsi="http://www.w3.org/2001/XMLSchema-instance" xsi:noNamespaceSchemaLocation="http://www.bl.uk/schemas/alto/alto-1-4.xsd" xmlns:xlink="http://www.w3.org/1999/xlink">
	<Description>
		<MeasurementUnit>mm10</MeasurementUnit>
		<sourceImageInformation>
			<fileName>//head1/IN/2008-36/A0011936310/008208.jp2</fileName>
		</sourceImageInformation>
		<OCRProcessing ID="OCRPROCESSING_1">
			<preProcessingStep>
				<processingSoftware>
					<softwareCreator>CCS Content Conversion Specialists GmbH, Germany</softwareCreator>
					<softwareName>CCS docWORKS</softwareName>
					<softwareVersion>6.1-0.67</softwareVersion>
				</processingSoftware>
			</preProcessingStep>
			<ocrProcessingStep>
				<processingSoftware>
					<softwareCreator>ABBYY (BIT Software), Russia</softwareCreator>
					<softwareName>Finereader</softwareName>
				</processingSoftware>
			</ocrProcessingStep>
		</OCRProcessing>
	</Description>
	<Styles>
		<TextStyle ID="TXT_0" FONTSIZE="10" FONTFAMILY="Courier New"/>
		<ParagraphStyle ID="PAR_RIGHT" ALIGN="Right"/>
		<ParagraphStyle ID="PAR_LEFT" ALIGN="Left"/>
	</Styles>
	<Layout>
		<Page ID="P190" PHYSICAL_IMG_NR="190" HEIGHT="2028" WIDTH="1261" PRINTED_IMG_NR="178" POSITION="Left" ACCURACY="69.01">
			<TopMargin ID="P190_TM00001" HPOS="0" VPOS="0" WIDTH="1260" HEIGHT="73">
				<TextBlock ID="P190_TB00001" HPOS="586" VPOS="48" WIDTH="167" HEIGHT="23" STYLEREFS="TXT_0 PAR_RIGHT">
					<TextLine ID="P190_TL00001" HPOS="693" VPOS="57" WIDTH="60" HEIGHT="14">
						<String ID="P190_ST00001" HPOS="693" VPOS="57" WIDTH="60" HEIGHT="14" CONTENT="178" WC="1.00" CC="000"/>
					</TextLine>
				</TextBlock>
			</TopMargin>
			<LeftMargin ID="P190_LM00001" HPOS="0" VPOS="73" WIDTH="127" HEIGHT="1887"/>
			<RightMargin ID="P190_RM00001" HPOS="1207" VPOS="73" WIDTH="53" HEIGHT="1887"/>
			<BottomMargin ID="P190_BM00001" HPOS="0" VPOS="1960" WIDTH="1260" HEIGHT="67"/>
			<PrintSpace ID="P190_PS00001" HPOS="127" VPOS="73" WIDTH="1080" HEIGHT="1887">
				<TextBlock ID="P190_TB00002" HPOS="127" VPOS="120" WIDTH="1073" HEIGHT="1122" STYLEREFS="TXT_0 PAR_LEFT">
					<TextLine ID="P190_TL00002" HPOS="128" VPOS="121" WIDTH="1071" HEIGHT="44">
						<String ID="P190_ST00002" HPOS="128" VPOS="129" WIDTH="154" HEIGHT="36" CONTENT="бешметы," WC="0.85" CC="00030043"/>
						<SP ID="P190_SP00001" HPOS="282" VPOS="165" WIDTH="26"/>
						<String ID="P190_ST00003" HPOS="308" VPOS="126" WIDTH="159" HEIGHT="38" CONTENT="бросилась" WC="0.60" CC="300717077"/>
						<SP ID="P190_SP00002" HPOS="467" VPOS="165" WIDTH="25"/>
						<String ID="P190_ST00004" HPOS="492" VPOS="133" WIDTH="37" HEIGHT="22" CONTENT="на" WC="0.69" CC="60"/>
						<SP ID="P190_SP00003" HPOS="529" VPOS="165" WIDTH="24"/>
						<String ID="P190_ST00005" HPOS="553" VPOS="131" WIDTH="139" HEIGHT="32" CONTENT="штурмъ." WC="0.84" CC="6000102"/>
						<SP ID="P190_SP00004" HPOS="692" VPOS="165" WIDTH="28"/>
						<String ID="P190_ST00006" HPOS="720" VPOS="121" WIDTH="95" HEIGHT="32" CONTENT="Часть" WC="0.68" CC="90204"/>
						<SP ID="P190_SP00005" HPOS="815" VPOS="165" WIDTH="25"/>
						<String ID="P190_ST00007" HPOS="840" VPOS="127" WIDTH="220" HEIGHT="24" CONTENT="мятежниковъ" WC="0.75" CC="31000640370"/>
						<SP ID="P190_SP00006" HPOS="1060" VPOS="165" WIDTH="18"/>
						<String ID="P190_ST00008" HPOS="1078" VPOS="127" WIDTH="121" HEIGHT="33" CONTENT="спусти" SUBS_TYPE="HypPart1" SUBS_CONTENT="спустилась" WC="0.75" CC="4400052"/>
						<HYP CONTENT="-"/>
					</TextLine>
					<TextLine ID="P190_TL00003" HPOS="127" VPOS="166" WIDTH="1072" HEIGHT="44">
						<String ID="P190_ST00009" HPOS="127" VPOS="179" WIDTH="71" HEIGHT="23" CONTENT="лась" SUBS_TYPE="HypPart2" SUBS_CONTENT="спустилась" WC="0.76" CC="6020"/>
						<SP ID="P190_SP00007" HPOS="198" VPOS="202" WIDTH="24"/>
						<String ID="P190_ST00010" HPOS="222" VPOS="179" WIDTH="38" HEIGHT="22" CONTENT="въ" WC="0.50" CC="54"/>
						<SP ID="P190_SP00008" HPOS="260" VPOS="202" WIDTH="24"/>
						<String ID="P190_ST00011" HPOS="284" VPOS="178" WIDTH="88" HEIGHT="32" CONTENT="ровъ," WC="0.78" CC="06004"/>
						<SP ID="P190_SP00009" HPOS="372" VPOS="210" WIDTH="37"/>
						<String ID="P190_ST00012" HPOS="409" VPOS="177" WIDTH="111" HEIGHT="33" CONTENT="откуда" WC="0.92" CC="400000"/>
						<SP ID="P190_SP00010" HPOS="520" VPOS="210" WIDTH="34"/>
						<String ID="P190_ST00013" HPOS="554" VPOS="176" WIDTH="157" HEIGHT="24" CONTENT="пыталась" WC="0.92" CC="00006000"/>
						<SP ID="P190_SP00011" HPOS="711" VPOS="210" WIDTH="35"/>
						<String ID="P190_ST00014" HPOS="746" VPOS="166" WIDTH="179" HEIGHT="39" CONTENT="взобраться" WC="0.72" CC="0060930104"/>
						<SP ID="P190_SP00012" HPOS="925" VPOS="210" WIDTH="24"/>
						<String ID="P190_ST00015" HPOS="949" VPOS="173" WIDTH="38" HEIGHT="22" CONTENT="на" WC="0.71" CC="50"/>
						<SP ID="P190_SP00013" HPOS="987" VPOS="210" WIDTH="24"/>
						<String ID="P190_ST00016" HPOS="1011" VPOS="173" WIDTH="94" HEIGHT="31" CONTENT="валъ;" WC="0.80" CC="00504"/>
						<SP ID="P190_SP00014" HPOS="1105" VPOS="210" WIDTH="38"/>
						<String ID="P190_ST00017" HPOS="1143" VPOS="174" WIDTH="56" HEIGHT="23" CONTENT="ихъ" WC="0.38" CC="494"/>
					</TextLine>
					<TextLine ID="P190_TL00004" HPOS="128" VPOS="210" WIDTH="1071" HEIGHT="45">
						<String ID="P190_ST00018" HPOS="128" VPOS="217" WIDTH="168" HEIGHT="38" CONTENT="встретили" WC="0.61" CC="440800564"/>
						<SP ID="P190_SP00015" HPOS="296" VPOS="255" WIDTH="34"/>
						<String ID="P190_ST00019" HPOS="330" VPOS="222" WIDTH="167" HEIGHT="32" CONTENT="штыками," WC="0.72" CC="00103924"/>
						<SP ID="P190_SP00016" HPOS="497" VPOS="255" WIDTH="37"/>
						<String ID="P190_ST00020" HPOS="534" VPOS="222" WIDTH="16" HEIGHT="22" CONTENT="а" WC="0.45" CC="5"/>
						<SP ID="P190_SP00017" HPOS="550" VPOS="255" WIDTH="24"/>
						<String ID="P190_ST00021" HPOS="574" VPOS="221" WIDTH="36" HEIGHT="23" CONTENT="по" WC="0.51" CC="45"/>
						<SP ID="P190_SP00018" HPOS="610" VPOS="255" WIDTH="25"/>
						<String ID="P190_ST00022" HPOS="635" VPOS="220" WIDTH="199" HEIGHT="23" CONTENT="остальнымъ" WC="0.74" CC="6100506040"/>
						<SP ID="P190_SP00019" HPOS="834" VPOS="255" WIDTH="35"/>
						<String ID="P190_ST00023" HPOS="869" VPOS="218" WIDTH="135" HEIGHT="33" CONTENT="ударили" WC="0.80" CC="0000462"/>
						<SP ID="P190_SP00020" HPOS="1004" VPOS="255" WIDTH="33"/>
						<String ID="P190_ST00024" HPOS="1037" VPOS="210" WIDTH="162" HEIGHT="32" CONTENT="несколько" WC="0.60" CC="502066175"/>
					</TextLine>
					<TextLine ID="P190_TL00005" HPOS="128" VPOS="258" WIDTH="1069" HEIGHT="43">
						<String ID="P190_ST00025" HPOS="128" VPOS="270" WIDTH="72" HEIGHT="31" CONTENT="разъ" WC="0.84" CC="0060"/>
						<SP ID="P190_SP00021" HPOS="200" VPOS="301" WIDTH="23"/>
						<String ID="P190_ST00026" HPOS="223" VPOS="267" WIDTH="164" HEIGHT="32" CONTENT="картечью." WC="0.94" CC="000005000"/>
						<SP ID="P190_SP00022" HPOS="387" VPOS="301" WIDTH="33"/>
						<String ID="P190_ST00027" HPOS="420" VPOS="258" WIDTH="98" HEIGHT="32" CONTENT="Толпа" WC="0.44" CC="65653"/>
						<SP ID="P190_SP00023" HPOS="518" VPOS="301" WIDTH="35"/>
						<String ID="P190_ST00028" HPOS="553" VPOS="258" WIDTH="112" HEIGHT="40" CONTENT="быстро" WC="0.80" CC="050005"/>
						<SP ID="P190_SP00024" HPOS="665" VPOS="301" WIDTH="37"/>
						<String ID="P190_ST00029" HPOS="702" VPOS="264" WIDTH="149" HEIGHT="23" CONTENT="очистила" WC="0.69" CC="50500480"/>
						<SP ID="P190_SP00025" HPOS="851" VPOS="301" WIDTH="32"/>
						<String ID="P190_ST00030" HPOS="883" VPOS="263" WIDTH="154" HEIGHT="32" CONTENT="площадь," WC="0.73" CC="66500200"/>
						<SP ID="P190_SP00026" HPOS="1037" VPOS="301" WIDTH="37"/>
						<String ID="P190_ST00031" HPOS="1074" VPOS="264" WIDTH="123" HEIGHT="31" CONTENT="потомъ," WC="0.66" CC="4608004"/>
					</TextLine>
					<TextLine ID="P190_TL00006" HPOS="127" VPOS="299" WIDTH="1070" HEIGHT="44">
						<String ID="P190_ST00032" HPOS="127" VPOS="308" WIDTH="113" HEIGHT="29" CONTENT="засевъ" WC="0.84" CC="003060"/>
						<SP ID="P190_SP00027" HPOS="240" VPOS="337" WIDTH="23"/>
						<String ID="P190_ST00033" HPOS="263" VPOS="314" WIDTH="39" HEIGHT="22" CONTENT="въ" WC="0.70" CC="50"/>
						<SP ID="P190_SP00028" HPOS="302" VPOS="337" WIDTH="25"/>
						<String ID="P190_ST00034" HPOS="327" VPOS="311" WIDTH="126" HEIGHT="31" CONTENT="домахъ," WC="0.88" CC="0400004"/>
						<SP ID="P190_SP00029" HPOS="453" VPOS="342" WIDTH="37"/>
						<String ID="P190_ST00035" HPOS="490" VPOS="311" WIDTH="135" HEIGHT="32" CONTENT="открыла" WC="0.49" CC="4890560"/>
						<SP ID="P190_SP00030" HPOS="625" VPOS="343" WIDTH="38"/>
						<String ID="P190_ST00036" HPOS="663" VPOS="303" WIDTH="187" HEIGHT="38" CONTENT="безвредную" WC="0.82" CC="4050000600"/>
						<SP ID="P190_SP00031" HPOS="850" VPOS="343" WIDTH="33"/>
						<String ID="P190_ST00037" HPOS="883" VPOS="301" WIDTH="163" HEIGHT="39" CONTENT="стрельбу." WC="0.83" CC="000070700"/>
						<SP ID="P190_SP00032" HPOS="1046" VPOS="343" WIDTH="38"/>
						<String ID="P190_ST00038" HPOS="1084" VPOS="299" WIDTH="113" HEIGHT="43" CONTENT="Те-же," WC="0.85" CC="004004"/>
					</TextLine>
					<TextLine ID="P190_TL00007" HPOS="128" VPOS="354" WIDTH="1070" HEIGHT="36">
						<String ID="P190_ST00039" HPOS="128" VPOS="359" WIDTH="129" HEIGHT="31" CONTENT="которые" WC="0.76" CC="0404052"/>
						<SP ID="P190_SP00033" HPOS="257" VPOS="390" WIDTH="25"/>
						<String ID="P190_ST00040" HPOS="282" VPOS="357" WIDTH="188" HEIGHT="32" CONTENT="спустились" WC="0.67" CC="0400936800"/>
						<SP ID="P190_SP00034" HPOS="470" VPOS="390" WIDTH="24"/>
						<String ID="P190_ST00041" HPOS="494" VPOS="357" WIDTH="38" HEIGHT="23" CONTENT="въ" WC="0.77" CC="40"/>
						<SP ID="P190_SP00035" HPOS="532" VPOS="390" WIDTH="25"/>
						<String ID="P190_ST00042" HPOS="557" VPOS="357" WIDTH="86" HEIGHT="31" CONTENT="ровъ," WC="0.78" CC="06004"/>
						<SP ID="P190_SP00036" HPOS="643" VPOS="390" WIDTH="33"/>
						<String ID="P190_ST00043" HPOS="676" VPOS="354" WIDTH="164" HEIGHT="32" CONTENT="старались" WC="0.69" CC="007008533"/>
						<SP ID="P190_SP00037" HPOS="840" VPOS="390" WIDTH="32"/>
						<String ID="P190_ST00044" HPOS="872" VPOS="354" WIDTH="167" HEIGHT="28" CONTENT="подкопать" WC="0.75" CC="550056000"/>
						<SP ID="P190_SP00038" HPOS="1039" VPOS="390" WIDTH="30"/>
						<String ID="P190_ST00045" HPOS="1069" VPOS="354" WIDTH="129" HEIGHT="34" CONTENT="насыпь," WC="0.65" CC="6052604"/>
					</TextLine>
					<TextLine ID="P190_TL00008" HPOS="128" VPOS="391" WIDTH="1070" HEIGHT="45">
						<String ID="P190_ST00046" HPOS="128" VPOS="396" WIDTH="112" HEIGHT="40" CONTENT="рубили" WC="0.64" CC="003665"/>
						<SP ID="P190_SP00039" HPOS="240" VPOS="436" WIDTH="24"/>
						<String ID="P190_ST00047" HPOS="264" VPOS="402" WIDTH="169" HEIGHT="23" CONTENT="заплотные" WC="0.47" CC="344569750"/>
						<SP ID="P190_SP00040" HPOS="433" VPOS="436" WIDTH="25"/>
						<String ID="P190_ST00048" HPOS="458" VPOS="394" WIDTH="125" HEIGHT="40" CONTENT="столбы," WC="0.61" CC="2055254"/>
						<SP ID="P190_SP00041" HPOS="583" VPOS="436" WIDTH="36"/>
						<String ID="P190_ST00049" HPOS="619" VPOS="399" WIDTH="156" HEIGHT="24" CONTENT="пытались" WC="0.64" CC="46004534"/>
						<SP ID="P190_SP00042" HPOS="775" VPOS="436" WIDTH="23"/>
						<String ID="P190_ST00050" HPOS="798" VPOS="391" WIDTH="237" HEIGHT="40" CONTENT="вскарабкаться" WC="0.77" CC="4057007000022"/>
						<SP ID="P190_SP00043" HPOS="1035" VPOS="436" WIDTH="26"/>
						<String ID="P190_ST00051" HPOS="1061" VPOS="399" WIDTH="137" HEIGHT="32" CONTENT="наверхъ." WC="0.73" CC="70000903"/>
					</TextLine>
					<TextLine ID="P190_TL00009" HPOS="127" VPOS="436" WIDTH="1072" HEIGHT="43">
						<String ID="P190_ST00052" HPOS="127" VPOS="440" WIDTH="88" HEIGHT="36" CONTENT="Тогда" WC="0.68" CC="06108"/>
						<SP ID="P190_SP00044" HPOS="215" VPOS="476" WIDTH="23"/>
						<String ID="P190_ST00053" HPOS="238" VPOS="447" WIDTH="156" HEIGHT="32" CONTENT="поручикъ" WC="0.69" CC="06005640"/>
						<SP ID="P190_SP00045" HPOS="394" VPOS="479" WIDTH="24"/>
						<String ID="P190_ST00054" HPOS="418" VPOS="438" WIDTH="225" HEIGHT="31" CONTENT="Толстопятовъ" WC="0.73" CC="066302560100"/>
						<SP ID="P190_SP00046" HPOS="643" VPOS="479" WIDTH="25"/>
						<String ID="P190_ST00055" HPOS="668" VPOS="439" WIDTH="133" HEIGHT="34" CONTENT="сделалъ" WC="0.80" CC="2005050"/>
						<SP ID="P190_SP00047" HPOS="801" VPOS="479" WIDTH="24"/>
						<String ID="P190_ST00056" HPOS="825" VPOS="444" WIDTH="152" HEIGHT="31" CONTENT="вылазку," WC="0.80" CC="04600004"/>
						<SP ID="P190_SP00048" HPOS="977" VPOS="479" WIDTH="26"/>
						<String ID="P190_ST00057" HPOS="1003" VPOS="436" WIDTH="121" HEIGHT="30" CONTENT="выбилъ" WC="0.64" CC="603470"/>
						<SP ID="P190_SP00049" HPOS="1124" VPOS="479" WIDTH="17"/>
						<String ID="P190_ST00058" HPOS="1141" VPOS="445" WIDTH="58" HEIGHT="23" CONTENT="ихъ" WC="0.35" CC="593"/>
					</TextLine>
					<TextLine ID="P190_TL00010" HPOS="127" VPOS="482" WIDTH="1072" HEIGHT="43">
						<String ID="P190_ST00059" HPOS="127" VPOS="493" WIDTH="108" HEIGHT="32" CONTENT="оттуда" WC="0.76" CC="500008"/>
						<SP ID="P190_SP00050" HPOS="235" VPOS="525" WIDTH="25"/>
						<String ID="P190_ST00060" HPOS="260" VPOS="494" WIDTH="17" HEIGHT="20" CONTENT="и" WC="0.62" CC="3"/>
						<SP ID="P190_SP00051" HPOS="277" VPOS="525" WIDTH="26"/>
						<String ID="P190_ST00061" HPOS="303" VPOS="492" WIDTH="66" HEIGHT="29" CONTENT="они," WC="0.73" CC="0630"/>
						<SP ID="P190_SP00052" HPOS="369" VPOS="525" WIDTH="25"/>
						<String ID="P190_ST00062" HPOS="394" VPOS="492" WIDTH="143" HEIGHT="22" CONTENT="попавши" WC="0.59" CC="5640064"/>
						<SP ID="P190_SP00053" HPOS="537" VPOS="525" WIDTH="13"/>
						<String ID="P190_ST00063" HPOS="550" VPOS="491" WIDTH="97" HEIGHT="23" CONTENT="также" WC="0.60" CC="00990"/>
						<SP ID="P190_SP00054" HPOS="647" VPOS="525" WIDTH="25"/>
						<String ID="P190_ST00064" HPOS="672" VPOS="490" WIDTH="75" HEIGHT="28" CONTENT="подъ" WC="0.66" CC="6700"/>
						<SP ID="P190_SP00055" HPOS="747" VPOS="525" WIDTH="25"/>
						<String ID="P190_ST00065" HPOS="772" VPOS="490" WIDTH="137" HEIGHT="31" CONTENT="картечь," WC="0.95" CC="00000004"/>
						<SP ID="P190_SP00056" HPOS="909" VPOS="525" WIDTH="25"/>
						<String ID="P190_ST00066" HPOS="934" VPOS="489" WIDTH="94" HEIGHT="22" CONTENT="почти" WC="0.71" CC="25032"/>
						<SP ID="P190_SP00057" HPOS="1028" VPOS="525" WIDTH="23"/>
						<String ID="P190_ST00067" HPOS="1051" VPOS="483" WIDTH="56" HEIGHT="29" CONTENT="все" WC="0.99" CC="000"/>
						<SP ID="P190_SP00058" HPOS="1107" VPOS="525" WIDTH="15"/>
						<String ID="P190_ST00068" HPOS="1122" VPOS="482" WIDTH="77" HEIGHT="31" CONTENT="были" WC="0.44" CC="6465"/>
					</TextLine>
					<TextLine ID="P190_TL00011" HPOS="128" VPOS="525" WIDTH="1069" HEIGHT="44">
						<String ID="P190_ST00069" HPOS="128" VPOS="530" WIDTH="163" HEIGHT="39" CONTENT="перебиты." WC="0.78" CC="200045032"/>
						<SP ID="P190_SP00059" HPOS="291" VPOS="569" WIDTH="30"/>
						<String ID="P190_ST00070" HPOS="321" VPOS="526" WIDTH="138" HEIGHT="43" CONTENT="Штурмъ" WC="0.62" CC="560090"/>
						<SP ID="P190_SP00060" HPOS="459" VPOS="569" WIDTH="25"/>
						<String ID="P190_ST00071" HPOS="484" VPOS="535" WIDTH="208" HEIGHT="34" CONTENT="продолжался" WC="0.76" CC="50300600603"/>
						<SP ID="P190_SP00061" HPOS="692" VPOS="569" WIDTH="26"/>
						<String ID="P190_ST00072" HPOS="718" VPOS="525" WIDTH="41" HEIGHT="33" CONTENT="10" WC="1.00" CC="00"/>
						<SP ID="P190_SP00062" HPOS="759" VPOS="569" WIDTH="26"/>
						<String ID="P190_ST00073" HPOS="785" VPOS="535" WIDTH="110" HEIGHT="22" CONTENT="часовъ" WC="0.69" CC="900350"/>
						<SP ID="P190_SP00063" HPOS="895" VPOS="569" WIDTH="24"/>
						<String ID="P190_ST00074" HPOS="919" VPOS="536" WIDTH="18" HEIGHT="21" CONTENT="и" WC="0.48" CC="5"/>
						<SP ID="P190_SP00064" HPOS="937" VPOS="569" WIDTH="25"/>
						<String ID="P190_ST00075" HPOS="962" VPOS="526" WIDTH="151" HEIGHT="32" CONTENT="обошелся" WC="0.61" CC="56541600"/>
						<SP ID="P190_SP00065" HPOS="1113" VPOS="569" WIDTH="24"/>
						<String ID="P190_ST00076" HPOS="1137" VPOS="525" WIDTH="60" HEIGHT="42" CONTENT="Пу" SUBS_TYPE="HypPart1" SUBS_CONTENT="Пугачеву" WC="0.88" CC="102"/>
						<HYP CONTENT="-"/>
					</TextLine>
					<TextLine ID="P190_TL00012" HPOS="128" VPOS="571" WIDTH="1068" HEIGHT="44">
						<String ID="P190_ST00077" HPOS="128" VPOS="583" WIDTH="107" HEIGHT="32" CONTENT="гачеву" SUBS_TYPE="HypPart2" SUBS_CONTENT="Пугачеву" WC="0.81" CC="600400"/>
						<SP ID="P190_SP00066" HPOS="235" VPOS="615" WIDTH="24"/>
						<String ID="P190_ST00078" HPOS="259" VPOS="582" WIDTH="117" HEIGHT="31" CONTENT="дорого:" WC="0.62" CC="0205556"/>
						<SP ID="P190_SP00067" HPOS="376" VPOS="615" WIDTH="34"/>
						<String ID="P190_ST00079" HPOS="410" VPOS="582" WIDTH="39" HEIGHT="22" CONTENT="въ" WC="0.81" CC="30"/>
						<SP ID="P190_SP00068" HPOS="449" VPOS="615" WIDTH="26"/>
						<String ID="P190_ST00080" HPOS="475" VPOS="573" WIDTH="63" HEIGHT="31" CONTENT="400" WC="0.69" CC="090"/>
						<SP ID="P190_SP00069" HPOS="538" VPOS="615" WIDTH="26"/>
						<String ID="P190_ST00081" HPOS="564" VPOS="574" WIDTH="150" HEIGHT="29" CONTENT="человекъ" WC="0.74" CC="03754000"/>
						<SP ID="P190_SP00070" HPOS="714" VPOS="615" WIDTH="25"/>
						<String ID="P190_ST00082" HPOS="739" VPOS="571" WIDTH="144" HEIGHT="41" CONTENT="убитыми" WC="0.86" CC="0050003"/>
						<SP ID="P190_SP00071" HPOS="883" VPOS="615" WIDTH="25"/>
						<String ID="P190_ST00083" HPOS="908" VPOS="580" WIDTH="17" HEIGHT="21" CONTENT="и" WC="0.32" CC="6"/>
						<SP ID="P190_SP00072" HPOS="925" VPOS="615" WIDTH="26"/>
						<String ID="P190_ST00084" HPOS="951" VPOS="580" WIDTH="177" HEIGHT="31" CONTENT="ранеными;" WC="0.58" CC="006558244"/>
						<SP ID="P190_SP00073" HPOS="1128" VPOS="615" WIDTH="26"/>
						<String ID="P190_ST00085" HPOS="1154" VPOS="580" WIDTH="42" HEIGHT="23" CONTENT="за" SUBS_TYPE="HypPart1" SUBS_CONTENT="защитники" WC="0.80" CC="023"/>
						<HYP CONTENT="-"/>
					</TextLine>
					<TextLine ID="P190_TL00013" HPOS="128" VPOS="614" WIDTH="1068" HEIGHT="45">
						<String ID="P190_ST00086" HPOS="128" VPOS="628" WIDTH="145" HEIGHT="29" CONTENT="щитники" SUBS_TYPE="HypPart2" SUBS_CONTENT="защитники" WC="0.66" CC="1507502"/>
						<SP ID="P190_SP00074" HPOS="273" VPOS="657" WIDTH="25"/>
						<String ID="P190_ST00087" HPOS="298" VPOS="627" WIDTH="42" HEIGHT="22" CONTENT="же" WC="0.18" CC="96"/>
						<SP ID="P190_SP00075" HPOS="340" VPOS="657" WIDTH="24"/>
						<String ID="P190_ST00088" HPOS="364" VPOS="626" WIDTH="146" HEIGHT="33" CONTENT="потеряли" WC="0.63" CC="24040574"/>
						<SP ID="P190_SP00076" HPOS="510" VPOS="659" WIDTH="24"/>
						<String ID="P190_ST00089" HPOS="534" VPOS="625" WIDTH="107" HEIGHT="24" CONTENT="только" WC="0.60" CC="957000"/>
						<SP ID="P190_SP00077" HPOS="641" VPOS="659" WIDTH="27"/>
						<String ID="P190_ST00090" HPOS="668" VPOS="616" WIDTH="41" HEIGHT="32" CONTENT="15" WC="0.81" CC="30"/>
						<SP ID="P190_SP00078" HPOS="709" VPOS="659" WIDTH="26"/>
						<String ID="P190_ST00091" HPOS="735" VPOS="625" WIDTH="163" HEIGHT="22" CONTENT="человькъ." WC="0.71" CC="006467000"/>
						<SP ID="P190_SP00079" HPOS="898" VPOS="659" WIDTH="29"/>
						<String ID="P190_ST00092" HPOS="927" VPOS="614" WIDTH="99" HEIGHT="32" CONTENT="После" WC="0.66" CC="65500"/>
						<SP ID="P190_SP00080" HPOS="1026" VPOS="659" WIDTH="17"/>
						<String ID="P190_ST00093" HPOS="1043" VPOS="617" WIDTH="92" HEIGHT="30" CONTENT="такой" WC="0.72" CC="00066"/>
						<SP ID="P190_SP00081" HPOS="1135" VPOS="659" WIDTH="17"/>
						<String ID="P190_ST00094" HPOS="1152" VPOS="626" WIDTH="44" HEIGHT="22" CONTENT="не" SUBS_TYPE="HypPart1" SUBS_CONTENT="неудачи" WC="0.57" CC="723"/>
						<HYP CONTENT="-"/>
					</TextLine>
					<TextLine ID="P190_TL00014" HPOS="128" VPOS="661" WIDTH="1071" HEIGHT="44">
						<String ID="P190_ST00095" HPOS="128" VPOS="674" WIDTH="92" HEIGHT="31" CONTENT="удачи" SUBS_TYPE="HypPart2" SUBS_CONTENT="неудачи" WC="0.81" CC="00035"/>
						<SP ID="P190_SP00082" HPOS="220" VPOS="705" WIDTH="33"/>
						<String ID="P190_ST00096" HPOS="253" VPOS="673" WIDTH="109" HEIGHT="23" CONTENT="казаки" WC="0.65" CC="904006"/>
						<SP ID="P190_SP00083" HPOS="362" VPOS="705" WIDTH="36"/>
						<String ID="P190_ST00097" HPOS="398" VPOS="665" WIDTH="214" HEIGHT="38" CONTENT="пристрелили" WC="0.54" CC="60640097573"/>
						<SP ID="P190_SP00084" HPOS="612" VPOS="705" WIDTH="25"/>
						<String ID="P190_ST00098" HPOS="637" VPOS="661" WIDTH="119" HEIGHT="41" CONTENT="Кубаря" WC="1.00" CC="000000"/>
						<SP ID="P190_SP00085" HPOS="756" VPOS="705" WIDTH="32"/>
						<String ID="P190_ST00099" HPOS="788" VPOS="671" WIDTH="19" HEIGHT="21" CONTENT="и" WC="0.69" CC="3"/>
						<SP ID="P190_SP00086" HPOS="807" VPOS="705" WIDTH="24"/>
						<String ID="P190_ST00100" HPOS="831" VPOS="670" WIDTH="91" HEIGHT="22" CONTENT="стали" WC="0.64" CC="40076"/>
						<SP ID="P190_SP00087" HPOS="922" VPOS="705" WIDTH="25"/>
						<String ID="P190_ST00101" HPOS="947" VPOS="670" WIDTH="111" HEIGHT="22" CONTENT="искать" WC="0.77" CC="600006"/>
						<SP ID="P190_SP00088" HPOS="1058" VPOS="705" WIDTH="24"/>
						<String ID="P190_ST00102" HPOS="1082" VPOS="670" WIDTH="117" HEIGHT="32" CONTENT="другаго" WC="0.59" CC="2093057"/>
					</TextLine>
					<TextLine ID="P190_TL00015" HPOS="128" VPOS="707" WIDTH="1070" HEIGHT="43">
						<String ID="P190_ST00103" HPOS="128" VPOS="718" WIDTH="124" HEIGHT="32" CONTENT="минера." WC="0.78" CC="6440000"/>
						<SP ID="P190_SP00089" HPOS="252" VPOS="750" WIDTH="25"/>
						<String ID="P190_ST00104" HPOS="277" VPOS="707" WIDTH="97" HEIGHT="33" CONTENT="Опять" WC="0.50" CC="44590"/>
						<SP ID="P190_SP00090" HPOS="374" VPOS="750" WIDTH="24"/>
						<String ID="P190_ST00105" HPOS="398" VPOS="718" WIDTH="126" HEIGHT="22" CONTENT="согнали" WC="0.55" CC="0366265"/>
						<SP ID="P190_SP00091" HPOS="524" VPOS="750" WIDTH="24"/>
						<String ID="P190_ST00106" HPOS="548" VPOS="709" WIDTH="162" HEIGHT="39" CONTENT="рабочихъ." WC="0.74" CC="007590000"/>
						<SP ID="P190_SP00092" HPOS="710" VPOS="750" WIDTH="28"/>
						<String ID="P190_ST00107" HPOS="738" VPOS="707" WIDTH="154" HEIGHT="39" CONTENT="Гадлерею" WC="0.75" CC="50760000"/>
						<SP ID="P190_SP00093" HPOS="892" VPOS="750" WIDTH="25"/>
						<String ID="P190_ST00108" HPOS="917" VPOS="715" WIDTH="111" HEIGHT="22" CONTENT="повели" WC="0.65" CC="223055"/>
						<SP ID="P190_SP00094" HPOS="1028" VPOS="750" WIDTH="24"/>
						<String ID="P190_ST00109" HPOS="1052" VPOS="715" WIDTH="37" HEIGHT="22" CONTENT="на" WC="0.65" CC="60"/>
						<SP ID="P190_SP00095" HPOS="1089" VPOS="750" WIDTH="23"/>
						<String ID="P190_ST00110" HPOS="1112" VPOS="716" WIDTH="86" HEIGHT="22" CONTENT="этотъ" WC="0.77" CC="50600"/>
					</TextLine>
					<TextLine ID="P190_TL00016" HPOS="128" VPOS="751" WIDTH="1072" HEIGHT="44">
						<String ID="P190_ST00111" HPOS="128" VPOS="763" WIDTH="71" HEIGHT="32" CONTENT="разъ" WC="0.86" CC="0031"/>
						<SP ID="P190_SP00096" HPOS="199" VPOS="795" WIDTH="24"/>
						<String ID="P190_ST00112" HPOS="223" VPOS="763" WIDTH="35" HEIGHT="22" CONTENT="не" WC="0.57" CC="61"/>
						<SP ID="P190_SP00097" HPOS="258" VPOS="795" WIDTH="24"/>
						<String ID="P190_ST00113" HPOS="282" VPOS="762" WIDTH="108" HEIGHT="31" CONTENT="прямо," WC="0.67" CC="601244"/>
						<SP ID="P190_SP00098" HPOS="390" VPOS="795" WIDTH="37"/>
						<String ID="P190_ST00114" HPOS="427" VPOS="762" WIDTH="17" HEIGHT="22" CONTENT="а" WC="0.24" CC="7"/>
						<SP ID="P190_SP00099" HPOS="444" VPOS="795" WIDTH="23"/>
						<String ID="P190_ST00115" HPOS="467" VPOS="756" WIDTH="168" HEIGHT="29" CONTENT="коленами." WC="0.60" CC="767070014"/>
						<SP ID="P190_SP00100" HPOS="635" VPOS="795" WIDTH="38"/>
						<String ID="P190_ST00116" HPOS="673" VPOS="751" WIDTH="212" HEIGHT="39" CONTENT="Самозванецъ" WC="0.75" CC="00056445000"/>
						<SP ID="P190_SP00101" HPOS="885" VPOS="795" WIDTH="24"/>
						<String ID="P190_ST00117" HPOS="909" VPOS="761" WIDTH="79" HEIGHT="22" CONTENT="самъ" WC="0.92" CC="3000"/>
						<SP ID="P190_SP00102" HPOS="988" VPOS="795" WIDTH="26"/>
						<String ID="P190_ST00118" HPOS="1014" VPOS="753" WIDTH="133" HEIGHT="35" CONTENT="следилъ" WC="0.65" CC="0700664"/>
						<SP ID="P190_SP00103" HPOS="1147" VPOS="795" WIDTH="22"/>
						<String ID="P190_ST00119" HPOS="1169" VPOS="762" WIDTH="31" HEIGHT="22" CONTENT="за" WC="1.00" CC="00"/>
					</TextLine>
					<TextLine ID="P190_TL00017" HPOS="128" VPOS="801" WIDTH="1071" HEIGHT="38">
						<String ID="P190_ST00120" HPOS="128" VPOS="801" WIDTH="122" HEIGHT="38" CONTENT="работой" WC="0.84" CC="0000045"/>
						<String ID="P190_ST00121" HPOS="260" VPOS="811" WIDTH="8" HEIGHT="28" CONTENT=";" WC="0.55" CC="4"/>
						<SP ID="P190_SP00104" HPOS="268" VPOS="839" WIDTH="26"/>
						<String ID="P190_ST00122" HPOS="294" VPOS="807" WIDTH="57" HEIGHT="22" CONTENT="онъ" WC="0.65" CC="460"/>
						<SP ID="P190_SP00105" HPOS="351" VPOS="839" WIDTH="25"/>
						<String ID="P190_ST00123" HPOS="376" VPOS="807" WIDTH="33" HEIGHT="23" CONTENT="не" WC="0.70" CC="50"/>
						<SP ID="P190_SP00106" HPOS="409" VPOS="839" WIDTH="26"/>
						<String ID="P190_ST00124" HPOS="435" VPOS="807" WIDTH="112" HEIGHT="29" CONTENT="давалъ" WC="0.78" CC="006060"/>
						<SP ID="P190_SP00107" HPOS="547" VPOS="839" WIDTH="24"/>
						<String ID="P190_ST00125" HPOS="571" VPOS="806" WIDTH="117" HEIGHT="28" CONTENT="отдыха" WC="0.69" CC="100691"/>
						<SP ID="P190_SP00108" HPOS="688" VPOS="839" WIDTH="24"/>
						<String ID="P190_ST00126" HPOS="712" VPOS="806" WIDTH="39" HEIGHT="22" CONTENT="ни" WC="0.45" CC="55"/>
						<SP ID="P190_SP00109" HPOS="751" VPOS="839" WIDTH="24"/>
						<String ID="P190_ST00127" HPOS="775" VPOS="806" WIDTH="108" HEIGHT="29" CONTENT="дьемъ," WC="0.54" CC="862603"/>
						<SP ID="P190_SP00110" HPOS="883" VPOS="839" WIDTH="26"/>
						<String ID="P190_ST00128" HPOS="909" VPOS="806" WIDTH="38" HEIGHT="22" CONTENT="ни" WC="0.34" CC="66"/>
						<SP ID="P190_SP00111" HPOS="947" VPOS="839" WIDTH="27"/>
						<String ID="P190_ST00129" HPOS="974" VPOS="805" WIDTH="109" HEIGHT="31" CONTENT="ночью," WC="0.56" CC="459024"/>
						<SP ID="P190_SP00112" HPOS="1083" VPOS="839" WIDTH="26"/>
						<String ID="P190_ST00130" HPOS="1109" VPOS="806" WIDTH="37" HEIGHT="22" CONTENT="ни" WC="0.42" CC="64"/>
						<SP ID="P190_SP00113" HPOS="1146" VPOS="839" WIDTH="17"/>
						<String ID="P190_ST00131" HPOS="1163" VPOS="806" WIDTH="36" HEIGHT="22" CONTENT="въ" WC="0.83" CC="30"/>
					</TextLine>
					<TextLine ID="P190_TL00018" HPOS="128" VPOS="843" WIDTH="1071" HEIGHT="41">
						<String ID="P190_ST00132" HPOS="128" VPOS="846" WIDTH="102" HEIGHT="38" CONTENT="будни," WC="0.70" CC="600650"/>
						<SP ID="P190_SP00114" HPOS="230" VPOS="884" WIDTH="25"/>
						<String ID="P190_ST00133" HPOS="255" VPOS="853" WIDTH="39" HEIGHT="22" CONTENT="ни" WC="0.41" CC="55"/>
						<SP ID="P190_SP00115" HPOS="294" VPOS="884" WIDTH="23"/>
						<String ID="P190_ST00134" HPOS="317" VPOS="853" WIDTH="40" HEIGHT="22" CONTENT="въ" WC="1.00" CC="00"/>
						<SP ID="P190_SP00116" HPOS="357" VPOS="884" WIDTH="24"/>
						<String ID="P190_ST00135" HPOS="381" VPOS="852" WIDTH="183" HEIGHT="32" CONTENT="праздники," WC="0.53" CC="7008066682"/>
						<SP ID="P190_SP00117" HPOS="564" VPOS="884" WIDTH="26"/>
						<String ID="P190_ST00136" HPOS="590" VPOS="845" WIDTH="98" HEIGHT="38" CONTENT="кроме" WC="0.55" CC="27560"/>
						<SP ID="P190_SP00118" HPOS="688" VPOS="884" WIDTH="25"/>
						<String ID="P190_ST00137" HPOS="713" VPOS="851" WIDTH="54" HEIGHT="27" CONTENT="дня" WC="0.76" CC="070"/>
						<SP ID="P190_SP00119" HPOS="767" VPOS="884" WIDTH="24"/>
						<String ID="P190_ST00138" HPOS="791" VPOS="843" WIDTH="90" HEIGHT="30" CONTENT="своей" WC="0.48" CC="45635"/>
						<SP ID="P190_SP00120" HPOS="881" VPOS="884" WIDTH="25"/>
						<String ID="P190_ST00139" HPOS="906" VPOS="844" WIDTH="144" HEIGHT="36" CONTENT="свадьбы," WC="0.75" CC="02700504"/>
						<SP ID="P190_SP00121" HPOS="1050" VPOS="884" WIDTH="27"/>
						<String ID="P190_ST00140" HPOS="1077" VPOS="850" WIDTH="122" HEIGHT="32" CONTENT="которая" WC="0.94" CC="0000030"/>
					</TextLine>
					<TextLine ID="P190_TL00019" HPOS="128" VPOS="886" WIDTH="1071" HEIGHT="43">
						<String ID="P190_ST00141" HPOS="128" VPOS="898" WIDTH="203" HEIGHT="31" CONTENT="происходила" WC="0.60" CC="60657050550"/>
						<SP ID="P190_SP00122" HPOS="331" VPOS="929" WIDTH="34"/>
						<String ID="P190_ST00142" HPOS="365" VPOS="898" WIDTH="78" HEIGHT="23" CONTENT="какъ" WC="0.23" CC="9479"/>
						<SP ID="P190_SP00123" HPOS="443" VPOS="929" WIDTH="24"/>
						<String ID="P190_ST00143" HPOS="467" VPOS="898" WIDTH="71" HEIGHT="31" CONTENT="разъ" WC="0.53" CC="9350"/>
						<SP ID="P190_SP00124" HPOS="538" VPOS="929" WIDTH="35"/>
						<String ID="P190_ST00144" HPOS="573" VPOS="897" WIDTH="39" HEIGHT="21" CONTENT="въ" WC="0.72" CC="50"/>
						<SP ID="P190_SP00125" HPOS="612" VPOS="929" WIDTH="24"/>
						<String ID="P190_ST00145" HPOS="636" VPOS="896" WIDTH="50" HEIGHT="22" CONTENT="это" WC="0.57" CC="605"/>
						<SP ID="P190_SP00126" HPOS="686" VPOS="929" WIDTH="24"/>
						<String ID="P190_ST00146" HPOS="710" VPOS="895" WIDTH="106" HEIGHT="32" CONTENT="время." WC="0.95" CC="000200"/>
						<SP ID="P190_SP00127" HPOS="816" VPOS="929" WIDTH="35"/>
						<String ID="P190_ST00147" HPOS="851" VPOS="886" WIDTH="117" HEIGHT="32" CONTENT="Казаки" WC="0.69" CC="506024"/>
						<SP ID="P190_SP00128" HPOS="968" VPOS="929" WIDTH="26"/>
						<String ID="P190_ST00148" HPOS="994" VPOS="889" WIDTH="135" HEIGHT="38" CONTENT="уверили" WC="0.73" CC="0200375"/>
						<SP ID="P190_SP00129" HPOS="1129" VPOS="929" WIDTH="24"/>
						<String ID="P190_ST00149" HPOS="1153" VPOS="896" WIDTH="46" HEIGHT="22" CONTENT="са" SUBS_TYPE="HypPart1" SUBS_CONTENT="самозванца," WC="0.74" CC="070"/>
						<HYP CONTENT="-"/>
					</TextLine>
					<TextLine ID="P190_TL00020" HPOS="128" VPOS="932" WIDTH="1071" HEIGHT="40">
						<String ID="P190_ST00150" HPOS="128" VPOS="943" WIDTH="160" HEIGHT="29" CONTENT="мозванца," SUBS_TYPE="HypPart2" SUBS_CONTENT="самозванца," WC="0.68" CC="573006004"/>
						<SP ID="P190_SP00130" HPOS="288" VPOS="972" WIDTH="25"/>
						<String ID="P190_ST00151" HPOS="313" VPOS="943" WIDTH="52" HEIGHT="22" CONTENT="что" WC="0.70" CC="305"/>
						<SP ID="P190_SP00131" HPOS="365" VPOS="972" WIDTH="25"/>
						<String ID="P190_ST00152" HPOS="390" VPOS="943" WIDTH="70" HEIGHT="23" CONTENT="если" WC="0.48" CC="3286"/>
						<SP ID="P190_SP00132" HPOS="460" VPOS="972" WIDTH="25"/>
						<String ID="P190_ST00153" HPOS="485" VPOS="942" WIDTH="57" HEIGHT="23" CONTENT="овъ" WC="0.72" CC="620"/>
						<SP ID="P190_SP00133" HPOS="542" VPOS="972" WIDTH="23"/>
						<String ID="P190_ST00154" HPOS="565" VPOS="941" WIDTH="145" HEIGHT="31" CONTENT="женится," WC="0.74" CC="00750304"/>
						<SP ID="P190_SP00134" HPOS="710" VPOS="972" WIDTH="25"/>
						<String ID="P190_ST00155" HPOS="735" VPOS="941" WIDTH="34" HEIGHT="22" CONTENT="то" WC="0.75" CC="05"/>
						<SP ID="P190_SP00135" HPOS="769" VPOS="972" WIDTH="40"/>
						<String ID="P190_ST00156" HPOS="809" VPOS="933" WIDTH="125" HEIGHT="30" CONTENT="«войско" WC="0.68" CC="0255403"/>
						<SP ID="P190_SP00136" HPOS="934" VPOS="972" WIDTH="24"/>
						<String ID="P190_ST00157" HPOS="958" VPOS="940" WIDTH="112" HEIGHT="29" CONTENT="яицкое" WC="0.90" CC="010040"/>
						<SP ID="P190_SP00137" HPOS="1070" VPOS="972" WIDTH="24"/>
						<String ID="P190_ST00158" HPOS="1094" VPOS="932" WIDTH="105" HEIGHT="40" CONTENT="будетъ" WC="0.95" CC="000002"/>
					</TextLine>
					<TextLine ID="P190_TL00021" HPOS="128" VPOS="976" WIDTH="1072" HEIGHT="44">
						<String ID="P190_ST00159" HPOS="128" VPOS="989" WIDTH="39" HEIGHT="21" CONTENT="къ" WC="1.00" CC="00"/>
						<SP ID="P190_SP00138" HPOS="167" VPOS="1010" WIDTH="17"/>
						<String ID="P190_ST00160" HPOS="184" VPOS="988" WIDTH="77" HEIGHT="32" CONTENT="нему" WC="0.83" CC="4010"/>
						<SP ID="P190_SP00139" HPOS="261" VPOS="1020" WIDTH="26"/>
						<String ID="P190_ST00161" HPOS="287" VPOS="978" WIDTH="89" HEIGHT="33" CONTENT="более" WC="0.69" CC="16600"/>
						<SP ID="P190_SP00140" HPOS="376" VPOS="1020" WIDTH="25"/>
						<String ID="P190_ST00162" HPOS="401" VPOS="988" WIDTH="190" HEIGHT="31" CONTENT="прилежно»." WC="0.69" CC="4050097300"/>
						<SP ID="P190_SP00141" HPOS="591" VPOS="1020" WIDTH="28"/>
						<String ID="P190_ST00163" HPOS="619" VPOS="977" WIDTH="167" HEIGHT="32" CONTENT="Сосватали" WC="0.61" CC="574400076"/>
						<SP ID="P190_SP00142" HPOS="786" VPOS="1020" WIDTH="18"/>
						<String ID="P190_ST00164" HPOS="804" VPOS="986" WIDTH="70" HEIGHT="29" CONTENT="дочь" WC="0.72" CC="0604"/>
						<SP ID="P190_SP00143" HPOS="874" VPOS="1020" WIDTH="17"/>
						<String ID="P190_ST00165" HPOS="891" VPOS="985" WIDTH="109" HEIGHT="23" CONTENT="казака" WC="0.87" CC="204000"/>
						<SP ID="P190_SP00144" HPOS="1000" VPOS="1020" WIDTH="17"/>
						<String ID="P190_ST00166" HPOS="1017" VPOS="976" WIDTH="183" HEIGHT="42" CONTENT="Кузнецова," WC="0.70" CC="0046036204"/>
					</TextLine>
					<TextLine ID="P190_TL00022" HPOS="128" VPOS="1027" WIDTH="1072" HEIGHT="38">
						<String ID="P190_ST00167" HPOS="128" VPOS="1027" WIDTH="116" HEIGHT="38" CONTENT="девицу" WC="0.85" CC="000520"/>
						<SP ID="P190_SP00145" HPOS="244" VPOS="1065" WIDTH="25"/>
						<String ID="P190_ST00168" HPOS="269" VPOS="1033" WIDTH="163" HEIGHT="32" CONTENT="хорошую," WC="0.81" CC="90000004"/>
						<SP ID="P190_SP00146" HPOS="432" VPOS="1065" WIDTH="25"/>
						<String ID="P190_ST00169" HPOS="457" VPOS="1032" WIDTH="204" HEIGHT="31" CONTENT="постоянную," WC="0.60" CC="63106366071"/>
						<SP ID="P190_SP00147" HPOS="661" VPOS="1065" WIDTH="35"/>
						<String ID="P190_ST00170" HPOS="696" VPOS="1032" WIDTH="34" HEIGHT="22" CONTENT="но" WC="0.29" CC="76"/>
						<SP ID="P190_SP00148" HPOS="730" VPOS="1065" WIDTH="25"/>
						<String ID="P190_ST00171" HPOS="755" VPOS="1031" WIDTH="76" HEIGHT="22" CONTENT="какъ" WC="1.00" CC="0000"/>
						<SP ID="P190_SP00149" HPOS="831" VPOS="1065" WIDTH="25"/>
						<String ID="P190_ST00172" HPOS="856" VPOS="1030" WIDTH="103" HEIGHT="30" CONTENT="отецъ," WC="0.67" CC="404604"/>
						<SP ID="P190_SP00150" HPOS="959" VPOS="1065" WIDTH="27"/>
						<String ID="P190_ST00173" HPOS="986" VPOS="1031" WIDTH="75" HEIGHT="22" CONTENT="такъ" WC="0.96" CC="1000"/>
						<SP ID="P190_SP00151" HPOS="1061" VPOS="1065" WIDTH="24"/>
						<String ID="P190_ST00174" HPOS="1085" VPOS="1031" WIDTH="20" HEIGHT="21" CONTENT="и" WC="0.53" CC="4"/>
						<SP ID="P190_SP00152" HPOS="1105" VPOS="1065" WIDTH="23"/>
						<String ID="P190_ST00175" HPOS="1128" VPOS="1031" WIDTH="72" HEIGHT="22" CONTENT="сама" WC="0.32" CC="3769"/>
					</TextLine>
					<TextLine ID="P190_TL00023" HPOS="128" VPOS="1068" WIDTH="1072" HEIGHT="41">
						<String ID="P190_ST00176" HPOS="128" VPOS="1071" WIDTH="141" HEIGHT="38" CONTENT="невеста," WC="0.76" CC="60401050"/>
						<SP ID="P190_SP00153" HPOS="269" VPOS="1109" WIDTH="18"/>
						<String ID="P190_ST00177" HPOS="287" VPOS="1077" WIDTH="86" HEIGHT="23" CONTENT="вовсе" WC="0.70" CC="05440"/>
						<SP ID="P190_SP00154" HPOS="373" VPOS="1109" WIDTH="16"/>
						<String ID="P190_ST00178" HPOS="389" VPOS="1077" WIDTH="35" HEIGHT="23" CONTENT="не" WC="0.38" CC="65"/>
						<SP ID="P190_SP00155" HPOS="424" VPOS="1109" WIDTH="17"/>
						<String ID="P190_ST00179" HPOS="441" VPOS="1070" WIDTH="80" HEIGHT="30" CONTENT="были" WC="0.52" CC="0665"/>
						<SP ID="P190_SP00156" HPOS="521" VPOS="1109" WIDTH="17"/>
						<String ID="P190_ST00180" HPOS="538" VPOS="1077" WIDTH="150" HEIGHT="27" CONTENT="довольны" WC="0.66" CC="03460271"/>
						<SP ID="P190_SP00157" HPOS="688" VPOS="1109" WIDTH="18"/>
						<String ID="P190_ST00181" HPOS="706" VPOS="1068" WIDTH="69" HEIGHT="31" CONTENT="этой" WC="0.89" CC="4000"/>
						<SP ID="P190_SP00158" HPOS="775" VPOS="1109" WIDTH="18"/>
						<String ID="P190_ST00182" HPOS="793" VPOS="1076" WIDTH="128" HEIGHT="23" CONTENT="честью:" WC="0.75" CC="5050006"/>
						<SP ID="P190_SP00159" HPOS="921" VPOS="1109" WIDTH="29"/>
						<String ID="P190_ST00183" HPOS="950" VPOS="1069" WIDTH="129" HEIGHT="35" CONTENT="девичье" WC="0.85" CC="0054000"/>
						<SP ID="P190_SP00160" HPOS="1079" VPOS="1109" WIDTH="21"/>
						<String ID="P190_ST00184" HPOS="1100" VPOS="1075" WIDTH="100" HEIGHT="31" CONTENT="сердце" WC="0.90" CC="600000"/>
					</TextLine>
					<TextLine ID="P190_TL00024" HPOS="129" VPOS="1103" WIDTH="1071" HEIGHT="52">
						<String ID="P190_ST00185" HPOS="129" VPOS="1123" WIDTH="105" HEIGHT="31" CONTENT="чуяло," WC="0.68" CC="904004"/>
						<SP ID="P190_SP00161" HPOS="234" VPOS="1154" WIDTH="27"/>
						<String ID="P190_ST00186" HPOS="261" VPOS="1123" WIDTH="51" HEIGHT="21" CONTENT="что" WC="0.79" CC="402"/>
						<SP ID="P190_SP00162" HPOS="312" VPOS="1154" WIDTH="25"/>
						<String ID="P190_ST00187" HPOS="337" VPOS="1123" WIDTH="33" HEIGHT="22" CONTENT="ея" WC="1.00" CC="00"/>
						<SP ID="P190_SP00163" HPOS="370" VPOS="1154" WIDTH="25"/>
						<String ID="P190_ST00188" HPOS="395" VPOS="1114" WIDTH="147" HEIGHT="41" CONTENT="суженый" WC="0.60" CC="6090640"/>
						<SP ID="P190_SP00164" HPOS="542" VPOS="1155" WIDTH="17"/>
						<String ID="P190_ST00189" HPOS="559" VPOS="1121" WIDTH="36" HEIGHT="22" CONTENT="не" WC="0.70" CC="60"/>
						<SP ID="P190_SP00165" HPOS="595" VPOS="1155" WIDTH="17"/>
						<String ID="P190_ST00190" HPOS="612" VPOS="1121" WIDTH="90" HEIGHT="32" CONTENT="царь," WC="0.94" CC="00002"/>
						<SP ID="P190_SP00166" HPOS="702" VPOS="1155" WIDTH="26"/>
						<String ID="P190_ST00191" HPOS="728" VPOS="1121" WIDTH="17" HEIGHT="22" CONTENT="а" WC="1.00" CC="0"/>
						<SP ID="P190_SP00167" HPOS="745" VPOS="1155" WIDTH="18"/>
						<String ID="P190_ST00192" HPOS="763" VPOS="1121" WIDTH="75" HEIGHT="31" CONTENT="воръ" WC="0.86" CC="0500"/>
						<SP ID="P190_SP00168" HPOS="838" VPOS="1155" WIDTH="16"/>
						<String ID="P190_ST00193" HPOS="854" VPOS="1121" WIDTH="19" HEIGHT="22" CONTENT="и" WC="1.00" CC="0"/>
						<SP ID="P190_SP00169" HPOS="873" VPOS="1155" WIDTH="17"/>
						<String ID="P190_ST00194" HPOS="890" VPOS="1121" WIDTH="217" HEIGHT="28" CONTENT="самозванецъ." WC="0.72" CC="000537750200"/>
						<SP ID="P190_SP00170" HPOS="1107" VPOS="1155" WIDTH="18"/>
						<String ID="P190_ST00195" HPOS="1125" VPOS="1103" WIDTH="75" HEIGHT="45" CONTENT="Цодъ" WC="0.14" CC="9976"/>
					</TextLine>
					<TextLine ID="P190_TL00025" HPOS="129" VPOS="1158" WIDTH="1071" HEIGHT="40">
						<String ID="P190_ST00196" HPOS="129" VPOS="1162" WIDTH="138" HEIGHT="33" CONTENT="вЪнцомъ" WC="0.62" CC="0772440"/>
						<SP ID="P190_SP00171" HPOS="267" VPOS="1195" WIDTH="26"/>
						<String ID="P190_ST00197" HPOS="293" VPOS="1158" WIDTH="138" HEIGHT="32" CONTENT="Устинья" WC="0.67" CC="0005755"/>
						<SP ID="P190_SP00172" HPOS="431" VPOS="1195" WIDTH="32"/>
						<String ID="P190_ST00198" HPOS="463" VPOS="1167" WIDTH="103" HEIGHT="31" CONTENT="горько" WC="0.72" CC="050056"/>
						<SP ID="P190_SP00173" HPOS="566" VPOS="1198" WIDTH="25"/>
						<String ID="P190_ST00199" HPOS="591" VPOS="1165" WIDTH="143" HEIGHT="31" CONTENT="плакала," WC="0.62" CC="45200682"/>
						<SP ID="P190_SP00174" HPOS="734" VPOS="1198" WIDTH="34"/>
						<String ID="P190_ST00200" HPOS="768" VPOS="1165" WIDTH="34" HEIGHT="23" CONTENT="не" WC="0.72" CC="50"/>
						<SP ID="P190_SP00175" HPOS="802" VPOS="1198" WIDTH="24"/>
						<String ID="P190_ST00201" HPOS="826" VPOS="1165" WIDTH="111" HEIGHT="32" CONTENT="смотря" WC="0.66" CC="444005"/>
						<SP ID="P190_SP00176" HPOS="937" VPOS="1198" WIDTH="24"/>
						<String ID="P190_ST00202" HPOS="961" VPOS="1165" WIDTH="38" HEIGHT="22" CONTENT="на" WC="0.73" CC="50"/>
						<SP ID="P190_SP00177" HPOS="999" VPOS="1198" WIDTH="24"/>
						<String ID="P190_ST00203" HPOS="1023" VPOS="1165" WIDTH="47" HEIGHT="33" CONTENT="то," WC="0.73" CC="042"/>
						<SP ID="P190_SP00178" HPOS="1070" VPOS="1198" WIDTH="26"/>
						<String ID="P190_ST00204" HPOS="1096" VPOS="1165" WIDTH="50" HEIGHT="22" CONTENT="что" WC="0.47" CC="806"/>
						<SP ID="P190_SP00179" HPOS="1146" VPOS="1198" WIDTH="25"/>
						<String ID="P190_ST00205" HPOS="1171" VPOS="1165" WIDTH="29" HEIGHT="22" CONTENT="ее" WC="0.47" CC="37"/>
					</TextLine>
					<TextLine ID="P190_TL00026" HPOS="128" VPOS="1203" WIDTH="688" HEIGHT="39">
						<String ID="P190_ST00206" HPOS="128" VPOS="1212" WIDTH="146" HEIGHT="23" CONTENT="величали" WC="0.67" CC="50040096"/>
						<SP ID="P190_SP00180" HPOS="274" VPOS="1235" WIDTH="30"/>
						<String ID="P190_ST00207" HPOS="304" VPOS="1204" WIDTH="221" HEIGHT="38" CONTENT="«благоверной" WC="0.62" CC="056804400545"/>
						<SP ID="P190_SP00181" HPOS="525" VPOS="1242" WIDTH="27"/>
						<String ID="P190_ST00208" HPOS="552" VPOS="1203" WIDTH="264" HEIGHT="39" CONTENT="императрицей»." WC="0.73" CC="65300000620434"/>
					</TextLine>
				</TextBlock>
				<TextBlock ID="P190_TB00003" HPOS="128" VPOS="1245" WIDTH="1074" HEIGHT="176" STYLEREFS="TXT_0 PAR_LEFT">
					<TextLine ID="P190_TL00027" HPOS="195" VPOS="1246" WIDTH="1005" HEIGHT="42">
						<String ID="P190_ST00209" HPOS="195" VPOS="1266" WIDTH="43" HEIGHT="4" CONTENT="—" WC="0.20" CC="8"/>
						<SP ID="P190_SP00182" HPOS="238" VPOS="1270" WIDTH="30"/>
						<String ID="P190_ST00210" HPOS="268" VPOS="1248" WIDTH="138" HEIGHT="32" CONTENT="«Именно" WC="0.57" CC="0504765"/>
						<SP ID="P190_SP00183" HPOS="406" VPOS="1280" WIDTH="25"/>
						<String ID="P190_ST00211" HPOS="431" VPOS="1258" WIDTH="37" HEIGHT="22" CONTENT="ли" WC="0.59" CC="80"/>
						<SP ID="P190_SP00184" HPOS="468" VPOS="1280" WIDTH="24"/>
						<String ID="P190_ST00212" HPOS="492" VPOS="1257" WIDTH="43" HEIGHT="22" CONTENT="ты" WC="0.81" CC="03"/>
						<SP ID="P190_SP00185" HPOS="535" VPOS="1280" WIDTH="24"/>
						<String ID="P190_ST00213" HPOS="559" VPOS="1248" WIDTH="186" HEIGHT="40" CONTENT="Государь?»" WC="0.82" CC="4350040000"/>
						<SP ID="P190_SP00186" HPOS="745" VPOS="1288" WIDTH="18"/>
						<String ID="P190_ST00214" HPOS="763" VPOS="1255" WIDTH="147" HEIGHT="32" CONTENT="спросила" WC="0.66" CC="22016660"/>
						<SP ID="P190_SP00187" HPOS="910" VPOS="1288" WIDTH="24"/>
						<String ID="P190_ST00215" HPOS="934" VPOS="1246" WIDTH="151" HEIGHT="40" CONTENT="Устинья," WC="0.71" CC="00054524"/>
						<SP ID="P190_SP00188" HPOS="1085" VPOS="1288" WIDTH="19"/>
						<String ID="P190_ST00216" HPOS="1104" VPOS="1255" WIDTH="96" HEIGHT="22" CONTENT="остав" SUBS_TYPE="HypPart1" SUBS_CONTENT="оставшись" WC="0.96" CC="000010"/>
						<HYP CONTENT="-"/>
					</TextLine>
					<TextLine ID="P190_TL00028" HPOS="130" VPOS="1292" WIDTH="1072" HEIGHT="42">
						<String ID="P190_ST00217" HPOS="130" VPOS="1303" WIDTH="81" HEIGHT="22" CONTENT="шись" SUBS_TYPE="HypPart2" SUBS_CONTENT="оставшись" WC="0.79" CC="5200"/>
						<SP ID="P190_SP00189" HPOS="211" VPOS="1325" WIDTH="26"/>
						<String ID="P190_ST00218" HPOS="237" VPOS="1296" WIDTH="132" HEIGHT="35" CONTENT="наедине" WC="0.85" CC="3000060"/>
						<SP ID="P190_SP00190" HPOS="369" VPOS="1331" WIDTH="24"/>
						<String ID="P190_ST00219" HPOS="393" VPOS="1303" WIDTH="38" HEIGHT="22" CONTENT="съ" WC="0.80" CC="30"/>
						<SP ID="P190_SP00191" HPOS="431" VPOS="1331" WIDTH="24"/>
						<String ID="P190_ST00220" HPOS="455" VPOS="1292" WIDTH="218" HEIGHT="42" CONTENT="Пугачевымъ." WC="0.75" CC="00006064604"/>
						<SP ID="P190_SP00192" HPOS="673" VPOS="1334" WIDTH="32"/>
						<String ID="P190_ST00221" HPOS="705" VPOS="1292" WIDTH="42" HEIGHT="31" CONTENT="«Я" WC="0.69" CC="06"/>
						<SP ID="P190_SP00193" HPOS="747" VPOS="1334" WIDTH="27"/>
						<String ID="P190_ST00222" HPOS="774" VPOS="1301" WIDTH="114" HEIGHT="31" CONTENT="потому" WC="0.72" CC="400560"/>
						<SP ID="P190_SP00194" HPOS="888" VPOS="1334" WIDTH="33"/>
						<String ID="P190_ST00223" HPOS="921" VPOS="1294" WIDTH="207" HEIGHT="38" CONTENT="сомневаюсь," WC="0.82" CC="05030002304"/>
						<SP ID="P190_SP00195" HPOS="1128" VPOS="1334" WIDTH="26"/>
						<String ID="P190_ST00224" HPOS="1154" VPOS="1300" WIDTH="48" HEIGHT="22" CONTENT="что" WC="0.49" CC="095"/>
					</TextLine>
					<TextLine ID="P190_TL00029" HPOS="128" VPOS="1336" WIDTH="1074" HEIGHT="43">
						<String ID="P190_ST00225" HPOS="128" VPOS="1347" WIDTH="43" HEIGHT="22" CONTENT="ты" WC="0.65" CC="60"/>
						<SP ID="P190_SP00196" HPOS="171" VPOS="1369" WIDTH="24"/>
						<String ID="P190_ST00226" HPOS="195" VPOS="1347" WIDTH="137" HEIGHT="23" CONTENT="женился" WC="0.52" CC="9066054"/>
						<SP ID="P190_SP00197" HPOS="332" VPOS="1370" WIDTH="25"/>
						<String ID="P190_ST00227" HPOS="357" VPOS="1347" WIDTH="36" HEIGHT="23" CONTENT="на" WC="0.63" CC="70"/>
						<SP ID="P190_SP00198" HPOS="393" VPOS="1370" WIDTH="24"/>
						<String ID="P190_ST00228" HPOS="417" VPOS="1339" WIDTH="127" HEIGHT="40" CONTENT="простой" WC="0.78" CC="4052003"/>
						<SP ID="P190_SP00199" HPOS="544" VPOS="1379" WIDTH="26"/>
						<String ID="P190_ST00229" HPOS="570" VPOS="1340" WIDTH="140" HEIGHT="29" CONTENT="казачке." WC="0.64" CC="90580004"/>
						<SP ID="P190_SP00200" HPOS="710" VPOS="1379" WIDTH="25"/>
						<String ID="P190_ST00230" HPOS="735" VPOS="1336" WIDTH="47" HEIGHT="33" CONTENT="Ты" WC="0.85" CC="02"/>
						<SP ID="P190_SP00201" HPOS="782" VPOS="1379" WIDTH="25"/>
						<String ID="P190_ST00231" HPOS="807" VPOS="1346" WIDTH="76" HEIGHT="23" CONTENT="меня" WC="0.64" CC="5053"/>
						<SP ID="P190_SP00202" HPOS="883" VPOS="1379" WIDTH="24"/>
						<String ID="P190_ST00232" HPOS="907" VPOS="1338" WIDTH="157" HEIGHT="39" CONTENT="обманулъ" WC="0.77" CC="03105070"/>
						<SP ID="P190_SP00203" HPOS="1064" VPOS="1379" WIDTH="12"/>
						<String ID="P190_ST00233" HPOS="1076" VPOS="1346" WIDTH="19" HEIGHT="21" CONTENT="и" WC="0.70" CC="2"/>
						<SP ID="P190_SP00204" HPOS="1095" VPOS="1379" WIDTH="16"/>
						<String ID="P190_ST00234" HPOS="1111" VPOS="1338" WIDTH="91" HEIGHT="30" CONTENT="заелъ" WC="0.70" CC="50072"/>
					</TextLine>
					<TextLine ID="P190_TL00030" HPOS="128" VPOS="1383" WIDTH="1030" HEIGHT="38">
						<String ID="P190_ST00235" HPOS="128" VPOS="1392" WIDTH="65" HEIGHT="22" CONTENT="мою" WC="0.39" CC="962"/>
						<SP ID="P190_SP00205" HPOS="193" VPOS="1414" WIDTH="24"/>
						<String ID="P190_ST00236" HPOS="217" VPOS="1392" WIDTH="175" HEIGHT="28" CONTENT="молодость:" WC="0.65" CC="0472004861"/>
						<SP ID="P190_SP00206" HPOS="392" VPOS="1420" WIDTH="26"/>
						<String ID="P190_ST00237" HPOS="418" VPOS="1393" WIDTH="42" HEIGHT="21" CONTENT="ты" WC="1.00" CC="00"/>
						<SP ID="P190_SP00207" HPOS="460" VPOS="1420" WIDTH="26"/>
						<String ID="P190_ST00238" HPOS="486" VPOS="1385" WIDTH="149" HEIGHT="29" CONTENT="человекъ" WC="0.75" CC="30762000"/>
						<SP ID="P190_SP00208" HPOS="635" VPOS="1420" WIDTH="23"/>
						<String ID="P190_ST00239" HPOS="658" VPOS="1383" WIDTH="131" HEIGHT="38" CONTENT="старый," WC="0.89" CC="0000204"/>
						<SP ID="P190_SP00209" HPOS="789" VPOS="1421" WIDTH="22"/>
						<String ID="P190_ST00240" HPOS="811" VPOS="1392" WIDTH="17" HEIGHT="22" CONTENT="а" WC="0.71" CC="2"/>
						<SP ID="P190_SP00210" HPOS="828" VPOS="1421" WIDTH="24"/>
						<String ID="P190_ST00241" HPOS="852" VPOS="1391" WIDTH="18" HEIGHT="22" CONTENT="я" WC="0.44" CC="5"/>
						<SP ID="P190_SP00211" HPOS="870" VPOS="1421" WIDTH="25"/>
						<String ID="P190_ST00242" HPOS="895" VPOS="1391" WIDTH="263" HEIGHT="27" CONTENT="молодешенька»." WC="0.64" CC="46630021629060"/>
					</TextLine>
				</TextBlock>
				<TextBlock ID="P190_TB00004" HPOS="197" VPOS="1426" WIDTH="804" HEIGHT="42" STYLEREFS="TXT_0 PAR_LEFT">
					<TextLine ID="P190_TL00031" HPOS="197" VPOS="1427" WIDTH="804" HEIGHT="41">
						<String ID="P190_ST00243" HPOS="197" VPOS="1447" WIDTH="41" HEIGHT="3" CONTENT="—" WC="0.20" CC="8"/>
						<SP ID="P190_SP00212" HPOS="238" VPOS="1450" WIDTH="30"/>
						<String ID="P190_ST00244" HPOS="268" VPOS="1428" WIDTH="42" HEIGHT="32" CONTENT="«Я" WC="0.70" CC="06"/>
						<SP ID="P190_SP00213" HPOS="310" VPOS="1460" WIDTH="27"/>
						<String ID="P190_ST00245" HPOS="337" VPOS="1430" WIDTH="106" HEIGHT="38" CONTENT="бороду" WC="0.80" CC="050600"/>
						<SP ID="P190_SP00214" HPOS="443" VPOS="1468" WIDTH="24"/>
						<String ID="P190_ST00246" HPOS="467" VPOS="1429" WIDTH="109" HEIGHT="39" CONTENT="обрею," WC="0.83" CC="500004"/>
						<SP ID="P190_SP00215" HPOS="576" VPOS="1468" WIDTH="27"/>
						<String ID="P190_ST00247" HPOS="603" VPOS="1436" WIDTH="85" HEIGHT="28" CONTENT="тогда" WC="0.77" CC="06500"/>
						<SP ID="P190_SP00216" HPOS="688" VPOS="1468" WIDTH="24"/>
						<String ID="P190_ST00248" HPOS="712" VPOS="1427" WIDTH="76" HEIGHT="41" CONTENT="буду" WC="1.00" CC="0000"/>
						<SP ID="P190_SP00217" HPOS="788" VPOS="1468" WIDTH="24"/>
						<String ID="P190_ST00249" HPOS="812" VPOS="1436" WIDTH="189" HEIGHT="23" CONTENT="помоложе»." WC="0.64" CC="5103559013"/>
					</TextLine>
				</TextBlock>
				<TextBlock ID="P190_TB00005" HPOS="128" VPOS="1472" WIDTH="1073" HEIGHT="78" STYLEREFS="TXT_0 PAR_LEFT">
					<TextLine ID="P190_TL00032" HPOS="197" VPOS="1473" WIDTH="1004" HEIGHT="40">
						<String ID="P190_ST00250" HPOS="197" VPOS="1492" WIDTH="42" HEIGHT="3" CONTENT="—" WC="0.20" CC="8"/>
						<SP ID="P190_SP00218" HPOS="239" VPOS="1495" WIDTH="30"/>
						<String ID="P190_ST00251" HPOS="269" VPOS="1473" WIDTH="92" HEIGHT="31" CONTENT="«Бе.зъ" WC="0.63" CC="034390"/>
						<SP ID="P190_SP00219" HPOS="361" VPOS="1504" WIDTH="25"/>
						<String ID="P190_ST00252" HPOS="386" VPOS="1474" WIDTH="111" HEIGHT="39" CONTENT="бороды" WC="0.63" CC="079202"/>
						<SP ID="P190_SP00220" HPOS="497" VPOS="1513" WIDTH="24"/>
						<String ID="P190_ST00253" HPOS="521" VPOS="1474" WIDTH="69" HEIGHT="30" CONTENT="тебя" WC="0.76" CC="0062"/>
						<SP ID="P190_SP00221" HPOS="590" VPOS="1513" WIDTH="24"/>
						<String ID="P190_ST00254" HPOS="614" VPOS="1481" WIDTH="109" HEIGHT="23" CONTENT="казаки" WC="0.78" CC="006006"/>
						<SP ID="P190_SP00222" HPOS="723" VPOS="1513" WIDTH="25"/>
						<String ID="P190_ST00255" HPOS="748" VPOS="1474" WIDTH="119" HEIGHT="29" CONTENT="любить" WC="0.53" CC="678500"/>
						<SP ID="P190_SP00223" HPOS="867" VPOS="1513" WIDTH="24"/>
						<String ID="P190_ST00256" HPOS="891" VPOS="1480" WIDTH="35" HEIGHT="23" CONTENT="не" WC="0.76" CC="40"/>
						<SP ID="P190_SP00224" HPOS="926" VPOS="1513" WIDTH="25"/>
						<String ID="P190_ST00257" HPOS="951" VPOS="1474" WIDTH="149" HEIGHT="39" CONTENT="будутъ»," WC="0.76" CC="60060024"/>
						<SP ID="P190_SP00225" HPOS="1100" VPOS="1513" WIDTH="18"/>
						<String ID="P190_ST00258" HPOS="1118" VPOS="1474" WIDTH="83" HEIGHT="28" CONTENT="отве" SUBS_TYPE="HypPart1" SUBS_CONTENT="ответила" WC="0.72" CC="50601"/>
						<HYP CONTENT="-"/>
					</TextLine>
					<TextLine ID="P190_TL00033" HPOS="128" VPOS="1528" WIDTH="291" HEIGHT="22">
						<String ID="P190_ST00259" HPOS="128" VPOS="1528" WIDTH="77" HEIGHT="22" CONTENT="тила" SUBS_TYPE="HypPart2" SUBS_CONTENT="ответила" WC="0.64" CC="0670"/>
						<SP ID="P190_SP00226" HPOS="205" VPOS="1550" WIDTH="24"/>
						<String ID="P190_ST00260" HPOS="229" VPOS="1528" WIDTH="190" HEIGHT="22" CONTENT="несчастная." WC="0.66" CC="22760704302"/>
					</TextLine>
				</TextBlock>
				<TextBlock ID="P190_TB00006" HPOS="129" VPOS="1562" WIDTH="1078" HEIGHT="398" STYLEREFS="TXT_0 PAR_LEFT">
					<TextLine ID="P190_TL00034" HPOS="197" VPOS="1563" WIDTH="1004" HEIGHT="39">
						<String ID="P190_ST00261" HPOS="197" VPOS="1563" WIDTH="42" HEIGHT="32" CONTENT="Въ" WC="0.46" CC="64"/>
						<SP ID="P190_SP00227" HPOS="239" VPOS="1595" WIDTH="25"/>
						<String ID="P190_ST00262" HPOS="264" VPOS="1573" WIDTH="128" HEIGHT="22" CONTENT="полночь" WC="0.50" CC="7306754"/>
						<SP ID="P190_SP00228" HPOS="392" VPOS="1595" WIDTH="25"/>
						<String ID="P190_ST00263" HPOS="417" VPOS="1573" WIDTH="37" HEIGHT="22" CONTENT="на" WC="0.75" CC="40"/>
						<SP ID="P190_SP00229" HPOS="454" VPOS="1595" WIDTH="26"/>
						<String ID="P190_ST00264" HPOS="480" VPOS="1563" WIDTH="73" HEIGHT="31" CONTENT="19-е" WC="0.83" CC="1103"/>
						<SP ID="P190_SP00230" HPOS="553" VPOS="1595" WIDTH="25"/>
						<String ID="P190_ST00265" HPOS="578" VPOS="1564" WIDTH="132" HEIGHT="38" CONTENT="февраля" WC="0.83" CC="0140102"/>
						<SP ID="P190_SP00231" HPOS="710" VPOS="1602" WIDTH="24"/>
						<String ID="P190_ST00266" HPOS="734" VPOS="1571" WIDTH="112" HEIGHT="23" CONTENT="явился" WC="0.59" CC="165604"/>
						<SP ID="P190_SP00232" HPOS="846" VPOS="1602" WIDTH="17"/>
						<String ID="P190_ST00267" HPOS="863" VPOS="1571" WIDTH="38" HEIGHT="22" CONTENT="въ" WC="0.64" CC="60"/>
						<SP ID="P190_SP00233" HPOS="901" VPOS="1602" WIDTH="17"/>
						<String ID="P190_ST00268" HPOS="918" VPOS="1565" WIDTH="181" HEIGHT="36" CONTENT="укреплеше" WC="0.73" CC="000019381"/>
						<SP ID="P190_SP00234" HPOS="1099" VPOS="1602" WIDTH="17"/>
						<String ID="P190_ST00269" HPOS="1116" VPOS="1570" WIDTH="85" HEIGHT="22" CONTENT="мало" SUBS_TYPE="HypPart1" SUBS_CONTENT="малолетокъ" WC="0.79" CC="20070"/>
						<HYP CONTENT="-"/>
					</TextLine>
					<TextLine ID="P190_TL00035" HPOS="129" VPOS="1608" WIDTH="1073" HEIGHT="41">
						<String ID="P190_ST00270" HPOS="129" VPOS="1611" WIDTH="116" HEIGHT="29" CONTENT="летокъ" SUBS_TYPE="HypPart2" SUBS_CONTENT="малолетокъ" WC="0.78" CC="700500"/>
						<SP ID="P190_SP00235" HPOS="245" VPOS="1640" WIDTH="26"/>
						<String ID="P190_ST00271" HPOS="271" VPOS="1608" WIDTH="102" HEIGHT="32" CONTENT="Иванъ" WC="0.48" CC="34980"/>
						<SP ID="P190_SP00236" HPOS="373" VPOS="1640" WIDTH="25"/>
						<String ID="P190_ST00272" HPOS="398" VPOS="1608" WIDTH="188" HEIGHT="41" CONTENT="Неудыбинъ" WC="0.58" CC="730709440"/>
						<SP ID="P190_SP00237" HPOS="586" VPOS="1649" WIDTH="25"/>
						<String ID="P190_ST00273" HPOS="611" VPOS="1617" WIDTH="19" HEIGHT="21" CONTENT="и" WC="0.38" CC="6"/>
						<SP ID="P190_SP00238" HPOS="630" VPOS="1649" WIDTH="24"/>
						<String ID="P190_ST00274" HPOS="654" VPOS="1609" WIDTH="163" HEIGHT="37" CONTENT="объявилъ," WC="0.69" CC="400525604"/>
						<SP ID="P190_SP00239" HPOS="817" VPOS="1649" WIDTH="26"/>
						<String ID="P190_ST00275" HPOS="843" VPOS="1617" WIDTH="52" HEIGHT="22" CONTENT="что" WC="0.71" CC="205"/>
						<SP ID="P190_SP00240" HPOS="895" VPOS="1649" WIDTH="38"/>
						<String ID="P190_ST00276" HPOS="933" VPOS="1616" WIDTH="109" HEIGHT="22" CONTENT="казаки" WC="0.91" CC="002003"/>
						<SP ID="P190_SP00241" HPOS="1042" VPOS="1649" WIDTH="36"/>
						<String ID="P190_ST00277" HPOS="1078" VPOS="1615" WIDTH="124" HEIGHT="28" CONTENT="подвели" WC="0.80" CC="0604003"/>
					</TextLine>
					<TextLine ID="P190_TL00036" HPOS="130" VPOS="1651" WIDTH="1073" HEIGHT="43">
						<String ID="P190_ST00278" HPOS="130" VPOS="1663" WIDTH="75" HEIGHT="25" CONTENT="подъ" WC="0.80" CC="3040"/>
						<SP ID="P190_SP00242" HPOS="205" VPOS="1688" WIDTH="24"/>
						<String ID="P190_ST00279" HPOS="229" VPOS="1655" WIDTH="153" HEIGHT="39" CONTENT="соборную" WC="0.61" CC="06570605"/>
						<SP ID="P190_SP00243" HPOS="382" VPOS="1694" WIDTH="25"/>
						<String ID="P190_ST00280" HPOS="407" VPOS="1662" WIDTH="190" HEIGHT="22" CONTENT="колокольню" WC="0.57" CC="0555066460"/>
						<SP ID="P190_SP00244" HPOS="597" VPOS="1694" WIDTH="24"/>
						<String ID="P190_ST00281" HPOS="621" VPOS="1662" WIDTH="144" HEIGHT="28" CONTENT="подкопъ." WC="0.80" CC="33007001"/>
						<SP ID="P190_SP00245" HPOS="765" VPOS="1694" WIDTH="46"/>
						<String ID="P190_ST00282" HPOS="811" VPOS="1651" WIDTH="77" HEIGHT="38" CONTENT="Едва" WC="0.83" CC="0060"/>
						<SP ID="P190_SP00246" HPOS="888" VPOS="1694" WIDTH="36"/>
						<String ID="P190_ST00283" HPOS="924" VPOS="1655" WIDTH="118" HEIGHT="37" CONTENT="успели" WC="0.71" CC="014074"/>
						<SP ID="P190_SP00247" HPOS="1042" VPOS="1694" WIDTH="32"/>
						<String ID="P190_ST00284" HPOS="1074" VPOS="1661" WIDTH="129" HEIGHT="22" CONTENT="вывезти" WC="0.63" CC="2450507"/>
					</TextLine>
					<TextLine ID="P190_TL00037" HPOS="131" VPOS="1706" WIDTH="1071" HEIGHT="32">
						<String ID="P190_ST00285" HPOS="131" VPOS="1707" WIDTH="88" HEIGHT="23" CONTENT="часть" WC="0.94" CC="00001"/>
						<SP ID="P190_SP00248" HPOS="219" VPOS="1730" WIDTH="24"/>
						<String ID="P190_ST00286" HPOS="243" VPOS="1707" WIDTH="120" HEIGHT="31" CONTENT="пороха," WC="0.70" CC="4505004"/>
						<SP ID="P190_SP00249" HPOS="363" VPOS="1738" WIDTH="26"/>
						<String ID="P190_ST00287" HPOS="389" VPOS="1707" WIDTH="76" HEIGHT="22" CONTENT="какъ" WC="0.51" CC="9900"/>
						<SP ID="P190_SP00250" HPOS="465" VPOS="1738" WIDTH="25"/>
						<String ID="P190_ST00288" HPOS="490" VPOS="1706" WIDTH="182" HEIGHT="22" CONTENT="колокольня" WC="0.52" CC="0667095075"/>
						<SP ID="P190_SP00251" HPOS="672" VPOS="1738" WIDTH="25"/>
						<String ID="P190_ST00289" HPOS="697" VPOS="1706" WIDTH="193" HEIGHT="32" CONTENT="в.здрогнула," WC="0.69" CC="109005440704"/>
						<SP ID="P190_SP00252" HPOS="890" VPOS="1738" WIDTH="26"/>
						<String ID="P190_ST00290" HPOS="916" VPOS="1706" WIDTH="117" HEIGHT="22" CONTENT="потомъ" WC="0.64" CC="860410"/>
						<SP ID="P190_SP00253" HPOS="1033" VPOS="1738" WIDTH="30"/>
						<String ID="P190_ST00291" HPOS="1063" VPOS="1706" WIDTH="54" HEIGHT="22" CONTENT="«съ" WC="0.74" CC="340"/>
						<SP ID="P190_SP00254" HPOS="1117" VPOS="1738" WIDTH="18"/>
						<String ID="P190_ST00292" HPOS="1135" VPOS="1706" WIDTH="67" HEIGHT="32" CONTENT="уди" SUBS_TYPE="HypPart1" SUBS_CONTENT="удивительною" WC="0.66" CC="9020"/>
						<HYP CONTENT="-"/>
					</TextLine>
					<TextLine ID="P190_TL00038" HPOS="130" VPOS="1740" WIDTH="1075" HEIGHT="42">
						<String ID="P190_ST00293" HPOS="130" VPOS="1752" WIDTH="170" HEIGHT="22" CONTENT="вительною" SUBS_TYPE="HypPart2" SUBS_CONTENT="удивительною" WC="0.76" CC="160000670"/>
						<SP ID="P190_SP00255" HPOS="300" VPOS="1774" WIDTH="25"/>
						<String ID="P190_ST00294" HPOS="325" VPOS="1752" WIDTH="151" HEIGHT="21" CONTENT="тихостью" WC="0.79" CC="04060050"/>
						<SP ID="P190_SP00256" HPOS="476" VPOS="1774" WIDTH="26"/>
						<String ID="P190_ST00295" HPOS="502" VPOS="1751" WIDTH="110" HEIGHT="22" CONTENT="начала" WC="0.55" CC="570760"/>
						<SP ID="P190_SP00257" HPOS="612" VPOS="1774" WIDTH="24"/>
						<String ID="P190_ST00296" HPOS="636" VPOS="1751" WIDTH="147" HEIGHT="22" CONTENT="валиться" WC="0.75" CC="50050602"/>
						<SP ID="P190_SP00258" HPOS="783" VPOS="1774" WIDTH="25"/>
						<String ID="P190_ST00297" HPOS="808" VPOS="1751" WIDTH="37" HEIGHT="22" CONTENT="на" WC="0.25" CC="68"/>
						<SP ID="P190_SP00259" HPOS="845" VPOS="1774" WIDTH="24"/>
						<String ID="P190_ST00298" HPOS="869" VPOS="1751" WIDTH="268" HEIGHT="31" CONTENT="ретраншамептъ." WC="0.78" CC="03003640013700"/>
						<SP ID="P190_SP00260" HPOS="1137" VPOS="1782" WIDTH="26"/>
						<String ID="P190_ST00299" HPOS="1163" VPOS="1740" WIDTH="42" HEIGHT="33" CONTENT="На" WC="0.71" CC="50"/>
					</TextLine>
					<TextLine ID="P190_TL00039" HPOS="130" VPOS="1788" WIDTH="1075" HEIGHT="40">
						<String ID="P190_ST00300" HPOS="130" VPOS="1797" WIDTH="119" HEIGHT="22" CONTENT="самомъ" WC="0.71" CC="420640"/>
						<SP ID="P190_SP00261" HPOS="249" VPOS="1819" WIDTH="23"/>
						<String ID="P190_ST00301" HPOS="272" VPOS="1796" WIDTH="93" HEIGHT="32" CONTENT="верху" WC="0.85" CC="00700"/>
						<SP ID="P190_SP00262" HPOS="365" VPOS="1828" WIDTH="26"/>
						<String ID="P190_ST00302" HPOS="391" VPOS="1796" WIDTH="89" HEIGHT="22" CONTENT="спало" WC="0.52" CC="35067"/>
						<SP ID="P190_SP00263" HPOS="480" VPOS="1828" WIDTH="28"/>
						<String ID="P190_ST00303" HPOS="508" VPOS="1788" WIDTH="16" HEIGHT="30" CONTENT="3" WC="0.06" CC="9"/>
						<SP ID="P190_SP00264" HPOS="524" VPOS="1828" WIDTH="26"/>
						<String ID="P190_ST00304" HPOS="550" VPOS="1789" WIDTH="160" HEIGHT="36" CONTENT="человека;" WC="0.75" CC="007730004"/>
						<SP ID="P190_SP00265" HPOS="710" VPOS="1828" WIDTH="38"/>
						<String ID="P190_ST00305" HPOS="748" VPOS="1795" WIDTH="62" HEIGHT="22" CONTENT="ихъ" WC="1.00" CC="000"/>
						<SP ID="P190_SP00266" HPOS="810" VPOS="1828" WIDTH="37"/>
						<String ID="P190_ST00306" HPOS="847" VPOS="1795" WIDTH="105" HEIGHT="22" CONTENT="снесло" WC="0.68" CC="350351"/>
						<SP ID="P190_SP00267" HPOS="952" VPOS="1828" WIDTH="25"/>
						<String ID="P190_ST00307" HPOS="977" VPOS="1796" WIDTH="36" HEIGHT="22" CONTENT="на" WC="0.71" CC="50"/>
						<SP ID="P190_SP00268" HPOS="1013" VPOS="1828" WIDTH="26"/>
						<String ID="P190_ST00308" HPOS="1039" VPOS="1796" WIDTH="107" HEIGHT="30" CONTENT="землю," WC="0.57" CC="403663"/>
						<SP ID="P190_SP00269" HPOS="1146" VPOS="1828" WIDTH="25"/>
						<String ID="P190_ST00309" HPOS="1171" VPOS="1795" WIDTH="34" HEIGHT="22" CONTENT="не" WC="0.42" CC="83"/>
					</TextLine>
					<TextLine ID="P190_TL00040" HPOS="130" VPOS="1832" WIDTH="1075" HEIGHT="42">
						<String ID="P190_ST00310" HPOS="130" VPOS="1834" WIDTH="180" HEIGHT="40" CONTENT="разбудивъ;" WC="0.72" CC="7056004004"/>
						<SP ID="P190_SP00270" HPOS="310" VPOS="1874" WIDTH="28"/>
						<String ID="P190_ST00311" HPOS="338" VPOS="1841" WIDTH="109" HEIGHT="31" CONTENT="пушку" WC="0.77" CC="40600"/>
						<SP ID="P190_SP00271" HPOS="447" VPOS="1874" WIDTH="24"/>
						<String ID="P190_ST00312" HPOS="471" VPOS="1841" WIDTH="37" HEIGHT="22" CONTENT="съ" WC="0.74" CC="05"/>
						<SP ID="P190_SP00272" HPOS="508" VPOS="1874" WIDTH="24"/>
						<String ID="P190_ST00313" HPOS="532" VPOS="1833" WIDTH="154" HEIGHT="38" CONTENT="лафетомъ" WC="0.67" CC="60900530"/>
						<SP ID="P190_SP00273" HPOS="686" VPOS="1874" WIDTH="38"/>
						<String ID="P190_ST00314" HPOS="724" VPOS="1839" WIDTH="160" HEIGHT="23" CONTENT="составило" WC="0.55" CC="590065470"/>
						<SP ID="P190_SP00274" HPOS="884" VPOS="1874" WIDTH="39"/>
						<String ID="P190_ST00315" HPOS="923" VPOS="1840" WIDTH="130" HEIGHT="23" CONTENT="внизъ»." WC="0.78" CC="0435020"/>
						<SP ID="P190_SP00275" HPOS="1053" VPOS="1874" WIDTH="42"/>
						<String ID="P190_ST00316" HPOS="1095" VPOS="1832" WIDTH="110" HEIGHT="37" CONTENT="Однако" WC="0.69" CC="506006"/>
					</TextLine>
					<TextLine ID="P190_TL00041" HPOS="132" VPOS="1876" WIDTH="1075" HEIGHT="33">
						<String ID="P190_ST00317" HPOS="132" VPOS="1878" WIDTH="40" HEIGHT="31" CONTENT="45" WC="1.00" CC="00"/>
						<SP ID="P190_SP00276" HPOS="172" VPOS="1909" WIDTH="35"/>
						<String ID="P190_ST00318" HPOS="207" VPOS="1880" WIDTH="150" HEIGHT="29" CONTENT="человекъ" WC="0.65" CC="54614050"/>
						<SP ID="P190_SP00277" HPOS="357" VPOS="1909" WIDTH="31"/>
						<String ID="P190_ST00319" HPOS="388" VPOS="1886" WIDTH="145" HEIGHT="22" CONTENT="все-таки" WC="0.69" CC="00105636"/>
						<SP ID="P190_SP00278" HPOS="533" VPOS="1909" WIDTH="34"/>
						<String ID="P190_ST00320" HPOS="567" VPOS="1883" WIDTH="203" HEIGHT="23" CONTENT="поплатились" WC="0.62" CC="53460056304"/>
						<SP ID="P190_SP00279" HPOS="770" VPOS="1909" WIDTH="26"/>
						<String ID="P190_ST00321" HPOS="796" VPOS="1885" WIDTH="137" HEIGHT="24" CONTENT="жизнью." WC="0.71" CC="0425033"/>
						<SP ID="P190_SP00280" HPOS="933" VPOS="1909" WIDTH="25"/>
						<String ID="P190_ST00322" HPOS="958" VPOS="1876" WIDTH="131" HEIGHT="33" CONTENT="Тотчасъ" WC="0.90" CC="0600000"/>
						<SP ID="P190_SP00281" HPOS="1089" VPOS="1909" WIDTH="25"/>
						<String ID="P190_ST00323" HPOS="1114" VPOS="1881" WIDTH="93" HEIGHT="28" CONTENT="после" WC="0.46" CC="54690"/>
					</TextLine>
					<TextLine ID="P190_TL00042" HPOS="131" VPOS="1922" WIDTH="1076" HEIGHT="38">
						<String ID="P190_ST00324" HPOS="131" VPOS="1932" WIDTH="113" HEIGHT="28" CONTENT="взрыва" WC="0.79" CC="600500"/>
						<SP ID="P190_SP00282" HPOS="244" VPOS="1960" WIDTH="25"/>
						<String ID="P190_ST00325" HPOS="269" VPOS="1930" WIDTH="197" HEIGHT="30" CONTENT="загрохотали" WC="0.67" CC="75006060604"/>
						<SP ID="P190_SP00283" HPOS="466" VPOS="1960" WIDTH="26"/>
						<String ID="P190_ST00326" HPOS="492" VPOS="1930" WIDTH="37" HEIGHT="22" CONTENT="въ" WC="0.69" CC="60"/>
						<SP ID="P190_SP00284" HPOS="529" VPOS="1960" WIDTH="25"/>
						<String ID="P190_ST00327" HPOS="554" VPOS="1922" WIDTH="150" HEIGHT="38" CONTENT="крепости" WC="0.62" CC="07056504"/>
						<SP ID="P190_SP00285" HPOS="704" VPOS="1960" WIDTH="26"/>
						<String ID="P190_ST00328" HPOS="730" VPOS="1929" WIDTH="122" HEIGHT="31" CONTENT="пушки," WC="0.74" CC="401044"/>
						<SP ID="P190_SP00286" HPOS="852" VPOS="1960" WIDTH="19"/>
						<String ID="P190_ST00329" HPOS="871" VPOS="1930" WIDTH="77" HEIGHT="22" CONTENT="такъ" WC="0.85" CC="0500"/>
						<SP ID="P190_SP00287" HPOS="948" VPOS="1960" WIDTH="25"/>
						<String ID="P190_ST00330" HPOS="973" VPOS="1931" WIDTH="50" HEIGHT="22" CONTENT="что" WC="0.79" CC="006"/>
						<SP ID="P190_SP00288" HPOS="1023" VPOS="1960" WIDTH="27"/>
						<String ID="P190_ST00331" HPOS="1050" VPOS="1932" WIDTH="108" HEIGHT="22" CONTENT="казаки" WC="0.79" CC="006005"/>
						<SP ID="P190_SP00289" HPOS="1158" VPOS="1960" WIDTH="17"/>
						<String ID="P190_ST00332" HPOS="1175" VPOS="1931" WIDTH="32" HEIGHT="23" CONTENT="не" WC="0.70" CC="60"/>
					</TextLine>
				</TextBlock>
			</PrintSpace>
		</Page>
	</Layout>
</alto>
