<?xml version="1.0" encoding="UTF-8"?>
<alto xmlns:xsi="http://www.w3.org/2001/XMLSchema-instance" xsi:noNamespaceSchemaLocation="http://www.bl.uk/schemas/alto/alto-1-4.xsd" xmlns:xlink="http://www.w3.org/1999/xlink">
	<Description>
		<MeasurementUnit>mm10</MeasurementUnit>
		<sourceImageInformation>
			<fileName>//head1/IN/2008-36/A0011936310/008283.jp2</fileName>
		</sourceImageInformation>
		<OCRProcessing ID="OCRPROCESSING_1">
			<preProcessingStep>
				<processingSoftware>
					<softwareCreator>CCS Content Conversion Specialists GmbH, Germany</softwareCreator>
					<softwareName>CCS docWORKS</softwareName>
					<softwareVersion>6.1-0.67</softwareVersion>
				</processingSoftware>
			</preProcessingStep>
			<ocrProcessingStep>
				<processingSoftware>
					<softwareCreator>ABBYY (BIT Software), Russia</softwareCreator>
					<softwareName>Finereader</softwareName>
				</processingSoftware>
			</ocrProcessingStep>
		</OCRProcessing>
	</Description>
	<Styles>
		<TextStyle ID="TXT_0" FONTSIZE="10" FONTFAMILY="Courier New"/>
		<ParagraphStyle ID="PAR_LEFT" ALIGN="Left"/>
	</Styles>
	<Layout>
		<Page ID="P265" PHYSICAL_IMG_NR="265" HEIGHT="2028" WIDTH="1261" PRINTED_IMG_NR="253" POSITION="Right" ACCURACY="60.66">
			<TopMargin ID="P265_TM00001" HPOS="0" VPOS="0" WIDTH="1260" HEIGHT="68">
				<TextBlock ID="P265_TB00001" HPOS="470" VPOS="42" WIDTH="175" HEIGHT="24" STYLEREFS="TXT_0 PAR_LEFT">
					<TextLine ID="P265_TL00001" HPOS="556" VPOS="50" WIDTH="89" HEIGHT="16">
						<String ID="P265_ST00001" HPOS="556" VPOS="50" WIDTH="89" HEIGHT="16" CONTENT="253" WC="1.00" CC="000"/>
					</TextLine>
				</TextBlock>
			</TopMargin>
			<LeftMargin ID="P265_LM00001" HPOS="0" VPOS="68" WIDTH="22" HEIGHT="1905"/>
			<RightMargin ID="P265_RM00001" HPOS="1120" VPOS="68" WIDTH="140" HEIGHT="1905"/>
			<BottomMargin ID="P265_BM00001" HPOS="0" VPOS="1973" WIDTH="1260" HEIGHT="54"/>
			<PrintSpace ID="P265_PS00001" HPOS="22" VPOS="68" WIDTH="1098" HEIGHT="1905">
				<TextBlock ID="P265_TB00002" HPOS="22" VPOS="116" WIDTH="1098" HEIGHT="1857" STYLEREFS="TXT_0 PAR_LEFT">
					<TextLine ID="P265_TL00002" HPOS="24" VPOS="117" WIDTH="1069" HEIGHT="41">
						<String ID="P265_ST00002" HPOS="24" VPOS="131" WIDTH="72" HEIGHT="25" CONTENT="томъ" WC="0.47" CC="5861"/>
						<SP ID="P265_SP00001" HPOS="96" VPOS="156" WIDTH="24"/>
						<String ID="P265_ST00003" HPOS="120" VPOS="129" WIDTH="164" HEIGHT="28" CONTENT="дальше...." WC="0.68" CC="0092563201"/>
						<SP ID="P265_SP00002" HPOS="284" VPOS="157" WIDTH="30"/>
						<String ID="P265_ST00004" HPOS="314" VPOS="118" WIDTH="102" HEIGHT="38" CONTENT="Одинъ" WC="0.58" CC="50644"/>
						<SP ID="P265_SP00003" HPOS="416" VPOS="157" WIDTH="26"/>
						<String ID="P265_ST00005" HPOS="442" VPOS="118" WIDTH="123" HEIGHT="40" CONTENT="дурный" WC="0.51" CC="089504"/>
						<SP ID="P265_SP00004" HPOS="565" VPOS="158" WIDTH="25"/>
						<String ID="P265_ST00006" HPOS="590" VPOS="125" WIDTH="17" HEIGHT="22" CONTENT="и" WC="0.66" CC="3"/>
						<SP ID="P265_SP00005" HPOS="607" VPOS="158" WIDTH="24"/>
						<String ID="P265_ST00007" HPOS="631" VPOS="117" WIDTH="200" HEIGHT="38" CONTENT="выстрелил" WC="0.58" CC="056009851"/>
						<SP ID="P265_SP00006" HPOS="831" VPOS="158" WIDTH="32"/>
						<String ID="P265_ST00008" HPOS="863" VPOS="123" WIDTH="39" HEIGHT="22" CONTENT="въ" WC="0.91" CC="10"/>
						<SP ID="P265_SP00007" HPOS="902" VPOS="158" WIDTH="35"/>
						<String ID="P265_ST00009" HPOS="937" VPOS="122" WIDTH="156" HEIGHT="32" CONTENT="черкеску." WC="0.76" CC="600501501"/>
					</TextLine>
					<TextLine ID="P265_TL00003" HPOS="26" VPOS="158" WIDTH="1069" HEIGHT="50">
						<String ID="P265_ST00010" HPOS="26" VPOS="170" WIDTH="53" HEIGHT="31" CONTENT="Все" WC="0.65" CC="370"/>
						<SP ID="P265_SP00008" HPOS="79" VPOS="201" WIDTH="22"/>
						<String ID="P265_ST00011" HPOS="101" VPOS="175" WIDTH="75" HEIGHT="33" CONTENT="туда" WC="1.00" CC="0000"/>
						<SP ID="P265_SP00009" HPOS="176" VPOS="208" WIDTH="24"/>
						<String ID="P265_ST00012" HPOS="200" VPOS="166" WIDTH="177" HEIGHT="39" CONTENT="бросились," WC="0.62" CC="6843600332"/>
						<SP ID="P265_SP00010" HPOS="377" VPOS="208" WIDTH="27"/>
						<String ID="P265_ST00013" HPOS="404" VPOS="172" WIDTH="128" HEIGHT="32" CONTENT="думали," WC="0.61" CC="0080952"/>
						<SP ID="P265_SP00011" HPOS="532" VPOS="208" WIDTH="24"/>
						<String ID="P265_ST00014" HPOS="556" VPOS="163" WIDTH="169" HEIGHT="40" CONTENT="угорелые," WC="0.65" CC="044009254"/>
						<SP ID="P265_SP00012" HPOS="725" VPOS="208" WIDTH="25"/>
						<String ID="P265_ST00015" HPOS="750" VPOS="168" WIDTH="50" HEIGHT="22" CONTENT="что" WC="0.10" CC="997"/>
						<SP ID="P265_SP00013" HPOS="800" VPOS="208" WIDTH="25"/>
						<String ID="P265_ST00016" HPOS="825" VPOS="168" WIDTH="18" HEIGHT="22" CONTENT="я" WC="0.27" CC="7"/>
						<SP ID="P265_SP00014" HPOS="843" VPOS="208" WIDTH="22"/>
						<String ID="P265_ST00017" HPOS="865" VPOS="160" WIDTH="110" HEIGHT="41" CONTENT="убитъ." WC="0.70" CC="055024"/>
						<SP ID="P265_SP00015" HPOS="975" VPOS="208" WIDTH="26"/>
						<String ID="P265_ST00018" HPOS="1001" VPOS="158" WIDTH="94" HEIGHT="32" CONTENT="Наки" SUBS_TYPE="HypPart1" SUBS_CONTENT="Накинулъ" WC="0.51" CC="72553"/>
						<HYP CONTENT="-"/>
					</TextLine>
					<TextLine ID="P265_TL00004" HPOS="27" VPOS="206" WIDTH="1069" HEIGHT="50">
						<String ID="P265_ST00019" HPOS="27" VPOS="223" WIDTH="73" HEIGHT="33" CONTENT="нулъ" SUBS_TYPE="HypPart2" SUBS_CONTENT="Накинулъ" WC="0.63" CC="7070"/>
						<SP ID="P265_SP00016" HPOS="100" VPOS="256" WIDTH="23"/>
						<String ID="P265_ST00020" HPOS="123" VPOS="221" WIDTH="17" HEIGHT="22" CONTENT="я" WC="0.66" CC="3"/>
						<SP ID="P265_SP00017" HPOS="140" VPOS="256" WIDTH="25"/>
						<String ID="P265_ST00021" HPOS="165" VPOS="219" WIDTH="84" HEIGHT="28" CONTENT="тогда" WC="0.83" CC="02600"/>
						<SP ID="P265_SP00018" HPOS="249" VPOS="256" WIDTH="33"/>
						<String ID="P265_ST00022" HPOS="282" VPOS="219" WIDTH="38" HEIGHT="22" CONTENT="на" WC="0.67" CC="60"/>
						<SP ID="P265_SP00019" HPOS="320" VPOS="256" WIDTH="33"/>
						<String ID="P265_ST00023" HPOS="353" VPOS="217" WIDTH="98" HEIGHT="33" CONTENT="кустъ" WC="0.94" CC="00002"/>
						<SP ID="P265_SP00020" HPOS="451" VPOS="256" WIDTH="32"/>
						<String ID="P265_ST00024" HPOS="483" VPOS="208" WIDTH="113" HEIGHT="41" CONTENT="бурку," WC="0.87" CC="300003"/>
						<SP ID="P265_SP00021" HPOS="596" VPOS="256" WIDTH="35"/>
						<String ID="P265_ST00025" HPOS="631" VPOS="214" WIDTH="166" HEIGHT="32" CONTENT="прикрылъ" WC="0.66" CC="40500491"/>
						<SP ID="P265_SP00022" HPOS="797" VPOS="256" WIDTH="33"/>
						<String ID="P265_ST00026" HPOS="830" VPOS="214" WIDTH="30" HEIGHT="22" CONTENT="ее" WC="0.60" CC="70"/>
						<SP ID="P265_SP00023" HPOS="860" VPOS="256" WIDTH="30"/>
						<String ID="P265_ST00027" HPOS="890" VPOS="206" WIDTH="146" HEIGHT="38" CONTENT="папахой," WC="0.64" CC="00509650"/>
						<SP ID="P265_SP00024" HPOS="1036" VPOS="256" WIDTH="26"/>
						<String ID="P265_ST00028" HPOS="1062" VPOS="213" WIDTH="34" HEIGHT="28" CONTENT="да" WC="1.00" CC="00"/>
					</TextLine>
					<TextLine ID="P265_TL00005" HPOS="27" VPOS="251" WIDTH="1066" HEIGHT="44">
						<String ID="P265_ST00029" HPOS="27" VPOS="262" WIDTH="104" HEIGHT="30" CONTENT="вместо" WC="0.54" CC="730096"/>
						<SP ID="P265_SP00025" HPOS="131" VPOS="292" WIDTH="25"/>
						<String ID="P265_ST00030" HPOS="156" VPOS="265" WIDTH="77" HEIGHT="30" CONTENT="того," WC="0.66" CC="05334"/>
						<SP ID="P265_SP00026" HPOS="233" VPOS="295" WIDTH="25"/>
						<String ID="P265_ST00031" HPOS="258" VPOS="255" WIDTH="96" HEIGHT="31" CONTENT="чтобы" WC="0.49" CC="09374"/>
						<SP ID="P265_SP00027" HPOS="354" VPOS="295" WIDTH="25"/>
						<String ID="P265_ST00032" HPOS="379" VPOS="256" WIDTH="122" HEIGHT="30" CONTENT="бежать" WC="0.78" CC="500700"/>
						<SP ID="P265_SP00028" HPOS="501" VPOS="295" WIDTH="14"/>
						<String ID="P265_ST00033" HPOS="515" VPOS="261" WIDTH="129" HEIGHT="29" CONTENT="дальше," WC="0.73" CC="0940220"/>
						<SP ID="P265_SP00029" HPOS="644" VPOS="295" WIDTH="23"/>
						<String ID="P265_ST00034" HPOS="667" VPOS="251" WIDTH="161" HEIGHT="40" CONTENT="разобрала" WC="0.52" CC="077570392"/>
						<SP ID="P265_SP00030" HPOS="828" VPOS="295" WIDTH="17"/>
						<String ID="P265_ST00035" HPOS="845" VPOS="259" WIDTH="77" HEIGHT="22" CONTENT="меня" WC="0.54" CC="1564"/>
						<SP ID="P265_SP00031" HPOS="922" VPOS="295" WIDTH="17"/>
						<String ID="P265_ST00036" HPOS="939" VPOS="259" WIDTH="90" HEIGHT="22" CONTENT="охота" WC="0.59" CC="68400"/>
						<SP ID="P265_SP00032" HPOS="1029" VPOS="295" WIDTH="16"/>
						<String ID="P265_ST00037" HPOS="1045" VPOS="260" WIDTH="48" HEIGHT="21" CONTENT="по" SUBS_TYPE="HypPart1" SUBS_CONTENT="потешить" WC="0.58" CC="650"/>
						<HYP CONTENT="-"/>
					</TextLine>
					<TextLine ID="P265_TL00006" HPOS="26" VPOS="302" WIDTH="1068" HEIGHT="37">
						<String ID="P265_ST00038" HPOS="26" VPOS="309" WIDTH="118" HEIGHT="29" CONTENT="тешить" SUBS_TYPE="HypPart2" SUBS_CONTENT="потешить" WC="0.45" CC="987600"/>
						<SP ID="P265_SP00033" HPOS="144" VPOS="338" WIDTH="24"/>
						<String ID="P265_ST00039" HPOS="168" VPOS="302" WIDTH="82" HEIGHT="32" CONTENT="себя:" WC="0.62" CC="25801"/>
						<SP ID="P265_SP00034" HPOS="250" VPOS="338" WIDTH="28"/>
						<String ID="P265_ST00040" HPOS="278" VPOS="309" WIDTH="77" HEIGHT="23" CONTENT="какъ" WC="0.67" CC="3090"/>
						<SP ID="P265_SP00035" HPOS="355" VPOS="338" WIDTH="24"/>
						<String ID="P265_ST00041" HPOS="379" VPOS="307" WIDTH="189" HEIGHT="32" CONTENT="шарахнулъ" WC="0.69" CC="200095900"/>
						<SP ID="P265_SP00036" HPOS="568" VPOS="339" WIDTH="21"/>
						<String ID="P265_ST00042" HPOS="589" VPOS="306" WIDTH="40" HEIGHT="22" CONTENT="въ" WC="0.76" CC="04"/>
						<SP ID="P265_SP00037" HPOS="629" VPOS="339" WIDTH="24"/>
						<String ID="P265_ST00043" HPOS="653" VPOS="305" WIDTH="105" HEIGHT="32" CONTENT="самую" WC="0.81" CC="07100"/>
						<SP ID="P265_SP00038" HPOS="758" VPOS="339" WIDTH="26"/>
						<String ID="P265_ST00044" HPOS="784" VPOS="305" WIDTH="110" HEIGHT="31" CONTENT="кучку," WC="0.93" CC="000004"/>
						<SP ID="P265_SP00039" HPOS="894" VPOS="339" WIDTH="19"/>
						<String ID="P265_ST00045" HPOS="913" VPOS="304" WIDTH="66" HEIGHT="23" CONTENT="ажъ" WC="0.72" CC="160"/>
						<SP ID="P265_SP00040" HPOS="979" VPOS="339" WIDTH="25"/>
						<String ID="P265_ST00046" HPOS="1004" VPOS="305" WIDTH="90" HEIGHT="30" CONTENT="перья" WC="0.83" CC="40003"/>
					</TextLine>
					<TextLine ID="P265_TL00007" HPOS="29" VPOS="345" WIDTH="1068" HEIGHT="38">
						<String ID="P265_ST00047" HPOS="29" VPOS="356" WIDTH="197" HEIGHT="27" CONTENT="посыпались." WC="0.72" CC="52074004104"/>
						<SP ID="P265_SP00041" HPOS="226" VPOS="383" WIDTH="38"/>
						<String ID="P265_ST00048" HPOS="264" VPOS="345" WIDTH="186" HEIGHT="32" CONTENT="Озлобились" WC="0.75" CC="0001650540"/>
						<SP ID="P265_SP00042" HPOS="450" VPOS="383" WIDTH="37"/>
						<String ID="P265_ST00049" HPOS="487" VPOS="353" WIDTH="55" HEIGHT="22" CONTENT="они" WC="0.60" CC="460"/>
						<SP ID="P265_SP00043" HPOS="542" VPOS="383" WIDTH="36"/>
						<String ID="P265_ST00050" HPOS="578" VPOS="351" WIDTH="132" HEIGHT="32" CONTENT="здорово," WC="0.54" CC="60605574"/>
						<SP ID="P265_SP00044" HPOS="710" VPOS="383" WIDTH="39"/>
						<String ID="P265_ST00051" HPOS="749" VPOS="350" WIDTH="153" HEIGHT="31" CONTENT="кинулись" WC="0.63" CC="05509070"/>
						<SP ID="P265_SP00045" HPOS="902" VPOS="383" WIDTH="32"/>
						<String ID="P265_ST00052" HPOS="934" VPOS="350" WIDTH="39" HEIGHT="22" CONTENT="къ" WC="0.90" CC="01"/>
						<SP ID="P265_SP00046" HPOS="973" VPOS="383" WIDTH="28"/>
						<String ID="P265_ST00053" HPOS="1001" VPOS="350" WIDTH="96" HEIGHT="31" CONTENT="моему" WC="0.62" CC="55070"/>
					</TextLine>
					<TextLine ID="P265_TL00008" HPOS="31" VPOS="384" WIDTH="1070" HEIGHT="54">
						<String ID="P265_ST00054" HPOS="31" VPOS="404" WIDTH="100" HEIGHT="34" CONTENT="кусту:" WC="0.57" CC="900906"/>
						<SP ID="P265_SP00047" HPOS="131" VPOS="438" WIDTH="27"/>
						<String ID="P265_ST00055" HPOS="158" VPOS="402" WIDTH="36" HEIGHT="23" CONTENT="не" WC="0.65" CC="60"/>
						<SP ID="P265_SP00048" HPOS="194" VPOS="438" WIDTH="24"/>
						<String ID="P265_ST00056" HPOS="218" VPOS="399" WIDTH="128" HEIGHT="34" CONTENT="тутъ-то" WC="0.86" CC="0006002"/>
						<SP ID="P265_SP00049" HPOS="346" VPOS="438" WIDTH="26"/>
						<String ID="P265_ST00057" HPOS="372" VPOS="392" WIDTH="80" HEIGHT="30" CONTENT="было" WC="0.49" CC="7255"/>
						<String ID="P265_ST00058" HPOS="455" VPOS="408" WIDTH="40" HEIGHT="3" CONTENT="—" WC="0.20" CC="8"/>
						<String ID="P265_ST00059" HPOS="499" VPOS="399" WIDTH="18" HEIGHT="21" CONTENT="я" WC="0.01" CC="9"/>
						<SP ID="P265_SP00050" HPOS="517" VPOS="438" WIDTH="24"/>
						<String ID="P265_ST00060" HPOS="541" VPOS="398" WIDTH="61" HEIGHT="22" CONTENT="зже" WC="0.38" CC="890"/>
						<SP ID="P265_SP00051" HPOS="602" VPOS="438" WIDTH="17"/>
						<String ID="P265_ST00061" HPOS="619" VPOS="396" WIDTH="116" HEIGHT="27" CONTENT="сидвлъ" WC="0.62" CC="730704"/>
						<SP ID="P265_SP00052" HPOS="735" VPOS="438" WIDTH="17"/>
						<String ID="P265_ST00062" HPOS="752" VPOS="395" WIDTH="34" HEIGHT="23" CONTENT="за" WC="0.69" CC="42"/>
						<SP ID="P265_SP00053" HPOS="786" VPOS="438" WIDTH="17"/>
						<String ID="P265_ST00063" HPOS="803" VPOS="394" WIDTH="167" HEIGHT="28" CONTENT="дальнимъ." WC="0.72" CC="000165504"/>
						<SP ID="P265_SP00054" HPOS="970" VPOS="438" WIDTH="19"/>
						<String ID="P265_ST00064" HPOS="989" VPOS="384" WIDTH="112" HEIGHT="38" CONTENT="Однако" WC="0.69" CC="407006"/>
					</TextLine>
					<TextLine ID="P265_TL00009" HPOS="31" VPOS="435" WIDTH="1068" HEIGHT="43">
						<String ID="P265_ST00065" HPOS="31" VPOS="451" WIDTH="31" HEIGHT="23" CONTENT="по" WC="0.56" CC="17"/>
						<SP ID="P265_SP00055" HPOS="62" VPOS="474" WIDTH="23"/>
						<String ID="P265_ST00066" HPOS="85" VPOS="442" WIDTH="99" HEIGHT="29" CONTENT="всемъ" WC="0.74" CC="41060"/>
						<SP ID="P265_SP00056" HPOS="184" VPOS="474" WIDTH="33"/>
						<String ID="P265_ST00067" HPOS="217" VPOS="438" WIDTH="195" HEIGHT="40" CONTENT="приметамъ," WC="0.69" CC="5057006400"/>
						<SP ID="P265_SP00057" HPOS="412" VPOS="478" WIDTH="35"/>
						<String ID="P265_ST00068" HPOS="447" VPOS="437" WIDTH="63" HEIGHT="29" CONTENT="мне" WC="0.44" CC="960"/>
						<SP ID="P265_SP00058" HPOS="510" VPOS="478" WIDTH="24"/>
						<String ID="P265_ST00069" HPOS="534" VPOS="435" WIDTH="42" HEIGHT="31" CONTENT="бы" WC="0.41" CC="64"/>
						<SP ID="P265_SP00059" HPOS="576" VPOS="478" WIDTH="25"/>
						<String ID="P265_ST00070" HPOS="601" VPOS="441" WIDTH="166" HEIGHT="32" CONTENT="пропадать" WC="0.86" CC="006600000"/>
						<SP ID="P265_SP00060" HPOS="767" VPOS="478" WIDTH="30"/>
						<String ID="P265_ST00071" HPOS="797" VPOS="440" WIDTH="77" HEIGHT="31" CONTENT="тутъ" WC="0.75" CC="9000"/>
						<SP ID="P265_SP00061" HPOS="874" VPOS="478" WIDTH="25"/>
						<String ID="P265_ST00072" HPOS="899" VPOS="439" WIDTH="93" HEIGHT="32" CONTENT="надо;" WC="0.74" CC="60060"/>
						<SP ID="P265_SP00062" HPOS="992" VPOS="478" WIDTH="26"/>
						<String ID="P265_ST00073" HPOS="1018" VPOS="439" WIDTH="81" HEIGHT="22" CONTENT="всего" WC="0.87" CC="00006"/>
					</TextLine>
					<TextLine ID="P265_TL00010" HPOS="29" VPOS="478" WIDTH="1067" HEIGHT="41">
						<String ID="P265_ST00074" HPOS="29" VPOS="493" WIDTH="175" HEIGHT="26" CONTENT="оставалось" WC="0.59" CC="9750009340"/>
						<SP ID="P265_SP00063" HPOS="204" VPOS="519" WIDTH="26"/>
						<String ID="P265_ST00075" HPOS="230" VPOS="490" WIDTH="176" HEIGHT="25" CONTENT="камышомъ" WC="0.52" CC="10446757"/>
						<SP ID="P265_SP00064" HPOS="406" VPOS="519" WIDTH="25"/>
						<String ID="P265_ST00076" HPOS="431" VPOS="489" WIDTH="122" HEIGHT="23" CONTENT="шаговъ" WC="0.63" CC="008660"/>
						<SP ID="P265_SP00065" HPOS="553" VPOS="519" WIDTH="18"/>
						<String ID="P265_ST00077" HPOS="571" VPOS="478" WIDTH="78" HEIGHT="41" CONTENT="200," WC="0.77" CC="9000"/>
						<SP ID="P265_SP00066" HPOS="649" VPOS="519" WIDTH="26"/>
						<String ID="P265_ST00078" HPOS="675" VPOS="486" WIDTH="161" HEIGHT="28" CONTENT="дальше—" WC="0.77" CC="1000608"/>
						<String ID="P265_ST00079" HPOS="840" VPOS="484" WIDTH="109" HEIGHT="23" CONTENT="чистая" WC="0.72" CC="060018"/>
						<SP ID="P265_SP00067" HPOS="949" VPOS="519" WIDTH="25"/>
						<String ID="P265_ST00080" HPOS="974" VPOS="484" WIDTH="122" HEIGHT="24" CONTENT="поляна," WC="0.69" CC="5400460"/>
					</TextLine>
					<TextLine ID="P265_TL00011" HPOS="34" VPOS="522" WIDTH="1063" HEIGHT="48">
						<String ID="P265_ST00081" HPOS="34" VPOS="534" WIDTH="82" HEIGHT="36" CONTENT="негде" WC="0.73" CC="61400"/>
						<SP ID="P265_SP00068" HPOS="116" VPOS="570" WIDTH="24"/>
						<String ID="P265_ST00082" HPOS="140" VPOS="532" WIDTH="201" HEIGHT="36" CONTENT="зацепиться." WC="0.72" CC="55004400054"/>
						<SP ID="P265_SP00069" HPOS="341" VPOS="570" WIDTH="16"/>
						<String ID="P265_ST00083" HPOS="357" VPOS="526" WIDTH="136" HEIGHT="41" CONTENT="Дуыалъ," WC="0.67" CC="9080004"/>
						<SP ID="P265_SP00070" HPOS="493" VPOS="570" WIDTH="14"/>
						<String ID="P265_ST00084" HPOS="507" VPOS="534" WIDTH="52" HEIGHT="22" CONTENT="что" WC="0.82" CC="005"/>
						<SP ID="P265_SP00071" HPOS="559" VPOS="570" WIDTH="19"/>
						<String ID="P265_ST00085" HPOS="578" VPOS="533" WIDTH="56" HEIGHT="23" CONTENT="они" WC="0.52" CC="166"/>
						<SP ID="P265_SP00072" HPOS="634" VPOS="570" WIDTH="25"/>
						<String ID="P265_ST00086" HPOS="659" VPOS="530" WIDTH="185" HEIGHT="33" CONTENT="задержатся" WC="0.77" CC="5004000074"/>
						<SP ID="P265_SP00073" HPOS="844" VPOS="570" WIDTH="25"/>
						<String ID="P265_ST00087" HPOS="869" VPOS="522" WIDTH="110" HEIGHT="39" CONTENT="буркой" WC="0.65" CC="007075"/>
						<String ID="P265_ST00088" HPOS="990" VPOS="530" WIDTH="4" HEIGHT="22" CONTENT=":" WC="1.00" CC="0"/>
						<SP ID="P265_SP00074" HPOS="994" VPOS="570" WIDTH="30"/>
						<String ID="P265_ST00089" HPOS="1024" VPOS="529" WIDTH="73" HEIGHT="22" CONTENT="пока" WC="0.66" CC="5700"/>
					</TextLine>
					<TextLine ID="P265_TL00012" HPOS="34" VPOS="567" WIDTH="1064" HEIGHT="52">
						<String ID="P265_ST00090" HPOS="34" VPOS="584" WIDTH="200" HEIGHT="35" CONTENT="расчухаютъ," WC="0.66" CC="97509000004"/>
						<SP ID="P265_SP00075" HPOS="234" VPOS="619" WIDTH="26"/>
						<String ID="P265_ST00091" HPOS="260" VPOS="582" WIDTH="18" HEIGHT="23" CONTENT="я" WC="0.29" CC="7"/>
						<SP ID="P265_SP00076" HPOS="278" VPOS="619" WIDTH="24"/>
						<String ID="P265_ST00092" HPOS="302" VPOS="574" WIDTH="108" HEIGHT="40" CONTENT="успею" WC="0.54" CC="80490"/>
						<SP ID="P265_SP00077" HPOS="410" VPOS="619" WIDTH="22"/>
						<String ID="P265_ST00093" HPOS="432" VPOS="572" WIDTH="195" HEIGHT="38" CONTENT="перебежать" WC="0.76" CC="6000790000"/>
						<SP ID="P265_SP00078" HPOS="627" VPOS="619" WIDTH="17"/>
						<String ID="P265_ST00094" HPOS="644" VPOS="576" WIDTH="142" HEIGHT="32" CONTENT="чистоту," WC="0.86" CC="01005004"/>
						<SP ID="P265_SP00079" HPOS="786" VPOS="619" WIDTH="20"/>
						<String ID="P265_ST00095" HPOS="806" VPOS="576" WIDTH="17" HEIGHT="22" CONTENT="а" WC="1.00" CC="0"/>
						<SP ID="P265_SP00080" HPOS="823" VPOS="619" WIDTH="18"/>
						<String ID="P265_ST00096" HPOS="841" VPOS="575" WIDTH="105" HEIGHT="22" CONTENT="вышло" WC="0.67" CC="50604"/>
						<SP ID="P265_SP00081" HPOS="946" VPOS="619" WIDTH="19"/>
						<String ID="P265_ST00097" HPOS="965" VPOS="567" WIDTH="133" HEIGHT="30" CONTENT="совсемъ" WC="0.94" CC="0000004"/>
					</TextLine>
					<TextLine ID="P265_TL00013" HPOS="34" VPOS="616" WIDTH="1069" HEIGHT="48">
						<String ID="P265_ST00098" HPOS="34" VPOS="630" WIDTH="109" HEIGHT="34" CONTENT="другое." WC="0.73" CC="1801700"/>
						<SP ID="P265_SP00082" HPOS="143" VPOS="664" WIDTH="35"/>
						<String ID="P265_ST00099" HPOS="178" VPOS="620" WIDTH="183" HEIGHT="31" CONTENT="Сколько-то" WC="0.64" CC="6046004192"/>
						<SP ID="P265_SP00083" HPOS="361" VPOS="664" WIDTH="34"/>
						<String ID="P265_ST00100" HPOS="395" VPOS="625" WIDTH="164" HEIGHT="32" CONTENT="черкесовъ" WC="0.74" CC="017030504"/>
						<SP ID="P265_SP00084" HPOS="559" VPOS="664" WIDTH="28"/>
						<String ID="P265_ST00101" HPOS="587" VPOS="616" WIDTH="165" HEIGHT="38" CONTENT="бросились" WC="0.53" CC="994360430"/>
						<SP ID="P265_SP00085" HPOS="752" VPOS="664" WIDTH="24"/>
						<String ID="P265_ST00102" HPOS="776" VPOS="620" WIDTH="39" HEIGHT="23" CONTENT="къ" WC="0.76" CC="40"/>
						<SP ID="P265_SP00086" HPOS="815" VPOS="664" WIDTH="24"/>
						<String ID="P265_ST00103" HPOS="839" VPOS="620" WIDTH="104" HEIGHT="31" CONTENT="кусту," WC="0.94" CC="000002"/>
						<SP ID="P265_SP00087" HPOS="943" VPOS="664" WIDTH="25"/>
						<String ID="P265_ST00104" HPOS="968" VPOS="620" WIDTH="17" HEIGHT="21" CONTENT="а" WC="0.85" CC="1"/>
						<SP ID="P265_SP00088" HPOS="985" VPOS="664" WIDTH="24"/>
						<String ID="P265_ST00105" HPOS="1009" VPOS="620" WIDTH="94" HEIGHT="27" CONTENT="одинъ" WC="0.38" CC="58564"/>
					</TextLine>
					<TextLine ID="P265_TL00014" HPOS="35" VPOS="658" WIDTH="1066" HEIGHT="51">
						<String ID="P265_ST00106" HPOS="35" VPOS="676" WIDTH="90" HEIGHT="33" CONTENT="прямо" WC="0.46" CC="50956"/>
						<SP ID="P265_SP00089" HPOS="125" VPOS="709" WIDTH="32"/>
						<String ID="P265_ST00107" HPOS="157" VPOS="675" WIDTH="38" HEIGHT="22" CONTENT="на" WC="0.37" CC="75"/>
						<SP ID="P265_SP00090" HPOS="195" VPOS="709" WIDTH="32"/>
						<String ID="P265_ST00108" HPOS="227" VPOS="673" WIDTH="78" HEIGHT="24" CONTENT="меня" WC="0.59" CC="4056"/>
						<SP ID="P265_SP00091" HPOS="305" VPOS="709" WIDTH="25"/>
						<String ID="P265_ST00109" HPOS="330" VPOS="673" WIDTH="38" HEIGHT="21" CONTENT="съ" WC="1.00" CC="00"/>
						<SP ID="P265_SP00092" HPOS="368" VPOS="709" WIDTH="26"/>
						<String ID="P265_ST00110" HPOS="394" VPOS="661" WIDTH="181" HEIGHT="32" CONTENT="гвинтовкой" WC="0.45" CC="5167066856"/>
						<SP ID="P265_SP00093" HPOS="575" VPOS="709" WIDTH="34"/>
						<String ID="P265_ST00111" HPOS="609" VPOS="669" WIDTH="39" HEIGHT="22" CONTENT="въ" WC="0.76" CC="40"/>
						<SP ID="P265_SP00094" HPOS="648" VPOS="709" WIDTH="34"/>
						<String ID="P265_ST00112" HPOS="682" VPOS="666" WIDTH="131" HEIGHT="32" CONTENT="рукахъ;" WC="0.83" CC="0000902"/>
						<SP ID="P265_SP00095" HPOS="813" VPOS="709" WIDTH="28"/>
						<String ID="P265_ST00113" HPOS="841" VPOS="665" WIDTH="75" HEIGHT="22" CONTENT="такъ" WC="1.00" CC="0000"/>
						<SP ID="P265_SP00096" HPOS="916" VPOS="709" WIDTH="24"/>
						<String ID="P265_ST00114" HPOS="940" VPOS="664" WIDTH="17" HEIGHT="22" CONTENT="и" WC="0.47" CC="5"/>
						<SP ID="P265_SP00097" HPOS="957" VPOS="709" WIDTH="25"/>
						<String ID="P265_ST00115" HPOS="982" VPOS="658" WIDTH="119" HEIGHT="29" CONTENT="лезетъ." WC="0.77" CC="6040050"/>
					</TextLine>
					<TextLine ID="P265_TL00015" HPOS="37" VPOS="698" WIDTH="1064" HEIGHT="55">
						<String ID="P265_ST00116" HPOS="37" VPOS="715" WIDTH="102" HEIGHT="38" CONTENT="бест.я," WC="0.56" CC="9040761"/>
						<SP ID="P265_SP00098" HPOS="139" VPOS="753" WIDTH="24"/>
						<String ID="P265_ST00117" HPOS="163" VPOS="720" WIDTH="40" HEIGHT="22" CONTENT="въ" WC="0.98" CC="00"/>
						<SP ID="P265_SP00099" HPOS="203" VPOS="753" WIDTH="25"/>
						<String ID="P265_ST00118" HPOS="228" VPOS="718" WIDTH="106" HEIGHT="32" CONTENT="самую" WC="0.84" CC="10006"/>
						<SP ID="P265_SP00100" HPOS="334" VPOS="753" WIDTH="34"/>
						<String ID="P265_ST00119" HPOS="368" VPOS="716" WIDTH="137" HEIGHT="32" CONTENT="гущину," WC="0.72" CC="3035600"/>
						<SP ID="P265_SP00101" HPOS="505" VPOS="753" WIDTH="27"/>
						<String ID="P265_ST00120" HPOS="532" VPOS="707" WIDTH="69" HEIGHT="29" CONTENT="безъ" WC="0.69" CC="6041"/>
						<SP ID="P265_SP00102" HPOS="601" VPOS="753" WIDTH="31"/>
						<String ID="P265_ST00121" HPOS="632" VPOS="704" WIDTH="110" HEIGHT="32" CONTENT="всякой" WC="0.80" CC="240040"/>
						<SP ID="P265_SP00103" HPOS="742" VPOS="753" WIDTH="33"/>
						<String ID="P265_ST00122" HPOS="775" VPOS="710" WIDTH="125" HEIGHT="23" CONTENT="опаски." WC="0.64" CC="7604060"/>
						<SP ID="P265_SP00104" HPOS="900" VPOS="753" WIDTH="28"/>
						<String ID="P265_ST00123" HPOS="928" VPOS="698" WIDTH="32" HEIGHT="42" CONTENT="Э," WC="0.40" CC="74"/>
						<SP ID="P265_SP00105" HPOS="960" VPOS="753" WIDTH="26"/>
						<String ID="P265_ST00124" HPOS="986" VPOS="709" WIDTH="115" HEIGHT="31" CONTENT="думаю," WC="0.88" CC="000007"/>
					</TextLine>
					<TextLine ID="P265_TL00016" HPOS="38" VPOS="747" WIDTH="1060" HEIGHT="52">
						<String ID="P265_ST00125" HPOS="38" VPOS="760" WIDTH="86" HEIGHT="39" CONTENT="убить" WC="0.42" CC="90386"/>
						<SP ID="P265_SP00106" HPOS="124" VPOS="799" WIDTH="25"/>
						<String ID="P265_ST00126" HPOS="149" VPOS="758" WIDTH="69" HEIGHT="30" CONTENT="тебя" WC="0.60" CC="0654"/>
						<SP ID="P265_SP00107" HPOS="218" VPOS="799" WIDTH="25"/>
						<String ID="P265_ST00127" HPOS="243" VPOS="764" WIDTH="35" HEIGHT="22" CONTENT="не" WC="0.71" CC="50"/>
						<SP ID="P265_SP00108" HPOS="278" VPOS="799" WIDTH="26"/>
						<String ID="P265_ST00128" HPOS="304" VPOS="754" WIDTH="96" HEIGHT="41" CONTENT="убью," WC="0.68" CC="05504"/>
						<SP ID="P265_SP00109" HPOS="400" VPOS="799" WIDTH="27"/>
						<String ID="P265_ST00129" HPOS="427" VPOS="761" WIDTH="16" HEIGHT="22" CONTENT="а" WC="0.11" CC="8"/>
						<SP ID="P265_SP00110" HPOS="443" VPOS="799" WIDTH="24"/>
						<String ID="P265_ST00130" HPOS="467" VPOS="760" WIDTH="126" HEIGHT="32" CONTENT="проучу," WC="0.64" CC="0070961"/>
						<SP ID="P265_SP00111" HPOS="593" VPOS="799" WIDTH="26"/>
						<String ID="P265_ST00131" HPOS="619" VPOS="758" WIDTH="38" HEIGHT="23" CONTENT="на" WC="0.72" CC="50"/>
						<SP ID="P265_SP00112" HPOS="657" VPOS="799" WIDTH="24"/>
						<String ID="P265_ST00132" HPOS="681" VPOS="757" WIDTH="61" HEIGHT="23" CONTENT="всю" WC="0.40" CC="737"/>
						<SP ID="P265_SP00113" HPOS="742" VPOS="799" WIDTH="24"/>
						<String ID="P265_ST00133" HPOS="766" VPOS="755" WIDTH="98" HEIGHT="23" CONTENT="жизнь" WC="0.68" CC="05450"/>
						<SP ID="P265_SP00114" HPOS="864" VPOS="799" WIDTH="26"/>
						<String ID="P265_ST00134" HPOS="890" VPOS="747" WIDTH="117" HEIGHT="38" CONTENT="будешь" WC="0.93" CC="000040"/>
						<SP ID="P265_SP00115" HPOS="1007" VPOS="799" WIDTH="24"/>
						<String ID="P265_ST00135" HPOS="1031" VPOS="753" WIDTH="67" HEIGHT="22" CONTENT="пом" SUBS_TYPE="HypPart1" SUBS_CONTENT="помнить:" WC="0.43" CC="6464"/>
						<HYP CONTENT="-"/>
					</TextLine>
					<TextLine ID="P265_TL00017" HPOS="40" VPOS="791" WIDTH="1063" HEIGHT="49">
						<String ID="P265_ST00136" HPOS="40" VPOS="813" WIDTH="81" HEIGHT="23" CONTENT="нить:" SUBS_TYPE="HypPart2" SUBS_CONTENT="помнить:" WC="0.79" CC="13060"/>
						<SP ID="P265_SP00116" HPOS="121" VPOS="836" WIDTH="30"/>
						<String ID="P265_ST00137" HPOS="151" VPOS="802" WIDTH="41" HEIGHT="31" CONTENT="«А" WC="0.78" CC="40"/>
						<SP ID="P265_SP00117" HPOS="192" VPOS="836" WIDTH="25"/>
						<String ID="P265_ST00138" HPOS="217" VPOS="809" WIDTH="54" HEIGHT="31" CONTENT="тю," WC="0.86" CC="004"/>
						<SP ID="P265_SP00118" HPOS="271" VPOS="840" WIDTH="26"/>
						<String ID="P265_ST00139" HPOS="297" VPOS="798" WIDTH="149" HEIGHT="42" CONTENT="дурнпй!»" WC="0.66" CC="00066534"/>
						<SP ID="P265_SP00119" HPOS="446" VPOS="840" WIDTH="33"/>
						<String ID="P265_ST00140" HPOS="479" VPOS="804" WIDTH="156" HEIGHT="33" CONTENT="крикнулъ" WC="0.48" CC="69707900"/>
						<SP ID="P265_SP00120" HPOS="635" VPOS="840" WIDTH="24"/>
						<String ID="P265_ST00141" HPOS="659" VPOS="802" WIDTH="58" HEIGHT="32" CONTENT="ему" WC="0.87" CC="200"/>
						<SP ID="P265_SP00121" HPOS="717" VPOS="840" WIDTH="25"/>
						<String ID="P265_ST00142" HPOS="742" VPOS="801" WIDTH="38" HEIGHT="23" CONTENT="въ" WC="0.65" CC="42"/>
						<SP ID="P265_SP00122" HPOS="780" VPOS="840" WIDTH="18"/>
						<String ID="P265_ST00143" HPOS="798" VPOS="800" WIDTH="66" HEIGHT="32" CONTENT="ухо," WC="0.78" CC="0044"/>
						<SP ID="P265_SP00123" HPOS="864" VPOS="840" WIDTH="26"/>
						<String ID="P265_ST00144" HPOS="890" VPOS="798" WIDTH="121" HEIGHT="23" CONTENT="сколько" WC="0.85" CC="0030105"/>
						<SP ID="P265_SP00124" HPOS="1011" VPOS="840" WIDTH="17"/>
						<String ID="P265_ST00145" HPOS="1028" VPOS="791" WIDTH="75" HEIGHT="28" CONTENT="были" WC="0.23" CC="7498"/>
					</TextLine>
					<TextLine ID="P265_TL00018" HPOS="35" VPOS="836" WIDTH="1066" HEIGHT="44">
						<String ID="P265_ST00146" HPOS="35" VPOS="858" WIDTH="89" HEIGHT="22" CONTENT="силы." WC="0.55" CC="75603"/>
						<SP ID="P265_SP00125" HPOS="124" VPOS="880" WIDTH="28"/>
						<String ID="P265_ST00147" HPOS="152" VPOS="847" WIDTH="82" HEIGHT="31" CONTENT="Какъ" WC="0.75" CC="0360"/>
						<SP ID="P265_SP00126" HPOS="234" VPOS="880" WIDTH="24"/>
						<String ID="P265_ST00148" HPOS="258" VPOS="852" WIDTH="153" HEIGHT="25" CONTENT="вскочить" WC="0.54" CC="53049507"/>
						<SP ID="P265_SP00127" HPOS="411" VPOS="880" WIDTH="24"/>
						<String ID="P265_ST00149" HPOS="435" VPOS="851" WIDTH="56" HEIGHT="22" CONTENT="отъ" WC="0.87" CC="102"/>
						<SP ID="P265_SP00128" HPOS="491" VPOS="880" WIDTH="23"/>
						<String ID="P265_ST00150" HPOS="514" VPOS="850" WIDTH="77" HEIGHT="23" CONTENT="меня" WC="0.58" CC="0672"/>
						<SP ID="P265_SP00129" HPOS="591" VPOS="880" WIDTH="27"/>
						<String ID="P265_ST00151" HPOS="618" VPOS="847" WIDTH="135" HEIGHT="32" CONTENT="черкесъ," WC="0.72" CC="92000044"/>
						<SP ID="P265_SP00130" HPOS="753" VPOS="880" WIDTH="30"/>
						<String ID="P265_ST00152" HPOS="783" VPOS="845" WIDTH="77" HEIGHT="23" CONTENT="какъ" WC="0.91" CC="0030"/>
						<SP ID="P265_SP00131" HPOS="860" VPOS="880" WIDTH="27"/>
						<String ID="P265_ST00153" HPOS="887" VPOS="836" WIDTH="171" HEIGHT="38" CONTENT="побежитъ," WC="0.74" CC="330006900"/>
						<SP ID="P265_SP00132" HPOS="1058" VPOS="880" WIDTH="27"/>
						<String ID="P265_ST00154" HPOS="1085" VPOS="841" WIDTH="16" HEIGHT="22" CONTENT="и" WC="0.39" CC="6"/>
					</TextLine>
					<TextLine ID="P265_TL00019" HPOS="39" VPOS="881" WIDTH="1063" HEIGHT="52">
						<String ID="P265_ST00155" HPOS="39" VPOS="902" WIDTH="158" HEIGHT="31" CONTENT="гвиптовку" WC="0.65" CC="556604200"/>
						<SP ID="P265_SP00133" HPOS="197" VPOS="933" WIDTH="26"/>
						<String ID="P265_ST00156" HPOS="223" VPOS="900" WIDTH="77" HEIGHT="24" CONTENT="свою" WC="0.65" CC="6340"/>
						<SP ID="P265_SP00134" HPOS="300" VPOS="933" WIDTH="25"/>
						<String ID="P265_ST00157" HPOS="325" VPOS="896" WIDTH="215" HEIGHT="34" CONTENT="выпустплъ..." WC="0.62" CC="565050708303"/>
						<SP ID="P265_SP00135" HPOS="540" VPOS="933" WIDTH="26"/>
						<String ID="P265_ST00158" HPOS="566" VPOS="885" WIDTH="26" HEIGHT="32" CONTENT="Я" WC="0.17" CC="8"/>
						<SP ID="P265_SP00136" HPOS="592" VPOS="933" WIDTH="17"/>
						<String ID="P265_ST00159" HPOS="609" VPOS="894" WIDTH="31" HEIGHT="22" CONTENT="ее" WC="0.96" CC="00"/>
						<SP ID="P265_SP00137" HPOS="640" VPOS="933" WIDTH="18"/>
						<String ID="P265_ST00160" HPOS="658" VPOS="891" WIDTH="106" HEIGHT="32" CONTENT="заразъ" WC="0.76" CC="409000"/>
						<SP ID="P265_SP00138" HPOS="764" VPOS="933" WIDTH="17"/>
						<String ID="P265_ST00161" HPOS="781" VPOS="881" WIDTH="163" HEIGHT="39" CONTENT="прибралъ:" WC="0.67" CC="505001906"/>
						<SP ID="P265_SP00139" HPOS="944" VPOS="933" WIDTH="21"/>
						<String ID="P265_ST00162" HPOS="965" VPOS="887" WIDTH="105" HEIGHT="31" CONTENT="теперь" WC="0.80" CC="005006"/>
						<SP ID="P265_SP00140" HPOS="1070" VPOS="933" WIDTH="16"/>
						<String ID="P265_ST00163" HPOS="1086" VPOS="886" WIDTH="16" HEIGHT="30" CONTENT="у" WC="0.01" CC="9"/>
					</TextLine>
					<TextLine ID="P265_TL00020" HPOS="40" VPOS="923" WIDTH="1064" HEIGHT="54">
						<String ID="P265_ST00164" HPOS="40" VPOS="948" WIDTH="70" HEIGHT="22" CONTENT="меня" WC="0.75" CC="0080"/>
						<SP ID="P265_SP00141" HPOS="110" VPOS="970" WIDTH="27"/>
						<String ID="P265_ST00165" HPOS="137" VPOS="937" WIDTH="18" HEIGHT="31" CONTENT="2" WC="1.00" CC="0"/>
						<SP ID="P265_SP00142" HPOS="155" VPOS="970" WIDTH="26"/>
						<String ID="P265_ST00166" HPOS="181" VPOS="945" WIDTH="124" HEIGHT="32" CONTENT="заряда;" WC="0.83" CC="3004004"/>
						<SP ID="P265_SP00143" HPOS="305" VPOS="977" WIDTH="38"/>
						<String ID="P265_ST00167" HPOS="343" VPOS="941" WIDTH="164" HEIGHT="33" CONTENT="черкесовъ" WC="0.49" CC="959002655"/>
						<SP ID="P265_SP00144" HPOS="507" VPOS="977" WIDTH="23"/>
						<String ID="P265_ST00168" HPOS="530" VPOS="940" WIDTH="41" HEIGHT="23" CONTENT="же" WC="0.56" CC="61"/>
						<SP ID="P265_SP00145" HPOS="571" VPOS="977" WIDTH="25"/>
						<String ID="P265_ST00169" HPOS="596" VPOS="937" WIDTH="140" HEIGHT="25" CONTENT="осталось" WC="0.72" CC="31900600"/>
						<SP ID="P265_SP00146" HPOS="736" VPOS="977" WIDTH="32"/>
						<String ID="P265_ST00170" HPOS="768" VPOS="934" WIDTH="106" HEIGHT="23" CONTENT="только" WC="0.88" CC="010005"/>
						<SP ID="P265_SP00147" HPOS="874" VPOS="977" WIDTH="36"/>
						<String ID="P265_ST00171" HPOS="910" VPOS="931" WIDTH="135" HEIGHT="31" CONTENT="четверо:" WC="0.81" CC="00005053"/>
						<SP ID="P265_SP00148" HPOS="1045" VPOS="977" WIDTH="28"/>
						<String ID="P265_ST00172" HPOS="1073" VPOS="923" WIDTH="31" HEIGHT="29" CONTENT="бо" WC="0.29" CC="67"/>
					</TextLine>
					<TextLine ID="P265_TL00021" HPOS="39" VPOS="979" WIDTH="819" HEIGHT="45">
						<String ID="P265_ST00173" HPOS="39" VPOS="992" WIDTH="112" HEIGHT="32" CONTENT="ранилъ" WC="0.29" CC="996690"/>
						<SP ID="P265_SP00149" HPOS="151" VPOS="1024" WIDTH="23"/>
						<String ID="P265_ST00174" HPOS="174" VPOS="991" WIDTH="116" HEIGHT="32" CONTENT="одного," WC="0.65" CC="3035073"/>
						<SP ID="P265_SP00150" HPOS="290" VPOS="1024" WIDTH="26"/>
						<String ID="P265_ST00175" HPOS="316" VPOS="987" WIDTH="150" HEIGHT="33" CONTENT="перепуга" WC="0.64" CC="60015930"/>
						<SP ID="P265_SP00151" HPOS="466" VPOS="1024" WIDTH="4"/>
						<String ID="P265_ST00176" HPOS="470" VPOS="987" WIDTH="39" HEIGHT="21" CONTENT="ль" WC="0.58" CC="80"/>
						<SP ID="P265_SP00152" HPOS="509" VPOS="1024" WIDTH="23"/>
						<String ID="P265_ST00177" HPOS="532" VPOS="985" WIDTH="31" HEIGHT="29" CONTENT="до" WC="0.76" CC="04"/>
						<SP ID="P265_SP00153" HPOS="563" VPOS="1024" WIDTH="25"/>
						<String ID="P265_ST00178" HPOS="588" VPOS="982" WIDTH="112" HEIGHT="32" CONTENT="смерти" WC="0.49" CC="354907"/>
						<SP ID="P265_SP00154" HPOS="700" VPOS="1024" WIDTH="25"/>
						<String ID="P265_ST00179" HPOS="725" VPOS="979" WIDTH="133" HEIGHT="33" CONTENT="другого." WC="0.84" CC="00062200"/>
					</TextLine>
					<TextLine ID="P265_TL00022" HPOS="107" VPOS="1019" WIDTH="1001" HEIGHT="47">
						<String ID="P265_ST00180" HPOS="107" VPOS="1028" WIDTH="115" HEIGHT="32" CONTENT="«Стали" WC="0.79" CC="260003"/>
						<SP ID="P265_SP00155" HPOS="222" VPOS="1060" WIDTH="25"/>
						<String ID="P265_ST00181" HPOS="247" VPOS="1034" WIDTH="133" HEIGHT="32" CONTENT="черкесы" WC="0.77" CC="0009005"/>
						<SP ID="P265_SP00156" HPOS="380" VPOS="1066" WIDTH="25"/>
						<String ID="P265_ST00182" HPOS="405" VPOS="1024" WIDTH="152" HEIGHT="31" CONTENT="смеяться" WC="0.51" CC="15049079"/>
						<SP ID="P265_SP00157" HPOS="557" VPOS="1066" WIDTH="29"/>
						<String ID="P265_ST00183" HPOS="586" VPOS="1028" WIDTH="76" HEIGHT="28" CONTENT="надъ" WC="0.80" CC="1050"/>
						<SP ID="P265_SP00158" HPOS="662" VPOS="1066" WIDTH="24"/>
						<String ID="P265_ST00184" HPOS="686" VPOS="1025" WIDTH="115" HEIGHT="24" CONTENT="своимъ" WC="0.80" CC="025300"/>
						<SP ID="P265_SP00159" HPOS="801" VPOS="1066" WIDTH="23"/>
						<String ID="P265_ST00185" HPOS="824" VPOS="1020" WIDTH="209" HEIGHT="32" CONTENT="товарищемъ," WC="0.70" CC="64000320563"/>
						<SP ID="P265_SP00160" HPOS="1033" VPOS="1066" WIDTH="27"/>
						<String ID="P265_ST00186" HPOS="1060" VPOS="1019" WIDTH="48" HEIGHT="22" CONTENT="что" WC="0.75" CC="007"/>
					</TextLine>
					<TextLine ID="P265_TL00023" HPOS="40" VPOS="1057" WIDTH="1066" HEIGHT="55">
						<String ID="P265_ST00187" HPOS="40" VPOS="1084" WIDTH="54" HEIGHT="22" CONTENT="онъ" WC="0.62" CC="650"/>
						<SP ID="P265_SP00161" HPOS="94" VPOS="1106" WIDTH="24"/>
						<String ID="P265_ST00188" HPOS="118" VPOS="1083" WIDTH="36" HEIGHT="22" CONTENT="съ" WC="0.93" CC="10"/>
						<SP ID="P265_SP00162" HPOS="154" VPOS="1106" WIDTH="26"/>
						<String ID="P265_ST00189" HPOS="180" VPOS="1080" WIDTH="148" HEIGHT="32" CONTENT="переливу" WC="0.52" CC="53005878"/>
						<SP ID="P265_SP00163" HPOS="328" VPOS="1112" WIDTH="29"/>
						<String ID="P265_ST00190" HPOS="357" VPOS="1065" WIDTH="144" HEIGHT="47" CONTENT="(испугу)" WC="0.73" CC="66020500"/>
						<SP ID="P265_SP00164" HPOS="501" VPOS="1112" WIDTH="36"/>
						<String ID="P265_ST00191" HPOS="537" VPOS="1076" WIDTH="17" HEIGHT="21" CONTENT="а" WC="0.23" CC="7"/>
						<SP ID="P265_SP00165" HPOS="554" VPOS="1112" WIDTH="24"/>
						<String ID="P265_ST00192" HPOS="578" VPOS="1071" WIDTH="165" HEIGHT="31" CONTENT="гвинтовку" WC="0.60" CC="643705250"/>
						<SP ID="P265_SP00166" HPOS="743" VPOS="1112" WIDTH="36"/>
						<String ID="P265_ST00193" HPOS="779" VPOS="1062" WIDTH="137" HEIGHT="38" CONTENT="бросилъ." WC="0.77" CC="70303003"/>
						<SP ID="P265_SP00167" HPOS="916" VPOS="1112" WIDTH="37"/>
						<String ID="P265_ST00194" HPOS="953" VPOS="1057" WIDTH="153" HEIGHT="31" CONTENT="Смеются." WC="0.73" CC="44000704"/>
					</TextLine>
					<TextLine ID="P265_TL00024" HPOS="38" VPOS="1103" WIDTH="1072" HEIGHT="48">
						<String ID="P265_ST00195" HPOS="38" VPOS="1129" WIDTH="64" HEIGHT="22" CONTENT="ажъ" WC="0.29" CC="991"/>
						<SP ID="P265_SP00168" HPOS="102" VPOS="1151" WIDTH="24"/>
						<String ID="P265_ST00196" HPOS="126" VPOS="1121" WIDTH="63" HEIGHT="29" CONTENT="мне" WC="0.75" CC="070"/>
						<SP ID="P265_SP00169" HPOS="189" VPOS="1151" WIDTH="24"/>
						<String ID="P265_ST00197" HPOS="213" VPOS="1126" WIDTH="104" HEIGHT="23" CONTENT="весело" WC="0.62" CC="106095"/>
						<SP ID="P265_SP00170" HPOS="317" VPOS="1151" WIDTH="26"/>
						<String ID="P265_ST00198" HPOS="343" VPOS="1123" WIDTH="98" HEIGHT="23" CONTENT="стало." WC="0.65" CC="000973"/>
						<SP ID="P265_SP00171" HPOS="441" VPOS="1151" WIDTH="9"/>
						<String ID="P265_ST00199" HPOS="450" VPOS="1129" WIDTH="43" HEIGHT="5" CONTENT="—" WC="1.00" CC="0"/>
						<String ID="P265_ST00200" HPOS="505" VPOS="1111" WIDTH="65" HEIGHT="39" CONTENT="«Эй," WC="0.44" CC="4574"/>
						<SP ID="P265_SP00172" HPOS="570" VPOS="1151" WIDTH="28"/>
						<String ID="P265_ST00201" HPOS="598" VPOS="1109" WIDTH="111" HEIGHT="36" CONTENT="Иванъ," WC="0.61" CC="433604"/>
						<SP ID="P265_SP00173" HPOS="709" VPOS="1151" WIDTH="28"/>
						<String ID="P265_ST00202" HPOS="737" VPOS="1103" WIDTH="373" HEIGHT="34" CONTENT="шалтанъ-болтаи-гаида" WC="0.69" CC="60900232056000360607"/>
					</TextLine>
					<TextLine ID="P265_TL00025" HPOS="40" VPOS="1150" WIDTH="1069" HEIGHT="52">
						<String ID="P265_ST00203" HPOS="40" VPOS="1165" WIDTH="122" HEIGHT="37" CONTENT="сарай'»" WC="0.54" CC="2097074"/>
						<SP ID="P265_SP00174" HPOS="162" VPOS="1202" WIDTH="23"/>
						<String ID="P265_ST00204" HPOS="185" VPOS="1171" WIDTH="134" HEIGHT="31" CONTENT="кричать" WC="0.62" CC="2950007"/>
						<SP ID="P265_SP00175" HPOS="319" VPOS="1202" WIDTH="17"/>
						<String ID="P265_ST00205" HPOS="336" VPOS="1162" WIDTH="64" HEIGHT="30" CONTENT="мне" WC="0.70" CC="350"/>
						<SP ID="P265_SP00176" HPOS="400" VPOS="1202" WIDTH="16"/>
						<String ID="P265_ST00206" HPOS="416" VPOS="1166" WIDTH="113" HEIGHT="23" CONTENT="изъ-за" WC="0.66" CC="341360"/>
						<SP ID="P265_SP00177" HPOS="529" VPOS="1202" WIDTH="16"/>
						<String ID="P265_ST00207" HPOS="545" VPOS="1162" WIDTH="183" HEIGHT="34" CONTENT="кустовъ.—" WC="0.65" CC="603062048"/>
						<String ID="P265_ST00208" HPOS="734" VPOS="1150" WIDTH="113" HEIGHT="39" CONTENT="«Чорта" WC="0.59" CC="604084"/>
						<SP ID="P265_SP00178" HPOS="847" VPOS="1202" WIDTH="16"/>
						<String ID="P265_ST00209" HPOS="863" VPOS="1155" WIDTH="111" HEIGHT="29" CONTENT="зъ-два," WC="0.70" CC="4540600"/>
						<SP ID="P265_SP00179" HPOS="974" VPOS="1202" WIDTH="16"/>
						<String ID="P265_ST00210" HPOS="990" VPOS="1153" WIDTH="119" HEIGHT="23" CONTENT="озвался" WC="0.67" CC="0560037"/>
					</TextLine>
					<TextLine ID="P265_TL00026" HPOS="41" VPOS="1192" WIDTH="1067" HEIGHT="56">
						<String ID="P265_ST00211" HPOS="41" VPOS="1220" WIDTH="16" HEIGHT="21" CONTENT="я" WC="0.34" CC="6"/>
						<SP ID="P265_SP00180" HPOS="57" VPOS="1241" WIDTH="23"/>
						<String ID="P265_ST00212" HPOS="80" VPOS="1219" WIDTH="81" HEIGHT="22" CONTENT="по—" WC="0.61" CC="550"/>
						<String ID="P265_ST00213" HPOS="162" VPOS="1217" WIDTH="137" HEIGHT="31" CONTENT="ихнему:" WC="0.63" CC="5062505"/>
						<SP ID="P265_SP00181" HPOS="299" VPOS="1248" WIDTH="26"/>
						<String ID="P265_ST00214" HPOS="325" VPOS="1214" WIDTH="63" HEIGHT="27" CONTENT="еще" WC="0.99" CC="000"/>
						<SP ID="P265_SP00182" HPOS="388" VPOS="1248" WIDTH="17"/>
						<String ID="P265_ST00215" HPOS="405" VPOS="1202" WIDTH="199" HEIGHT="39" CONTENT="кого-нибудь" WC="0.57" CC="04344505909"/>
						<SP ID="P265_SP00183" HPOS="604" VPOS="1248" WIDTH="18"/>
						<String ID="P265_ST00216" HPOS="622" VPOS="1200" WIDTH="91" HEIGHT="39" CONTENT="убью," WC="0.71" CC="06303"/>
						<SP ID="P265_SP00184" HPOS="713" VPOS="1248" WIDTH="18"/>
						<String ID="P265_ST00217" HPOS="731" VPOS="1205" WIDTH="17" HEIGHT="22" CONTENT="а" WC="1.00" CC="0"/>
						<SP ID="P265_SP00185" HPOS="748" VPOS="1248" WIDTH="16"/>
						<String ID="P265_ST00218" HPOS="764" VPOS="1202" WIDTH="76" HEIGHT="24" CONTENT="меня" WC="0.59" CC="4065"/>
						<SP ID="P265_SP00186" HPOS="840" VPOS="1248" WIDTH="23"/>
						<String ID="P265_ST00219" HPOS="863" VPOS="1192" WIDTH="245" HEIGHT="37" CONTENT="нешдстрелите," WC="0.74" CC="6070000097003"/>
					</TextLine>
					<TextLine ID="P265_TL00027" HPOS="41" VPOS="1242" WIDTH="1069" HEIGHT="49">
						<String ID="P265_ST00220" HPOS="41" VPOS="1264" WIDTH="121" HEIGHT="27" CONTENT="чортови" WC="0.39" CC="8690457"/>
						<SP ID="P265_SP00187" HPOS="162" VPOS="1291" WIDTH="24"/>
						<String ID="P265_ST00221" HPOS="186" VPOS="1254" WIDTH="76" HEIGHT="35" CONTENT="Д1тп'" WC="0.53" CC="84044"/>
						<SP ID="P265_SP00188" HPOS="262" VPOS="1291" WIDTH="21"/>
						<String ID="P265_ST00222" HPOS="283" VPOS="1266" WIDTH="37" HEIGHT="19" CONTENT="..»" WC="0.59" CC="344"/>
						<SP ID="P265_SP00189" HPOS="320" VPOS="1291" WIDTH="30"/>
						<String ID="P265_ST00223" HPOS="350" VPOS="1250" WIDTH="69" HEIGHT="32" CONTENT="Имъ" WC="0.77" CC="600"/>
						<SP ID="P265_SP00190" HPOS="419" VPOS="1291" WIDTH="25"/>
						<String ID="P265_ST00224" HPOS="444" VPOS="1249" WIDTH="145" HEIGHT="30" CONTENT="хотелось" WC="0.33" CC="97806469"/>
						<SP ID="P265_SP00191" HPOS="589" VPOS="1291" WIDTH="25"/>
						<String ID="P265_ST00225" HPOS="614" VPOS="1251" WIDTH="87" HEIGHT="24" CONTENT="взять" WC="0.43" CC="56609"/>
						<SP ID="P265_SP00192" HPOS="701" VPOS="1291" WIDTH="24"/>
						<String ID="P265_ST00226" HPOS="725" VPOS="1248" WIDTH="77" HEIGHT="24" CONTENT="меня" WC="0.54" CC="0366"/>
						<SP ID="P265_SP00193" HPOS="802" VPOS="1291" WIDTH="24"/>
						<String ID="P265_ST00227" HPOS="826" VPOS="1244" WIDTH="151" HEIGHT="31" CONTENT="живьемъ," WC="0.75" CC="06030503"/>
						<SP ID="P265_SP00194" HPOS="977" VPOS="1291" WIDTH="21"/>
						<String ID="P265_ST00228" HPOS="998" VPOS="1242" WIDTH="112" HEIGHT="30" CONTENT="потому" WC="0.50" CC="465670"/>
					</TextLine>
					<TextLine ID="P265_TL00028" HPOS="41" VPOS="1286" WIDTH="1070" HEIGHT="52">
						<String ID="P265_ST00229" HPOS="41" VPOS="1310" WIDTH="83" HEIGHT="22" CONTENT="чести" WC="0.55" CC="91406"/>
						<SP ID="P265_SP00195" HPOS="124" VPOS="1332" WIDTH="25"/>
						<String ID="P265_ST00230" HPOS="149" VPOS="1301" WIDTH="131" HEIGHT="37" CONTENT="больше;" WC="0.68" CC="3304504"/>
						<SP ID="P265_SP00196" HPOS="280" VPOS="1338" WIDTH="27"/>
						<String ID="P265_ST00231" HPOS="307" VPOS="1305" WIDTH="71" HEIGHT="23" CONTENT="своп" WC="0.50" CC="4346"/>
						<SP ID="P265_SP00197" HPOS="378" VPOS="1338" WIDTH="26"/>
						<String ID="P265_ST00232" HPOS="404" VPOS="1303" WIDTH="42" HEIGHT="22" CONTENT="же" WC="0.24" CC="95"/>
						<SP ID="P265_SP00198" HPOS="446" VPOS="1338" WIDTH="25"/>
						<String ID="P265_ST00233" HPOS="471" VPOS="1299" WIDTH="116" HEIGHT="33" CONTENT="могутъ" WC="0.78" CC="441002"/>
						<SP ID="P265_SP00199" HPOS="587" VPOS="1338" WIDTH="21"/>
						<String ID="P265_ST00234" HPOS="608" VPOS="1289" WIDTH="162" HEIGHT="35" CONTENT="засмеять," WC="0.52" CC="746909004"/>
						<SP ID="P265_SP00200" HPOS="770" VPOS="1338" WIDTH="27"/>
						<String ID="P265_ST00235" HPOS="797" VPOS="1291" WIDTH="70" HEIGHT="23" CONTENT="если" WC="0.75" CC="0603"/>
						<SP ID="P265_SP00201" HPOS="867" VPOS="1338" WIDTH="17"/>
						<String ID="P265_ST00236" HPOS="884" VPOS="1288" WIDTH="151" HEIGHT="33" CONTENT="узнаютъ," WC="0.48" CC="02709974"/>
						<SP ID="P265_SP00202" HPOS="1035" VPOS="1338" WIDTH="27"/>
						<String ID="P265_ST00237" HPOS="1062" VPOS="1286" WIDTH="49" HEIGHT="22" CONTENT="что" WC="0.95" CC="001"/>
					</TextLine>
					<TextLine ID="P265_TL00029" HPOS="44" VPOS="1326" WIDTH="1068" HEIGHT="55">
						<String ID="P265_ST00238" HPOS="44" VPOS="1348" WIDTH="111" HEIGHT="29" CONTENT="насели" WC="0.60" CC="700096"/>
						<SP ID="P265_SP00203" HPOS="155" VPOS="1377" WIDTH="25"/>
						<String ID="P265_ST00239" HPOS="180" VPOS="1354" WIDTH="38" HEIGHT="22" CONTENT="на" WC="0.60" CC="70"/>
						<SP ID="P265_SP00204" HPOS="218" VPOS="1377" WIDTH="24"/>
						<String ID="P265_ST00240" HPOS="242" VPOS="1351" WIDTH="149" HEIGHT="30" CONTENT="одного...." WC="0.57" CC="7076054434"/>
						<SP ID="P265_SP00205" HPOS="391" VPOS="1381" WIDTH="25"/>
						<String ID="P265_ST00241" HPOS="416" VPOS="1338" WIDTH="198" HEIGHT="39" CONTENT="Передумал" WC="0.84" CC="320600001"/>
						<SP ID="P265_SP00206" HPOS="614" VPOS="1381" WIDTH="23"/>
						<String ID="P265_ST00242" HPOS="637" VPOS="1341" WIDTH="17" HEIGHT="22" CONTENT="я" WC="0.01" CC="9"/>
						<SP ID="P265_SP00207" HPOS="654" VPOS="1381" WIDTH="18"/>
						<String ID="P265_ST00243" HPOS="672" VPOS="1339" WIDTH="59" HEIGHT="31" CONTENT="это," WC="0.68" CC="6060"/>
						<SP ID="P265_SP00208" HPOS="731" VPOS="1381" WIDTH="27"/>
						<String ID="P265_ST00244" HPOS="758" VPOS="1337" WIDTH="49" HEIGHT="23" CONTENT="что" WC="0.83" CC="004"/>
						<SP ID="P265_SP00209" HPOS="807" VPOS="1381" WIDTH="25"/>
						<String ID="P265_ST00245" HPOS="832" VPOS="1334" WIDTH="62" HEIGHT="23" CONTENT="имъ" WC="0.47" CC="653"/>
						<SP ID="P265_SP00210" HPOS="894" VPOS="1381" WIDTH="24"/>
						<String ID="P265_ST00246" HPOS="918" VPOS="1326" WIDTH="144" HEIGHT="37" CONTENT="стрелять" WC="0.77" CC="40000706"/>
						<SP ID="P265_SP00211" HPOS="1062" VPOS="1381" WIDTH="16"/>
						<String ID="P265_ST00247" HPOS="1078" VPOS="1330" WIDTH="34" HEIGHT="22" CONTENT="не" WC="0.22" CC="78"/>
					</TextLine>
					<TextLine ID="P265_TL00030" HPOS="43" VPOS="1375" WIDTH="1070" HEIGHT="55">
						<String ID="P265_ST00248" HPOS="43" VPOS="1399" WIDTH="193" HEIGHT="31" CONTENT="приходится," WC="0.60" CC="60694270204"/>
						<SP ID="P265_SP00212" HPOS="236" VPOS="1430" WIDTH="26"/>
						<String ID="P265_ST00249" HPOS="262" VPOS="1397" WIDTH="35" HEIGHT="28" CONTENT="да" WC="1.00" CC="00"/>
						<SP ID="P265_SP00213" HPOS="297" VPOS="1430" WIDTH="25"/>
						<String ID="P265_ST00250" HPOS="322" VPOS="1395" WIDTH="77" HEIGHT="23" CONTENT="какъ" WC="0.67" CC="6060"/>
						<SP ID="P265_SP00214" HPOS="399" VPOS="1430" WIDTH="24"/>
						<String ID="P265_ST00251" HPOS="423" VPOS="1386" WIDTH="256" HEIGHT="35" CONTENT="завихрилъ-въ" WC="0.51" CC="600509696462"/>
						<SP ID="P265_SP00215" HPOS="679" VPOS="1430" WIDTH="16"/>
						<String ID="P265_ST00252" HPOS="695" VPOS="1382" WIDTH="94" HEIGHT="30" CONTENT="одинъ" WC="0.50" CC="62374"/>
						<SP ID="P265_SP00216" HPOS="789" VPOS="1430" WIDTH="16"/>
						<String ID="P265_ST00253" HPOS="805" VPOS="1380" WIDTH="80" HEIGHT="32" CONTENT="духъ" WC="0.61" CC="4090"/>
						<SP ID="P265_SP00217" HPOS="885" VPOS="1430" WIDTH="16"/>
						<String ID="P265_ST00254" HPOS="901" VPOS="1375" WIDTH="212" HEIGHT="33" CONTENT="перемахнул" WC="0.58" CC="7503627701"/>
					</TextLine>
					<TextLine ID="P265_TL00031" HPOS="42" VPOS="1416" WIDTH="1072" HEIGHT="58">
						<String ID="P265_ST00255" HPOS="42" VPOS="1445" WIDTH="139" HEIGHT="29" CONTENT="чистоту," WC="0.45" CC="96506094"/>
						<SP ID="P265_SP00218" HPOS="181" VPOS="1474" WIDTH="38"/>
						<String ID="P265_ST00256" HPOS="219" VPOS="1442" WIDTH="79" HEIGHT="29" CONTENT="даже" WC="0.59" CC="0096"/>
						<SP ID="P265_SP00219" HPOS="298" VPOS="1474" WIDTH="26"/>
						<String ID="P265_ST00257" HPOS="324" VPOS="1439" WIDTH="79" HEIGHT="24" CONTENT="самъ" WC="0.61" CC="5072"/>
						<SP ID="P265_SP00220" HPOS="403" VPOS="1474" WIDTH="25"/>
						<String ID="P265_ST00258" HPOS="428" VPOS="1428" WIDTH="73" HEIGHT="32" CONTENT="себе" WC="0.82" CC="5200"/>
						<SP ID="P265_SP00221" HPOS="501" VPOS="1474" WIDTH="32"/>
						<String ID="P265_ST00259" HPOS="533" VPOS="1430" WIDTH="160" HEIGHT="36" CONTENT="удивился." WC="0.57" CC="007677224"/>
						<SP ID="P265_SP00222" HPOS="693" VPOS="1474" WIDTH="38"/>
						<String ID="P265_ST00260" HPOS="731" VPOS="1418" WIDTH="135" HEIGHT="40" CONTENT="Черкесы" WC="0.59" CC="5700167"/>
						<SP ID="P265_SP00223" HPOS="866" VPOS="1474" WIDTH="30"/>
						<String ID="P265_ST00261" HPOS="896" VPOS="1416" WIDTH="160" HEIGHT="37" CONTENT="стреляли," WC="0.81" CC="600000054"/>
						<SP ID="P265_SP00224" HPOS="1056" VPOS="1474" WIDTH="24"/>
						<String ID="P265_ST00262" HPOS="1080" VPOS="1419" WIDTH="34" HEIGHT="28" CONTENT="да" WC="0.82" CC="30"/>
					</TextLine>
					<TextLine ID="P265_TL00032" HPOS="45" VPOS="1465" WIDTH="1068" HEIGHT="55">
						<String ID="P265_ST00263" HPOS="45" VPOS="1490" WIDTH="100" HEIGHT="23" CONTENT="ничего" WC="0.56" CC="820645"/>
						<SP ID="P265_SP00225" HPOS="145" VPOS="1513" WIDTH="40"/>
						<String ID="P265_ST00264" HPOS="185" VPOS="1487" WIDTH="131" HEIGHT="33" CONTENT="руки-то" WC="0.39" CC="9707493"/>
						<SP ID="P265_SP00226" HPOS="316" VPOS="1520" WIDTH="24"/>
						<String ID="P265_ST00265" HPOS="340" VPOS="1482" WIDTH="138" HEIGHT="34" CONTENT="дрожать" WC="0.80" CC="0060007"/>
						<SP ID="P265_SP00227" HPOS="478" VPOS="1520" WIDTH="25"/>
						<String ID="P265_ST00266" HPOS="503" VPOS="1480" WIDTH="56" HEIGHT="31" CONTENT="при" WC="0.52" CC="607"/>
						<SP ID="P265_SP00228" HPOS="559" VPOS="1520" WIDTH="23"/>
						<String ID="P265_ST00267" HPOS="582" VPOS="1474" WIDTH="154" HEIGHT="33" CONTENT="скорости;" WC="0.42" CC="776055972"/>
						<SP ID="P265_SP00229" HPOS="736" VPOS="1520" WIDTH="28"/>
						<String ID="P265_ST00268" HPOS="764" VPOS="1468" WIDTH="152" HEIGHT="33" CONTENT="кинулись" WC="0.53" CC="47800637"/>
						<SP ID="P265_SP00230" HPOS="916" VPOS="1520" WIDTH="17"/>
						<String ID="P265_ST00269" HPOS="933" VPOS="1465" WIDTH="180" HEIGHT="28" CONTENT="догонять-" WC="0.52" CC="638382045"/>
					</TextLine>
					<TextLine ID="P265_TL00033" HPOS="44" VPOS="1506" WIDTH="1069" HEIGHT="58">
						<String ID="P265_ST00270" HPOS="44" VPOS="1537" WIDTH="31" HEIGHT="22" CONTENT="не" WC="0.33" CC="76"/>
						<SP ID="P265_SP00231" HPOS="75" VPOS="1559" WIDTH="23"/>
						<String ID="P265_ST00271" HPOS="98" VPOS="1535" WIDTH="82" HEIGHT="23" CONTENT="таш" WC="0.17" CC="859"/>
						<SP ID="P265_SP00232" HPOS="180" VPOS="1559" WIDTH="25"/>
						<String ID="P265_ST00272" HPOS="205" VPOS="1533" WIDTH="84" HEIGHT="31" CONTENT="ноги," WC="0.49" CC="80780"/>
						<SP ID="P265_SP00233" HPOS="289" VPOS="1564" WIDTH="26"/>
						<String ID="P265_ST00273" HPOS="315" VPOS="1523" WIDTH="93" HEIGHT="30" CONTENT="чтобъ" WC="0.39" CC="74476"/>
						<SP ID="P265_SP00234" HPOS="408" VPOS="1564" WIDTH="26"/>
						<String ID="P265_ST00274" HPOS="434" VPOS="1526" WIDTH="123" HEIGHT="29" CONTENT="догнать" WC="0.45" CC="9657044"/>
						<SP ID="P265_SP00235" HPOS="557" VPOS="1564" WIDTH="26"/>
						<String ID="P265_ST00275" HPOS="583" VPOS="1509" WIDTH="162" HEIGHT="41" CONTENT="пластуна!" WC="0.53" CC="544740743"/>
						<SP ID="P265_SP00236" HPOS="745" VPOS="1564" WIDTH="40"/>
						<String ID="P265_ST00276" HPOS="785" VPOS="1506" WIDTH="154" HEIGHT="31" CONTENT="Вскочыъ" WC="0.26" CC="9476876"/>
						<SP ID="P265_SP00237" HPOS="939" VPOS="1564" WIDTH="24"/>
						<String ID="P265_ST00277" HPOS="963" VPOS="1510" WIDTH="16" HEIGHT="21" CONTENT="я" WC="0.24" CC="7"/>
						<SP ID="P265_SP00238" HPOS="979" VPOS="1564" WIDTH="25"/>
						<String ID="P265_ST00278" HPOS="1004" VPOS="1509" WIDTH="37" HEIGHT="22" CONTENT="въ" WC="0.42" CC="47"/>
						<SP ID="P265_SP00239" HPOS="1041" VPOS="1564" WIDTH="24"/>
						<String ID="P265_ST00279" HPOS="1065" VPOS="1508" WIDTH="48" HEIGHT="22" CONTENT="ьх-" WC="0.55" CC="714"/>
					</TextLine>
					<TextLine ID="P265_TL00034" HPOS="45" VPOS="1546" WIDTH="1070" HEIGHT="71">
						<String ID="P265_ST00280" HPOS="45" VPOS="1581" WIDTH="107" HEIGHT="32" CONTENT="мышъ," WC="0.54" CC="47424"/>
						<SP ID="P265_SP00240" HPOS="152" VPOS="1613" WIDTH="26"/>
						<String ID="P265_ST00281" HPOS="178" VPOS="1579" WIDTH="94" HEIGHT="23" CONTENT="взялъ" WC="0.40" CC="77643"/>
						<SP ID="P265_SP00241" HPOS="272" VPOS="1613" WIDTH="25"/>
						<String ID="P265_ST00282" HPOS="297" VPOS="1575" WIDTH="121" HEIGHT="32" CONTENT="вправо," WC="0.46" CC="6614764"/>
						<SP ID="P265_SP00242" HPOS="418" VPOS="1613" WIDTH="27"/>
						<String ID="P265_ST00283" HPOS="445" VPOS="1565" WIDTH="103" HEIGHT="35" CONTENT="влево," WC="0.55" CC="440664"/>
						<SP ID="P265_SP00243" HPOS="548" VPOS="1613" WIDTH="27"/>
						<String ID="P265_ST00284" HPOS="575" VPOS="1569" WIDTH="17" HEIGHT="21" CONTENT="и" WC="0.25" CC="7"/>
						<SP ID="P265_SP00244" HPOS="592" VPOS="1613" WIDTH="17"/>
						<String ID="P265_ST00285" HPOS="609" VPOS="1565" WIDTH="71" HEIGHT="23" CONTENT="легъ" WC="0.45" CC="4673"/>
						<SP ID="P265_SP00245" HPOS="680" VPOS="1613" WIDTH="16"/>
						<String ID="P265_ST00286" HPOS="696" VPOS="1563" WIDTH="73" HEIGHT="28" CONTENT="иодъ" WC="0.48" CC="7434"/>
						<SP ID="P265_SP00246" HPOS="769" VPOS="1613" WIDTH="25"/>
						<String ID="P265_ST00287" HPOS="794" VPOS="1546" WIDTH="321" HEIGHT="71" CONTENT="кочк»-^ка™" WC="0.40" CC="7775488703"/>
					</TextLine>
					<TextLine ID="P265_TL00035" HPOS="41" VPOS="1588" WIDTH="1074" HEIGHT="65">
						<String ID="P265_ST00288" HPOS="41" VPOS="1626" WIDTH="78" HEIGHT="23" CONTENT="тамъ" WC="0.41" CC="9084"/>
						<SP ID="P265_SP00247" HPOS="119" VPOS="1649" WIDTH="36"/>
						<String ID="P265_ST00289" HPOS="155" VPOS="1624" WIDTH="117" HEIGHT="29" CONTENT="знаете," WC="0.58" CC="4706064"/>
						<SP ID="P265_SP00248" HPOS="272" VPOS="1653" WIDTH="27"/>
						<String ID="P265_ST00290" HPOS="299" VPOS="1611" WIDTH="244" HEIGHT="33" CONTENT="какой?-какъ" WC="0.72" CC="00053040096"/>
						<SP ID="P265_SP00249" HPOS="543" VPOS="1653" WIDTH="28"/>
						<String ID="P265_ST00291" HPOS="571" VPOS="1606" WIDTH="78" HEIGHT="30" CONTENT="лесъ" WC="0.78" CC="0043"/>
						<SP ID="P265_SP00250" HPOS="649" VPOS="1653" WIDTH="29"/>
						<String ID="P265_ST00292" HPOS="678" VPOS="1607" WIDTH="122" HEIGHT="30" CONTENT="стоить," WC="0.56" CC="5057074"/>
						<SP ID="P265_SP00251" HPOS="800" VPOS="1653" WIDTH="26"/>
						<String ID="P265_ST00293" HPOS="826" VPOS="1601" WIDTH="109" HEIGHT="24" CONTENT="казакъ" WC="0.68" CC="065007"/>
						<SP ID="P265_SP00252" HPOS="935" VPOS="1653" WIDTH="26"/>
						<String ID="P265_ST00294" HPOS="961" VPOS="1600" WIDTH="36" HEIGHT="22" CONTENT="съ" WC="0.52" CC="71"/>
						<SP ID="P265_SP00253" HPOS="997" VPOS="1653" WIDTH="25"/>
						<String ID="P265_ST00295" HPOS="1022" VPOS="1588" WIDTH="93" HEIGHT="33" CONTENT="пиксй" WC="0.33" CC="77377"/>
					</TextLine>
					<TextLine ID="P265_TL00036" HPOS="46" VPOS="1641" WIDTH="1070" HEIGHT="58">
						<String ID="P265_ST00296" HPOS="46" VPOS="1662" WIDTH="170" HEIGHT="33" CONTENT="сховается!" WC="0.49" CC="2477454642"/>
						<SP ID="P265_SP00254" HPOS="216" VPOS="1695" WIDTH="31"/>
						<String ID="P265_ST00297" HPOS="247" VPOS="1659" WIDTH="174" HEIGHT="40" CONTENT="Послушаю" WC="0.46" CC="76744416"/>
						<String ID="P265_ST00298" HPOS="426" VPOS="1656" WIDTH="223" HEIGHT="29" CONTENT="-шолохтять" WC="0.47" CC="4664444547"/>
						<SP ID="P265_SP00255" HPOS="649" VPOS="1699" WIDTH="23"/>
						<String ID="P265_ST00299" HPOS="672" VPOS="1652" WIDTH="99" HEIGHT="31" CONTENT="нев.ри" WC="0.30" CC="866748"/>
						<String ID="P265_ST00300" HPOS="785" VPOS="1668" WIDTH="5" HEIGHT="4" CONTENT="." WC="0.56" CC="4"/>
						<SP ID="P265_SP00256" HPOS="790" VPOS="1699" WIDTH="27"/>
						<String ID="P265_ST00301" HPOS="817" VPOS="1649" WIDTH="18" HEIGHT="21" CONTENT="я" WC="0.53" CC="4"/>
						<SP ID="P265_SP00257" HPOS="835" VPOS="1699" WIDTH="23"/>
						<String ID="P265_ST00302" HPOS="858" VPOS="1646" WIDTH="92" HEIGHT="25" CONTENT="опять" WC="0.38" CC="66746"/>
						<SP ID="P265_SP00258" HPOS="950" VPOS="1699" WIDTH="23"/>
						<String ID="P265_ST00303" HPOS="973" VPOS="1641" WIDTH="143" HEIGHT="34" CONTENT="прилягу," WC="0.32" CC="74788844"/>
					</TextLine>
					<TextLine ID="P265_TL00037" HPOS="45" VPOS="1686" WIDTH="1072" HEIGHT="63">
						<String ID="P265_ST00304" HPOS="45" VPOS="1718" WIDTH="118" HEIGHT="31" CONTENT="выжду:" WC="0.55" CC="444434"/>
						<SP ID="P265_SP00259" HPOS="163" VPOS="1749" WIDTH="39"/>
						<String ID="P265_ST00305" HPOS="202" VPOS="1716" WIDTH="17" HEIGHT="21" CONTENT="а" WC="0.50" CC="4"/>
						<SP ID="P265_SP00260" HPOS="219" VPOS="1749" WIDTH="26"/>
						<String ID="P265_ST00306" HPOS="245" VPOS="1713" WIDTH="79" HEIGHT="24" CONTENT="какъ" WC="0.47" CC="4276"/>
						<SP ID="P265_SP00261" HPOS="324" VPOS="1749" WIDTH="25"/>
						<String ID="P265_ST00307" HPOS="349" VPOS="1702" WIDTH="155" HEIGHT="40" CONTENT="пройдутъ" WC="0.50" CC="73554345"/>
						<SP ID="P265_SP00262" HPOS="504" VPOS="1749" WIDTH="34"/>
						<String ID="P265_ST00308" HPOS="538" VPOS="1705" WIDTH="18" HEIGHT="21" CONTENT="и" WC="0.29" CC="7"/>
						<SP ID="P265_SP00263" HPOS="556" VPOS="1749" WIDTH="26"/>
						<String ID="P265_ST00309" HPOS="582" VPOS="1693" WIDTH="113" HEIGHT="37" CONTENT="полезу" WC="0.60" CC="770044"/>
						<SP ID="P265_SP00264" HPOS="695" VPOS="1749" WIDTH="25"/>
						<String ID="P265_ST00310" HPOS="720" VPOS="1689" WIDTH="111" HEIGHT="34" CONTENT="вследъ" WC="0.64" CC="670007"/>
						<SP ID="P265_SP00265" HPOS="831" VPOS="1749" WIDTH="40"/>
						<String ID="P265_ST00311" HPOS="871" VPOS="1692" WIDTH="16" HEIGHT="22" CONTENT="а" WC="0.54" CC="4"/>
						<SP ID="P265_SP00266" HPOS="887" VPOS="1749" WIDTH="24"/>
						<String ID="P265_ST00312" HPOS="911" VPOS="1690" WIDTH="60" HEIGHT="23" CONTENT="ни" WC="0.15" CC="88"/>
						<SP ID="P265_SP00267" HPOS="971" VPOS="1749" WIDTH="58"/>
						<String ID="P265_ST00313" HPOS="1029" VPOS="1686" WIDTH="88" HEIGHT="26" CONTENT="такъ," WC="0.34" CC="44787"/>
					</TextLine>
					<TextLine ID="P265_TL00038" HPOS="46" VPOS="1731" WIDTH="1055" HEIGHT="60">
						<String ID="P265_ST00314" HPOS="46" VPOS="1755" WIDTH="90" HEIGHT="30" CONTENT="чтобы" WC="0.56" CC="34067"/>
						<SP ID="P265_SP00268" HPOS="136" VPOS="1785" WIDTH="37"/>
						<String ID="P265_ST00315" HPOS="173" VPOS="1761" WIDTH="36" HEIGHT="23" CONTENT="не" WC="0.22" CC="87"/>
						<SP ID="P265_SP00269" HPOS="209" VPOS="1785" WIDTH="26"/>
						<String ID="P265_ST00316" HPOS="235" VPOS="1755" WIDTH="166" HEIGHT="36" CONTENT="розниться" WC="0.43" CC="075869246"/>
						<SP ID="P265_SP00270" HPOS="401" VPOS="1791" WIDTH="38"/>
						<String ID="P265_ST00317" HPOS="439" VPOS="1752" WIDTH="56" HEIGHT="24" CONTENT="отъ" WC="0.60" CC="505"/>
						<SP ID="P265_SP00271" HPOS="495" VPOS="1791" WIDTH="25"/>
						<String ID="P265_ST00318" HPOS="520" VPOS="1749" WIDTH="61" HEIGHT="23" CONTENT="ихъ" WC="0.75" CC="007"/>
						<SP ID="P265_SP00272" HPOS="581" VPOS="1791" WIDTH="33"/>
						<String ID="P265_ST00319" HPOS="614" VPOS="1743" WIDTH="130" HEIGHT="31" CONTENT="шаговъ," WC="0.41" CC="5487654"/>
						<SP ID="P265_SP00273" HPOS="744" VPOS="1791" WIDTH="37"/>
						<String ID="P265_ST00320" HPOS="781" VPOS="1740" WIDTH="33" HEIGHT="29" CONTENT="№" WC="0.85" CC="1"/>
						<SP ID="P265_SP00274" HPOS="814" VPOS="1791" WIDTH="23"/>
						<String ID="P265_ST00321" HPOS="837" VPOS="1737" WIDTH="50" HEIGHT="23" CONTENT="~е" WC="0.34" CC="48"/>
						<SP ID="P265_SP00275" HPOS="887" VPOS="1791" WIDTH="32"/>
						<String ID="P265_ST00322" HPOS="919" VPOS="1736" WIDTH="40" HEIGHT="21" CONTENT="вь" WC="0.58" CC="80"/>
						<SP ID="P265_SP00276" HPOS="959" VPOS="1791" WIDTH="23"/>
						<String ID="P265_ST00323" HPOS="982" VPOS="1732" WIDTH="66" HEIGHT="31" CONTENT="стор" WC="0.54" CC="4445"/>
						<String ID="P265_ST00324" HPOS="1068" VPOS="1731" WIDTH="33" HEIGHT="30" CONTENT="ну" WC="0.54" CC="80"/>
					</TextLine>
					<TextLine ID="P265_TL00039" HPOS="45" VPOS="1775" WIDTH="1058" HEIGHT="69">
						<String ID="P265_ST00325" HPOS="45" VPOS="1808" WIDTH="36" HEIGHT="22" CONTENT="въ" WC="0.48" CC="63"/>
						<SP ID="P265_SP00277" HPOS="81" VPOS="1830" WIDTH="24"/>
						<String ID="P265_ST00326" HPOS="105" VPOS="1804" WIDTH="208" HEIGHT="34" CONTENT="сторону-то" WC="0.54" CC="1462673444"/>
						<SP ID="P265_SP00278" HPOS="313" VPOS="1838" WIDTH="26"/>
						<String ID="P265_ST00327" HPOS="339" VPOS="1802" WIDTH="39" HEIGHT="22" CONTENT="въ" WC="0.40" CC="74"/>
						<SP ID="P265_SP00279" HPOS="378" VPOS="1838" WIDTH="25"/>
						<String ID="P265_ST00328" HPOS="403" VPOS="1798" WIDTH="90" HEIGHT="32" CONTENT="одну," WC="0.45" CC="64744"/>
						<SP ID="P265_SP00280" HPOS="493" VPOS="1838" WIDTH="27"/>
						<String ID="P265_ST00329" HPOS="520" VPOS="1795" WIDTH="33" HEIGHT="22" CONTENT="то" WC="0.45" CC="46"/>
						<SP ID="P265_SP00281" HPOS="553" VPOS="1838" WIDTH="24"/>
						<String ID="P265_ST00330" HPOS="577" VPOS="1792" WIDTH="39" HEIGHT="23" CONTENT="въ" WC="0.55" CC="44"/>
						<SP ID="P265_SP00282" HPOS="616" VPOS="1838" WIDTH="25"/>
						<String ID="P265_ST00331" HPOS="641" VPOS="1786" WIDTH="131" HEIGHT="35" CONTENT="другую:" WC="0.68" CC="4004444"/>
						<SP ID="P265_SP00283" HPOS="772" VPOS="1838" WIDTH="27"/>
						<String ID="P265_ST00332" HPOS="799" VPOS="1783" WIDTH="64" HEIGHT="30" CONTENT="двое" WC="0.40" CC="6646"/>
						<SP ID="P265_SP00284" HPOS="863" VPOS="1838" WIDTH="26"/>
						<String ID="P265_ST00333" HPOS="889" VPOS="1775" WIDTH="214" HEIGHT="69" CONTENT="сутокъ^выла" WC="0.42" CC="60474785844"/>
					</TextLine>
					<TextLine ID="P265_TL00040" HPOS="43" VPOS="1807" WIDTH="1077" HEIGHT="89">
						<String ID="P265_ST00334" HPOS="43" VPOS="1853" WIDTH="76" HEIGHT="32" CONTENT="зшъ," WC="0.64" CC="0184"/>
						<SP ID="P265_SP00285" HPOS="119" VPOS="1885" WIDTH="27"/>
						<String ID="P265_ST00335" HPOS="146" VPOS="1807" WIDTH="27" HEIGHT="68" CONTENT="а?" WC="0.40" CC="47"/>
						<SP ID="P265_SP00286" HPOS="173" VPOS="1885" WIDTH="14"/>
						<String ID="P265_ST00336" HPOS="187" VPOS="1807" WIDTH="38" HEIGHT="67" CONTENT="2" WC="0.01" CC="9"/>
						<SP ID="P265_SP00287" HPOS="225" VPOS="1885" WIDTH="22"/>
						<String ID="P265_ST00337" HPOS="247" VPOS="1841" WIDTH="136" HEIGHT="32" CONTENT="шймалп" WC="0.52" CC="860408"/>
						<SP ID="P265_SP00288" HPOS="383" VPOS="1885" WIDTH="9"/>
						<String ID="P265_ST00338" HPOS="392" VPOS="1837" WIDTH="4" HEIGHT="24" CONTENT="-" WC="0.55" CC="4"/>
						<SP ID="P265_SP00289" HPOS="396" VPOS="1885" WIDTH="351"/>
						<String ID="P265_ST00339" HPOS="747" VPOS="1822" WIDTH="311" HEIGHT="74" CONTENT="Гвь\ослТдтй°'" WC="0.44" CC="7709330948744"/>
						<SP ID="P265_SP00290" HPOS="1058" VPOS="1896" WIDTH="12"/>
						<String ID="P265_ST00340" HPOS="1070" VPOS="1819" WIDTH="50" HEIGHT="67" CONTENT="нГ" WC="0.24" CC="77"/>
					</TextLine>
					<TextLine ID="P265_TL00041" HPOS="45" VPOS="1899" WIDTH="1075" HEIGHT="68">
						<String ID="P265_ST00341" HPOS="45" VPOS="1899" WIDTH="84" HEIGHT="68" CONTENT="Г" WC="0.24" CC="7"/>
						<SP ID="P265_SP00291" HPOS="129" VPOS="1967" WIDTH="402"/>
						<String ID="P265_ST00342" HPOS="531" VPOS="1920" WIDTH="172" HEIGHT="44" CONTENT="№" WC="0.60" CC="3"/>
						<SP ID="P265_SP00292" HPOS="703" VPOS="1967" WIDTH="117"/>
						<String ID="P265_ST00343" HPOS="820" VPOS="1918" WIDTH="38" HEIGHT="22" CONTENT="-" WC="0.20" CC="8"/>
						<SP ID="P265_SP00293" HPOS="858" VPOS="1967" WIDTH="24"/>
						<String ID="P265_ST00344" HPOS="882" VPOS="1907" WIDTH="78" HEIGHT="31" CONTENT="-" WC="0.55" CC="4"/>
						<SP ID="P265_SP00294" HPOS="960" VPOS="1967" WIDTH="24"/>
						<String ID="P265_ST00345" HPOS="984" VPOS="1909" WIDTH="136" HEIGHT="29" CONTENT="~" WC="0.57" CC="4"/>
					</TextLine>
				</TextBlock>
			</PrintSpace>
		</Page>
	</Layout>
</alto>
