<?xml version="1.0" encoding="UTF-8"?>
<alto xmlns:xsi="http://www.w3.org/2001/XMLSchema-instance" xsi:noNamespaceSchemaLocation="http://www.bl.uk/schemas/alto/alto-1-4.xsd" xmlns:xlink="http://www.w3.org/1999/xlink">
	<Description>
		<MeasurementUnit>mm10</MeasurementUnit>
		<sourceImageInformation>
			<fileName>//head1/IN/2008-36/A0011936310/008299.jp2</fileName>
		</sourceImageInformation>
		<OCRProcessing ID="OCRPROCESSING_1">
			<preProcessingStep>
				<processingSoftware>
					<softwareCreator>CCS Content Conversion Specialists GmbH, Germany</softwareCreator>
					<softwareName>CCS docWORKS</softwareName>
					<softwareVersion>6.1-0.67</softwareVersion>
				</processingSoftware>
			</preProcessingStep>
			<ocrProcessingStep>
				<processingSoftware>
					<softwareCreator>ABBYY (BIT Software), Russia</softwareCreator>
					<softwareName>Finereader</softwareName>
				</processingSoftware>
			</ocrProcessingStep>
		</OCRProcessing>
	</Description>
	<Styles>
		<TextStyle ID="TXT_0" FONTSIZE="10" FONTFAMILY="Courier New"/>
		<TextStyle ID="TXT_1" FONTSIZE="11" FONTFAMILY="Courier New"/>
		<ParagraphStyle ID="PAR_CENTER" ALIGN="Center"/>
		<ParagraphStyle ID="PAR_LEFT" ALIGN="Left"/>
	</Styles>
	<Layout>
		<Page ID="P281" PHYSICAL_IMG_NR="281" HEIGHT="2028" WIDTH="1261" POSITION="Right" ACCURACY="65.41">
			<TopMargin ID="P281_TM00001" HPOS="0" VPOS="0" WIDTH="1260" HEIGHT="513">
				<TextBlock ID="P281_TB00001" HPOS="588" VPOS="408" WIDTH="35" HEIGHT="45" STYLEREFS="TXT_0 PAR_CENTER">
					<TextLine ID="P281_TL00001" HPOS="588" VPOS="409" WIDTH="35" HEIGHT="44">
						<String ID="P281_ST00001" HPOS="588" VPOS="409" WIDTH="35" HEIGHT="44" CONTENT="I." WC="0.67" CC="24"/>
					</TextLine>
				</TextBlock>
			</TopMargin>
			<LeftMargin ID="P281_LM00001" HPOS="0" VPOS="513" WIDTH="71" HEIGHT="1452"/>
			<RightMargin ID="P281_RM00001" HPOS="1150" VPOS="513" WIDTH="110" HEIGHT="1452"/>
			<BottomMargin ID="P281_BM00001" HPOS="0" VPOS="1965" WIDTH="1260" HEIGHT="62"/>
			<PrintSpace ID="P281_PS00001" HPOS="71" VPOS="513" WIDTH="1079" HEIGHT="1452">
				<TextBlock ID="P281_TB00002" HPOS="224" VPOS="513" WIDTH="753" HEIGHT="61" STYLEREFS="TXT_0 PAR_CENTER">
					<TextLine ID="P281_TL00002" HPOS="224" VPOS="514" WIDTH="753" HEIGHT="60">
						<String ID="P281_ST00002" HPOS="224" VPOS="516" WIDTH="268" HEIGHT="58" CONTENT="Гребенское" WC="0.70" CC="0703003436"/>
						<SP ID="P281_SP00001" HPOS="492" VPOS="574" WIDTH="32"/>
						<String ID="P281_ST00003" HPOS="524" VPOS="520" WIDTH="158" HEIGHT="42" CONTENT="войско" WC="0.81" CC="020044"/>
						<SP ID="P281_SP00002" HPOS="682" VPOS="574" WIDTH="36"/>
						<String ID="P281_ST00004" HPOS="718" VPOS="527" WIDTH="23" HEIGHT="33" CONTENT="и" WC="0.41" CC="5"/>
						<SP ID="P281_SP00003" HPOS="741" VPOS="574" WIDTH="31"/>
						<String ID="P281_ST00005" HPOS="772" VPOS="514" WIDTH="205" HEIGHT="57" CONTENT="Терское." WC="0.66" CC="07912500"/>
					</TextLine>
				</TextBlock>
				<TextBlock ID="P281_TB00003" HPOS="613" VPOS="794" WIDTH="534" HEIGHT="669" STYLEREFS="TXT_0 PAR_LEFT">
					<TextLine ID="P281_TL00003" HPOS="613" VPOS="794" WIDTH="528" HEIGHT="42">
						<String ID="P281_ST00006" HPOS="613" VPOS="795" WIDTH="311" HEIGHT="41" CONTENT="изляро-Гребенской," WC="0.65" CC="369001020000659662"/>
						<SP ID="P281_SP00004" HPOS="924" VPOS="836" WIDTH="22"/>
						<String ID="P281_ST00007" HPOS="946" VPOS="794" WIDTH="195" HEIGHT="39" CONTENT="Горско-Моз" SUBS_TYPE="HypPart1" SUBS_CONTENT="Горско-Моздоксшй," WC="0.61" CC="60050607590"/>
						<HYP CONTENT="-"/>
					</TextLine>
					<TextLine ID="P281_TL00004" HPOS="613" VPOS="838" WIDTH="527" HEIGHT="45">
						<String ID="P281_ST00008" HPOS="613" VPOS="842" WIDTH="129" HEIGHT="41" CONTENT="доксшй," SUBS_TYPE="HypPart2" SUBS_CONTENT="Горско-Моздоксшй," WC="0.71" CC="0700804"/>
						<SP ID="P281_SP00005" HPOS="742" VPOS="883" WIDTH="20"/>
						<String ID="P281_ST00009" HPOS="762" VPOS="840" WIDTH="137" HEIGHT="32" CONTENT="Волгск.й" WC="0.53" CC="57815025"/>
						<SP ID="P281_SP00006" HPOS="899" VPOS="883" WIDTH="17"/>
						<String ID="P281_ST00010" HPOS="916" VPOS="849" WIDTH="18" HEIGHT="21" CONTENT="и" WC="0.43" CC="5"/>
						<SP ID="P281_SP00007" HPOS="934" VPOS="883" WIDTH="17"/>
						<String ID="P281_ST00011" HPOS="951" VPOS="838" WIDTH="189" HEIGHT="41" CONTENT="Сунженско-" WC="0.71" CC="7050064030"/>
					</TextLine>
					<TextLine ID="P281_TL00005" HPOS="613" VPOS="885" WIDTH="532" HEIGHT="38">
						<String ID="P281_ST00012" HPOS="613" VPOS="885" WIDTH="270" HEIGHT="38" CONTENT="Владикавказшй" WC="0.52" CC="7600690290594"/>
						<SP ID="P281_SP00008" HPOS="883" VPOS="923" WIDTH="13"/>
						<String ID="P281_ST00013" HPOS="896" VPOS="901" WIDTH="39" HEIGHT="4" CONTENT="—" WC="0.20" CC="8"/>
						<SP ID="P281_SP00009" HPOS="935" VPOS="923" WIDTH="16"/>
						<String ID="P281_ST00014" HPOS="951" VPOS="892" WIDTH="72" HEIGHT="22" CONTENT="вотъ" WC="0.59" CC="0491"/>
						<SP ID="P281_SP00010" HPOS="1023" VPOS="923" WIDTH="25"/>
						<String ID="P281_ST00015" HPOS="1048" VPOS="891" WIDTH="97" HEIGHT="23" CONTENT="имена" WC="0.81" CC="30050"/>
					</TextLine>
					<TextLine ID="P281_TL00006" HPOS="613" VPOS="936" WIDTH="531" HEIGHT="35">
						<String ID="P281_ST00016" HPOS="613" VPOS="940" WIDTH="151" HEIGHT="31" CONTENT="гчетырехъ" WC="0.86" CC="000000092"/>
						<SP ID="P281_SP00011" HPOS="764" VPOS="971" WIDTH="13"/>
						<String ID="P281_ST00017" HPOS="777" VPOS="938" WIDTH="139" HEIGHT="29" CONTENT="полковъ," WC="0.67" CC="45906000"/>
						<SP ID="P281_SP00012" HPOS="916" VPOS="971" WIDTH="14"/>
						<String ID="P281_ST00018" HPOS="930" VPOS="936" WIDTH="214" HEIGHT="23" CONTENT="поселенныхъ" WC="0.70" CC="56300076004"/>
					</TextLine>
					<TextLine ID="P281_TL00007" HPOS="613" VPOS="974" WIDTH="532" HEIGHT="42">
						<String ID="P281_ST00019" HPOS="613" VPOS="986" WIDTH="37" HEIGHT="22" CONTENT="■въ" WC="0.61" CC="830"/>
						<SP ID="P281_SP00013" HPOS="650" VPOS="1008" WIDTH="24"/>
						<String ID="P281_ST00020" HPOS="674" VPOS="976" WIDTH="127" HEIGHT="40" CONTENT="Терской" WC="0.83" CC="0001064"/>
						<SP ID="P281_SP00014" HPOS="801" VPOS="1016" WIDTH="25"/>
						<String ID="P281_ST00021" HPOS="826" VPOS="975" WIDTH="124" HEIGHT="31" CONTENT="области" WC="0.66" CC="0590403"/>
						<SP ID="P281_SP00015" HPOS="950" VPOS="1016" WIDTH="24"/>
						<String ID="P281_ST00022" HPOS="974" VPOS="982" WIDTH="17" HEIGHT="21" CONTENT="и" WC="0.53" CC="4"/>
						<SP ID="P281_SP00016" HPOS="991" VPOS="1016" WIDTH="30"/>
						<String ID="P281_ST00023" HPOS="1021" VPOS="974" WIDTH="124" HEIGHT="29" CONTENT="извест" SUBS_TYPE="HypPart1" SUBS_CONTENT="известныхъ" WC="0.49" CC="2760494"/>
						<HYP CONTENT="-"/>
					</TextLine>
					<TextLine ID="P281_TL00008" HPOS="614" VPOS="1016" WIDTH="531" HEIGHT="39">
						<String ID="P281_ST00024" HPOS="614" VPOS="1030" WIDTH="86" HEIGHT="23" CONTENT="ныхъ" SUBS_TYPE="HypPart2" SUBS_CONTENT="известныхъ" WC="0.50" CC="5409"/>
						<SP ID="P281_SP00017" HPOS="700" VPOS="1053" WIDTH="24"/>
						<String ID="P281_ST00025" HPOS="724" VPOS="1028" WIDTH="100" HEIGHT="23" CONTENT="нынче" WC="0.67" CC="63500"/>
						<SP ID="P281_SP00018" HPOS="824" VPOS="1053" WIDTH="24"/>
						<String ID="P281_ST00026" HPOS="848" VPOS="1027" WIDTH="74" HEIGHT="28" CONTENT="подъ" WC="0.61" CC="5602"/>
						<SP ID="P281_SP00019" HPOS="922" VPOS="1055" WIDTH="24"/>
						<String ID="P281_ST00027" HPOS="946" VPOS="1016" WIDTH="127" HEIGHT="38" CONTENT="общимъ" WC="0.62" CC="640460"/>
						<SP ID="P281_SP00020" HPOS="1073" VPOS="1055" WIDTH="22"/>
						<String ID="P281_ST00028" HPOS="1095" VPOS="1025" WIDTH="50" HEIGHT="22" CONTENT="на" SUBS_TYPE="HypPart1" SUBS_CONTENT="назван.емъ" WC="0.67" CC="603"/>
						<HYP CONTENT="-"/>
					</TextLine>
					<TextLine ID="P281_TL00009" HPOS="613" VPOS="1061" WIDTH="534" HEIGHT="43">
						<String ID="P281_ST00029" HPOS="613" VPOS="1074" WIDTH="142" HEIGHT="24" CONTENT="зван.емъ" SUBS_TYPE="HypPart2" SUBS_CONTENT="назван.емъ" WC="0.61" CC="57370150"/>
						<SP ID="P281_SP00021" HPOS="755" VPOS="1098" WIDTH="23"/>
						<String ID="P281_ST00030" HPOS="778" VPOS="1064" WIDTH="146" HEIGHT="40" CONTENT="Терцевъ." WC="1.00" CC="00000000"/>
						<SP ID="P281_SP00022" HPOS="924" VPOS="1104" WIDTH="35"/>
						<String ID="P281_ST00031" HPOS="959" VPOS="1061" WIDTH="57" HEIGHT="32" CONTENT="Эти" WC="0.68" CC="504"/>
						<SP ID="P281_SP00023" HPOS="1016" VPOS="1104" WIDTH="35"/>
						<String ID="P281_ST00032" HPOS="1051" VPOS="1069" WIDTH="96" HEIGHT="23" CONTENT="имена" WC="0.55" CC="53157"/>
					</TextLine>
					<TextLine ID="P281_TL00010" HPOS="614" VPOS="1109" WIDTH="532" HEIGHT="39">
						<String ID="P281_ST00033" HPOS="614" VPOS="1118" WIDTH="222" HEIGHT="25" CONTENT="напоминаютъ" WC="0.66" CC="68354250000"/>
						<SP ID="P281_SP00024" HPOS="836" VPOS="1143" WIDTH="9"/>
						<String ID="P281_ST00034" HPOS="845" VPOS="1109" WIDTH="210" HEIGHT="39" CONTENT="трехвековую" WC="0.63" CC="00693095600"/>
						<SP ID="P281_SP00025" HPOS="1055" VPOS="1148" WIDTH="9"/>
						<String ID="P281_ST00035" HPOS="1064" VPOS="1114" WIDTH="82" HEIGHT="23" CONTENT="исто" SUBS_TYPE="HypPart1" SUBS_CONTENT="исторш" WC="0.72" CC="53040"/>
						<HYP CONTENT="-"/>
					</TextLine>
					<TextLine ID="P281_TL00011" HPOS="614" VPOS="1155" WIDTH="531" HEIGHT="41">
						<String ID="P281_ST00036" HPOS="614" VPOS="1165" WIDTH="51" HEIGHT="31" CONTENT="рш" SUBS_TYPE="HypPart2" SUBS_CONTENT="исторш" WC="0.50" CC="09"/>
						<SP ID="P281_SP00026" HPOS="665" VPOS="1196" WIDTH="25"/>
						<String ID="P281_ST00037" HPOS="690" VPOS="1155" WIDTH="146" HEIGHT="40" CONTENT="Терцевъ," WC="0.95" CC="00000004"/>
						<SP ID="P281_SP00027" HPOS="836" VPOS="1196" WIDTH="18"/>
						<String ID="P281_ST00038" HPOS="854" VPOS="1162" WIDTH="61" HEIGHT="22" CONTENT="ихъ" WC="0.95" CC="100"/>
						<SP ID="P281_SP00028" HPOS="915" VPOS="1196" WIDTH="16"/>
						<String ID="P281_ST00039" HPOS="931" VPOS="1159" WIDTH="214" HEIGHT="33" CONTENT="первоначаль" SUBS_TYPE="HypPart1" SUBS_CONTENT="первоначальное" WC="0.74" CC="300376002060"/>
						<HYP CONTENT="-"/>
					</TextLine>
					<TextLine ID="P281_TL00012" HPOS="614" VPOS="1196" WIDTH="533" HEIGHT="43">
						<String ID="P281_ST00040" HPOS="614" VPOS="1210" WIDTH="51" HEIGHT="22" CONTENT="ное" SUBS_TYPE="HypPart2" SUBS_CONTENT="первоначальное" WC="0.55" CC="760"/>
						<SP ID="P281_SP00029" HPOS="665" VPOS="1232" WIDTH="23"/>
						<String ID="P281_ST00041" HPOS="688" VPOS="1207" WIDTH="185" HEIGHT="32" CONTENT="водвореше," WC="0.62" CC="3733400843"/>
						<SP ID="P281_SP00030" HPOS="873" VPOS="1239" WIDTH="26"/>
						<String ID="P281_ST00042" HPOS="899" VPOS="1196" WIDTH="187" HEIGHT="41" CONTENT="переселен1я" WC="0.66" CC="30000092676"/>
						<SP ID="P281_SP00031" HPOS="1086" VPOS="1239" WIDTH="24"/>
						<String ID="P281_ST00043" HPOS="1110" VPOS="1203" WIDTH="37" HEIGHT="23" CONTENT="съ" WC="0.71" CC="50"/>
					</TextLine>
					<TextLine ID="P281_TL00013" HPOS="615" VPOS="1243" WIDTH="532" HEIGHT="40">
						<String ID="P281_ST00044" HPOS="615" VPOS="1248" WIDTH="97" HEIGHT="30" CONTENT="места" WC="0.82" CC="60100"/>
						<SP ID="P281_SP00032" HPOS="712" VPOS="1278" WIDTH="17"/>
						<String ID="P281_ST00045" HPOS="729" VPOS="1253" WIDTH="37" HEIGHT="23" CONTENT="на" WC="0.68" CC="60"/>
						<SP ID="P281_SP00033" HPOS="766" VPOS="1278" WIDTH="21"/>
						<String ID="P281_ST00046" HPOS="787" VPOS="1246" WIDTH="109" HEIGHT="37" CONTENT="место," WC="0.75" CC="502060"/>
						<SP ID="P281_SP00034" HPOS="896" VPOS="1283" WIDTH="17"/>
						<String ID="P281_ST00047" HPOS="913" VPOS="1243" WIDTH="110" HEIGHT="30" CONTENT="боевые" WC="0.64" CC="750061"/>
						<SP ID="P281_SP00035" HPOS="1023" VPOS="1283" WIDTH="16"/>
						<String ID="P281_ST00048" HPOS="1039" VPOS="1248" WIDTH="108" HEIGHT="33" CONTENT="труды," WC="0.84" CC="000053"/>
					</TextLine>
					<TextLine ID="P281_TL00014" HPOS="615" VPOS="1286" WIDTH="532" HEIGHT="45">
						<String ID="P281_ST00049" HPOS="615" VPOS="1297" WIDTH="182" HEIGHT="34" CONTENT="пережитую" WC="0.55" CC="420095907"/>
						<SP ID="P281_SP00036" HPOS="797" VPOS="1331" WIDTH="37"/>
						<String ID="P281_ST00050" HPOS="834" VPOS="1296" WIDTH="102" HEIGHT="32" CONTENT="славу." WC="0.87" CC="040002"/>
						<SP ID="P281_SP00037" HPOS="936" VPOS="1331" WIDTH="37"/>
						<String ID="P281_ST00051" HPOS="973" VPOS="1286" WIDTH="68" HEIGHT="32" CONTENT="Уже" WC="1.00" CC="000"/>
						<SP ID="P281_SP00038" HPOS="1041" VPOS="1331" WIDTH="36"/>
						<String ID="P281_ST00052" HPOS="1077" VPOS="1293" WIDTH="70" HEIGHT="32" CONTENT="судя" WC="0.96" CC="1000"/>
					</TextLine>
					<TextLine ID="P281_TL00015" HPOS="615" VPOS="1336" WIDTH="532" HEIGHT="39">
						<String ID="P281_ST00053" HPOS="615" VPOS="1345" WIDTH="35" HEIGHT="23" CONTENT="по" WC="0.66" CC="51"/>
						<SP ID="P281_SP00039" HPOS="650" VPOS="1368" WIDTH="25"/>
						<String ID="P281_ST00054" HPOS="675" VPOS="1336" WIDTH="153" HEIGHT="39" CONTENT="двойному" WC="0.69" CC="03446410"/>
						<SP ID="P281_SP00040" HPOS="828" VPOS="1375" WIDTH="24"/>
						<String ID="P281_ST00055" HPOS="852" VPOS="1341" WIDTH="145" HEIGHT="23" CONTENT="названш" WC="0.55" CC="6035068"/>
						<SP ID="P281_SP00041" HPOS="997" VPOS="1375" WIDTH="21"/>
						<String ID="P281_ST00056" HPOS="1018" VPOS="1338" WIDTH="129" HEIGHT="24" CONTENT="полковъ" WC="0.71" CC="6100561"/>
					</TextLine>
					<TextLine ID="P281_TL00016" HPOS="615" VPOS="1383" WIDTH="532" HEIGHT="35">
						<String ID="P281_ST00057" HPOS="615" VPOS="1390" WIDTH="101" HEIGHT="23" CONTENT="можно" WC="0.56" CC="25076"/>
						<SP ID="P281_SP00042" HPOS="716" VPOS="1413" WIDTH="26"/>
						<String ID="P281_ST00058" HPOS="742" VPOS="1386" WIDTH="186" HEIGHT="32" CONTENT="заключить," WC="0.77" CC="4090006002"/>
						<SP ID="P281_SP00043" HPOS="928" VPOS="1418" WIDTH="27"/>
						<String ID="P281_ST00059" HPOS="955" VPOS="1386" WIDTH="50" HEIGHT="22" CONTENT="что" WC="0.78" CC="006"/>
						<SP ID="P281_SP00044" HPOS="1005" VPOS="1418" WIDTH="30"/>
						<String ID="P281_ST00060" HPOS="1035" VPOS="1383" WIDTH="112" HEIGHT="33" CONTENT="прежде" WC="0.74" CC="500900"/>
					</TextLine>
					<TextLine ID="P281_TL00017" HPOS="615" VPOS="1423" WIDTH="532" HEIGHT="40">
						<String ID="P281_ST00061" HPOS="615" VPOS="1435" WIDTH="61" HEIGHT="22" CONTENT="ихъ" WC="0.79" CC="600"/>
						<SP ID="P281_SP00045" HPOS="676" VPOS="1457" WIDTH="24"/>
						<String ID="P281_ST00062" HPOS="700" VPOS="1427" WIDTH="78" HEIGHT="30" CONTENT="было" WC="0.76" CC="0304"/>
						<SP ID="P281_SP00046" HPOS="778" VPOS="1457" WIDTH="25"/>
						<String ID="P281_ST00063" HPOS="803" VPOS="1431" WIDTH="116" HEIGHT="32" CONTENT="гораздо" WC="0.76" CC="0600405"/>
						<SP ID="P281_SP00047" HPOS="919" VPOS="1463" WIDTH="20"/>
						<String ID="P281_ST00064" HPOS="939" VPOS="1423" WIDTH="126" HEIGHT="31" CONTENT="больше:" WC="0.51" CC="5696500"/>
						<SP ID="P281_SP00048" HPOS="1065" VPOS="1463" WIDTH="15"/>
						<String ID="P281_ST00065" HPOS="1080" VPOS="1428" WIDTH="67" HEIGHT="29" CONTENT="одно" WC="0.46" CC="5860"/>
					</TextLine>
				</TextBlock>
				<TextBlock ID="P281_TB00004" HPOS="72" VPOS="1474" WIDTH="1076" HEIGHT="490" STYLEREFS="TXT_0 PAR_LEFT">
					<TextLine ID="P281_TL00018" HPOS="72" VPOS="1474" WIDTH="1076" HEIGHT="46">
						<String ID="P281_ST00066" HPOS="72" VPOS="1487" WIDTH="89" HEIGHT="33" CONTENT="время" WC="0.76" CC="50006"/>
						<SP ID="P281_SP00049" HPOS="161" VPOS="1520" WIDTH="31"/>
						<String ID="P281_ST00067" HPOS="192" VPOS="1486" WIDTH="168" HEIGHT="24" CONTENT="считалось" WC="0.41" CC="095965553"/>
						<SP ID="P281_SP00050" HPOS="360" VPOS="1520" WIDTH="34"/>
						<String ID="P281_ST00068" HPOS="394" VPOS="1475" WIDTH="40" HEIGHT="33" CONTENT="13" WC="0.82" CC="30"/>
						<SP ID="P281_SP00051" HPOS="434" VPOS="1520" WIDTH="34"/>
						<String ID="P281_ST00069" HPOS="468" VPOS="1482" WIDTH="141" HEIGHT="24" CONTENT="полковъ." WC="0.61" CC="63765010"/>
						<SP ID="P281_SP00052" HPOS="609" VPOS="1520" WIDTH="34"/>
						<String ID="P281_ST00070" HPOS="643" VPOS="1474" WIDTH="58" HEIGHT="29" CONTENT="Эти" WC="0.32" CC="495"/>
						<SP ID="P281_SP00053" HPOS="701" VPOS="1520" WIDTH="34"/>
						<String ID="P281_ST00071" HPOS="735" VPOS="1478" WIDTH="113" HEIGHT="31" CONTENT="старые" WC="0.79" CC="163001"/>
						<SP ID="P281_SP00054" HPOS="848" VPOS="1520" WIDTH="32"/>
						<String ID="P281_ST00072" HPOS="880" VPOS="1476" WIDTH="95" HEIGHT="22" CONTENT="полки" WC="0.49" CC="56606"/>
						<SP ID="P281_SP00055" HPOS="975" VPOS="1520" WIDTH="33"/>
						<String ID="P281_ST00073" HPOS="1008" VPOS="1474" WIDTH="140" HEIGHT="33" CONTENT="служили" WC="0.63" CC="4000695"/>
					</TextLine>
					<TextLine ID="P281_TL00019" HPOS="73" VPOS="1515" WIDTH="1075" HEIGHT="42">
						<String ID="P281_ST00074" HPOS="73" VPOS="1533" WIDTH="72" HEIGHT="23" CONTENT="какъ" WC="0.67" CC="4052"/>
						<SP ID="P281_SP00056" HPOS="145" VPOS="1556" WIDTH="23"/>
						<String ID="P281_ST00075" HPOS="168" VPOS="1525" WIDTH="43" HEIGHT="31" CONTENT="бы" WC="0.48" CC="55"/>
						<SP ID="P281_SP00057" HPOS="211" VPOS="1556" WIDTH="25"/>
						<String ID="P281_ST00076" HPOS="236" VPOS="1531" WIDTH="151" HEIGHT="23" CONTENT="звеньями" WC="0.65" CC="35040615"/>
						<SP ID="P281_SP00058" HPOS="387" VPOS="1556" WIDTH="24"/>
						<String ID="P281_ST00077" HPOS="411" VPOS="1521" WIDTH="55" HEIGHT="31" CONTENT="той" WC="0.29" CC="965"/>
						<SP ID="P281_SP00059" HPOS="466" VPOS="1556" WIDTH="32"/>
						<String ID="P281_ST00078" HPOS="498" VPOS="1521" WIDTH="93" HEIGHT="36" CONTENT="цепи," WC="0.80" CC="00054"/>
						<SP ID="P281_SP00060" HPOS="591" VPOS="1557" WIDTH="34"/>
						<String ID="P281_ST00079" HPOS="625" VPOS="1525" WIDTH="126" HEIGHT="30" CONTENT="которая" WC="0.58" CC="9606005"/>
						<SP ID="P281_SP00061" HPOS="751" VPOS="1557" WIDTH="33"/>
						<String ID="P281_ST00080" HPOS="784" VPOS="1515" WIDTH="80" HEIGHT="31" CONTENT="была" WC="1.00" CC="0000"/>
						<SP ID="P281_SP00062" HPOS="864" VPOS="1557" WIDTH="32"/>
						<String ID="P281_ST00081" HPOS="896" VPOS="1520" WIDTH="166" HEIGHT="33" CONTENT="растянута" WC="0.80" CC="006073000"/>
						<SP ID="P281_SP00063" HPOS="1062" VPOS="1557" WIDTH="33"/>
						<String ID="P281_ST00082" HPOS="1095" VPOS="1519" WIDTH="53" HEIGHT="23" CONTENT="отъ" WC="0.43" CC="592"/>
					</TextLine>
					<TextLine ID="P281_TL00020" HPOS="72" VPOS="1558" WIDTH="1076" HEIGHT="52">
						<String ID="P281_ST00083" HPOS="72" VPOS="1579" WIDTH="72" HEIGHT="31" CONTENT="моря" WC="0.73" CC="0405"/>
						<SP ID="P281_SP00064" HPOS="144" VPOS="1610" WIDTH="23"/>
						<String ID="P281_ST00084" HPOS="167" VPOS="1570" WIDTH="162" HEIGHT="31" CONTENT="Азовскаго" WC="0.65" CC="007437014"/>
						<SP ID="P281_SP00065" HPOS="329" VPOS="1610" WIDTH="26"/>
						<String ID="P281_ST00085" HPOS="355" VPOS="1575" WIDTH="33" HEIGHT="29" CONTENT="до" WC="0.71" CC="05"/>
						<SP ID="P281_SP00066" HPOS="388" VPOS="1610" WIDTH="24"/>
						<String ID="P281_ST00086" HPOS="412" VPOS="1574" WIDTH="76" HEIGHT="31" CONTENT="моря" WC="1.00" CC="0000"/>
						<SP ID="P281_SP00067" HPOS="488" VPOS="1610" WIDTH="25"/>
						<String ID="P281_ST00087" HPOS="513" VPOS="1563" WIDTH="209" HEIGHT="39" CONTENT="Касшйскаго," WC="0.66" CC="00274390044"/>
						<SP ID="P281_SP00068" HPOS="722" VPOS="1610" WIDTH="29"/>
						<String ID="P281_ST00088" HPOS="751" VPOS="1569" WIDTH="56" HEIGHT="22" CONTENT="отъ" WC="0.78" CC="600"/>
						<SP ID="P281_SP00069" HPOS="807" VPOS="1610" WIDTH="26"/>
						<String ID="P281_ST00089" HPOS="833" VPOS="1558" WIDTH="130" HEIGHT="41" CONTENT="Бургаза" WC="0.80" CC="5002041"/>
						<SP ID="P281_SP00070" HPOS="963" VPOS="1610" WIDTH="31"/>
						<String ID="P281_ST00090" HPOS="994" VPOS="1565" WIDTH="32" HEIGHT="29" CONTENT="до" WC="0.54" CC="36"/>
						<SP ID="P281_SP00071" HPOS="1026" VPOS="1610" WIDTH="33"/>
						<String ID="P281_ST00091" HPOS="1059" VPOS="1563" WIDTH="89" HEIGHT="34" CONTENT="устья" WC="0.55" CC="92036"/>
					</TextLine>
					<TextLine ID="P281_TL00021" HPOS="72" VPOS="1605" WIDTH="1076" HEIGHT="50">
						<String ID="P281_ST00092" HPOS="72" VPOS="1614" WIDTH="118" HEIGHT="41" CONTENT="Терека." WC="0.74" CC="0007064"/>
						<SP ID="P281_SP00072" HPOS="190" VPOS="1655" WIDTH="27"/>
						<String ID="P281_ST00093" HPOS="217" VPOS="1613" WIDTH="229" HEIGHT="41" CONTENT="Черноморская" WC="0.64" CC="710625300906"/>
						<SP ID="P281_SP00073" HPOS="446" VPOS="1655" WIDTH="26"/>
						<String ID="P281_ST00094" HPOS="472" VPOS="1609" WIDTH="173" HEIGHT="40" CONTENT="Кордонная" WC="0.50" CC="069626506"/>
						<SP ID="P281_SP00074" HPOS="645" VPOS="1655" WIDTH="25"/>
						<String ID="P281_ST00095" HPOS="670" VPOS="1605" WIDTH="91" HEIGHT="31" CONTENT="Линш" WC="0.40" CC="2577"/>
						<SP ID="P281_SP00075" HPOS="761" VPOS="1655" WIDTH="32"/>
						<String ID="P281_ST00096" HPOS="793" VPOS="1610" WIDTH="220" HEIGHT="25" CONTENT="оканчивалась" WC="0.68" CC="700605049040"/>
						<SP ID="P281_SP00076" HPOS="1013" VPOS="1655" WIDTH="29"/>
						<String ID="P281_ST00097" HPOS="1042" VPOS="1608" WIDTH="106" HEIGHT="33" CONTENT="урочи" SUBS_TYPE="HypPart1" SUBS_CONTENT="урочищемъ" WC="0.74" CC="000932"/>
						<HYP CONTENT="-"/>
					</TextLine>
					<TextLine ID="P281_TL00022" HPOS="72" VPOS="1644" WIDTH="1076" HEIGHT="56">
						<String ID="P281_ST00098" HPOS="72" VPOS="1669" WIDTH="86" HEIGHT="30" CONTENT="щемъ" SUBS_TYPE="HypPart2" SUBS_CONTENT="урочищемъ" WC="0.91" CC="0030"/>
						<SP ID="P281_SP00077" HPOS="158" VPOS="1699" WIDTH="30"/>
						<String ID="P281_ST00099" HPOS="188" VPOS="1658" WIDTH="178" HEIGHT="42" CONTENT="«Изрядный" WC="0.58" CC="442066625"/>
						<SP ID="P281_SP00078" HPOS="366" VPOS="1700" WIDTH="24"/>
						<String ID="P281_ST00100" HPOS="390" VPOS="1656" WIDTH="206" HEIGHT="37" CONTENT="Источнику»" WC="0.54" CC="6608066083"/>
						<SP ID="P281_SP00079" HPOS="596" VPOS="1700" WIDTH="31"/>
						<String ID="P281_ST00101" HPOS="627" VPOS="1660" WIDTH="50" HEIGHT="22" CONTENT="что" WC="0.76" CC="007"/>
						<SP ID="P281_SP00080" HPOS="677" VPOS="1700" WIDTH="19"/>
						<String ID="P281_ST00102" HPOS="696" VPOS="1659" WIDTH="37" HEIGHT="22" CONTENT="на" WC="0.68" CC="60"/>
						<SP ID="P281_SP00081" HPOS="733" VPOS="1700" WIDTH="17"/>
						<String ID="P281_ST00103" HPOS="750" VPOS="1648" WIDTH="131" HEIGHT="42" CONTENT="Кубани;" WC="0.81" CC="0000750"/>
						<SP ID="P281_SP00082" HPOS="881" VPOS="1700" WIDTH="19"/>
						<String ID="P281_ST00104" HPOS="900" VPOS="1656" WIDTH="69" HEIGHT="22" CONTENT="весь" WC="0.84" CC="0033"/>
						<SP ID="P281_SP00083" HPOS="969" VPOS="1700" WIDTH="18"/>
						<String ID="P281_ST00105" HPOS="987" VPOS="1644" WIDTH="161" HEIGHT="33" CONTENT="остальной" WC="0.69" CC="600350712"/>
					</TextLine>
					<TextLine ID="P281_TL00023" HPOS="72" VPOS="1689" WIDTH="1076" HEIGHT="57">
						<String ID="P281_ST00106" HPOS="72" VPOS="1713" WIDTH="217" HEIGHT="33" CONTENT="промежутокъ" WC="0.81" CC="50403000601"/>
						<SP ID="P281_SP00084" HPOS="289" VPOS="1746" WIDTH="26"/>
						<String ID="P281_ST00107" HPOS="315" VPOS="1720" WIDTH="39" HEIGHT="5" CONTENT="—" WC="0.20" CC="8"/>
						<SP ID="P281_SP00085" HPOS="354" VPOS="1746" WIDTH="26"/>
						<String ID="P281_ST00108" HPOS="380" VPOS="1710" WIDTH="36" HEIGHT="22" CONTENT="по" WC="0.44" CC="56"/>
						<SP ID="P281_SP00086" HPOS="416" VPOS="1746" WIDTH="25"/>
						<String ID="P281_ST00109" HPOS="441" VPOS="1708" WIDTH="137" HEIGHT="32" CONTENT="верхамъ" WC="0.80" CC="3000431"/>
						<SP ID="P281_SP00087" HPOS="578" VPOS="1746" WIDTH="26"/>
						<String ID="P281_ST00110" HPOS="604" VPOS="1696" WIDTH="131" HEIGHT="41" CONTENT="Кубани," WC="0.62" CC="6050634"/>
						<SP ID="P281_SP00088" HPOS="735" VPOS="1746" WIDTH="27"/>
						<String ID="P281_ST00111" HPOS="762" VPOS="1702" WIDTH="35" HEIGHT="22" CONTENT="по" WC="0.31" CC="85"/>
						<SP ID="P281_SP00089" HPOS="797" VPOS="1746" WIDTH="24"/>
						<String ID="P281_ST00112" HPOS="821" VPOS="1692" WIDTH="125" HEIGHT="40" CONTENT="Тереку," WC="0.91" CC="0100004"/>
						<SP ID="P281_SP00090" HPOS="946" VPOS="1746" WIDTH="30"/>
						<String ID="P281_ST00113" HPOS="976" VPOS="1700" WIDTH="36" HEIGHT="22" CONTENT="по" WC="0.66" CC="23"/>
						<SP ID="P281_SP00091" HPOS="1012" VPOS="1746" WIDTH="28"/>
						<String ID="P281_ST00114" HPOS="1040" VPOS="1689" WIDTH="108" HEIGHT="41" CONTENT="Сунже" WC="0.77" CC="60400"/>
					</TextLine>
					<TextLine ID="P281_TL00024" HPOS="73" VPOS="1735" WIDTH="1075" HEIGHT="56">
						<String ID="P281_ST00115" HPOS="73" VPOS="1753" WIDTH="155" HEIGHT="38" CONTENT="примерно" WC="0.72" CC="50410072"/>
						<SP ID="P281_SP00092" HPOS="228" VPOS="1791" WIDTH="25"/>
						<String ID="P281_ST00116" HPOS="253" VPOS="1757" WIDTH="38" HEIGHT="23" CONTENT="на" WC="0.67" CC="60"/>
						<SP ID="P281_SP00093" HPOS="291" VPOS="1791" WIDTH="26"/>
						<String ID="P281_ST00117" HPOS="317" VPOS="1746" WIDTH="65" HEIGHT="34" CONTENT="700" WC="0.69" CC="900"/>
						<SP ID="P281_SP00094" HPOS="382" VPOS="1791" WIDTH="24"/>
						<String ID="P281_ST00118" HPOS="406" VPOS="1753" WIDTH="120" HEIGHT="32" CONTENT="верстъ," WC="0.72" CC="5405004"/>
						<SP ID="P281_SP00095" HPOS="526" VPOS="1791" WIDTH="26"/>
						<String ID="P281_ST00119" HPOS="552" VPOS="1749" WIDTH="156" HEIGHT="32" CONTENT="замкнула" WC="0.50" CC="39097090"/>
						<SP ID="P281_SP00096" HPOS="708" VPOS="1791" WIDTH="23"/>
						<String ID="P281_ST00120" HPOS="731" VPOS="1738" WIDTH="188" HEIGHT="31" CONTENT="Кавказская" WC="0.70" CC="0009052056"/>
						<SP ID="P281_SP00097" HPOS="919" VPOS="1791" WIDTH="16"/>
						<String ID="P281_ST00121" HPOS="935" VPOS="1735" WIDTH="104" HEIGHT="32" CONTENT="Линш." WC="0.60" CC="06570"/>
						<SP ID="P281_SP00098" HPOS="1039" VPOS="1791" WIDTH="18"/>
						<String ID="P281_ST00122" HPOS="1057" VPOS="1735" WIDTH="91" HEIGHT="31" CONTENT="Опло" SUBS_TYPE="HypPart1" SUBS_CONTENT="Оплотомъ" WC="0.43" CC="63962"/>
						<HYP CONTENT="-"/>
					</TextLine>
					<TextLine ID="P281_TL00025" HPOS="72" VPOS="1786" WIDTH="1076" HEIGHT="49">
						<String ID="P281_ST00123" HPOS="72" VPOS="1806" WIDTH="75" HEIGHT="22" CONTENT="томъ" SUBS_TYPE="HypPart2" SUBS_CONTENT="Оплотомъ" WC="0.82" CC="0051"/>
						<SP ID="P281_SP00099" HPOS="147" VPOS="1828" WIDTH="38"/>
						<String ID="P281_ST00124" HPOS="185" VPOS="1806" WIDTH="19" HEIGHT="21" CONTENT="и" WC="0.59" CC="4"/>
						<SP ID="P281_SP00100" HPOS="204" VPOS="1828" WIDTH="37"/>
						<String ID="P281_ST00125" HPOS="241" VPOS="1794" WIDTH="101" HEIGHT="41" CONTENT="грозой" WC="0.77" CC="001433"/>
						<SP ID="P281_SP00101" HPOS="342" VPOS="1835" WIDTH="34"/>
						<String ID="P281_ST00126" HPOS="376" VPOS="1800" WIDTH="34" HEIGHT="23" CONTENT="ея" WC="0.68" CC="06"/>
						<SP ID="P281_SP00102" HPOS="410" VPOS="1835" WIDTH="32"/>
						<String ID="P281_ST00127" HPOS="442" VPOS="1798" WIDTH="90" HEIGHT="23" CONTENT="стали" WC="0.63" CC="75005"/>
						<SP ID="P281_SP00103" HPOS="532" VPOS="1835" WIDTH="25"/>
						<String ID="P281_ST00128" HPOS="557" VPOS="1786" WIDTH="160" HEIGHT="33" CONTENT="линейные" WC="0.53" CC="94504632"/>
						<SP ID="P281_SP00104" HPOS="717" VPOS="1835" WIDTH="25"/>
						<String ID="P281_ST00129" HPOS="742" VPOS="1791" WIDTH="119" HEIGHT="30" CONTENT="казаки," WC="0.78" CC="0050054"/>
						<SP ID="P281_SP00105" HPOS="861" VPOS="1835" WIDTH="39"/>
						<String ID="P281_ST00130" HPOS="900" VPOS="1789" WIDTH="125" HEIGHT="29" CONTENT="подвиги" WC="0.64" CC="4500454"/>
						<SP ID="P281_SP00106" HPOS="1025" VPOS="1835" WIDTH="39"/>
						<String ID="P281_ST00131" HPOS="1064" VPOS="1787" WIDTH="84" HEIGHT="23" CONTENT="кото" SUBS_TYPE="HypPart1" SUBS_CONTENT="которыхъ" WC="0.52" CC="94062"/>
						<HYP CONTENT="-"/>
					</TextLine>
					<TextLine ID="P281_TL00026" HPOS="73" VPOS="1824" WIDTH="1075" HEIGHT="58">
						<String ID="P281_ST00132" HPOS="73" VPOS="1851" WIDTH="83" HEIGHT="31" CONTENT="рыхъ" SUBS_TYPE="HypPart2" SUBS_CONTENT="которыхъ" WC="0.61" CC="0590"/>
						<SP ID="P281_SP00107" HPOS="156" VPOS="1882" WIDTH="23"/>
						<String ID="P281_ST00133" HPOS="179" VPOS="1840" WIDTH="193" HEIGHT="42" CONTENT="прогремели" WC="0.63" CC="7060600087"/>
						<SP ID="P281_SP00108" HPOS="372" VPOS="1882" WIDTH="25"/>
						<String ID="P281_ST00134" HPOS="397" VPOS="1845" WIDTH="36" HEIGHT="23" CONTENT="по" WC="0.27" CC="77"/>
						<SP ID="P281_SP00109" HPOS="433" VPOS="1882" WIDTH="26"/>
						<String ID="P281_ST00135" HPOS="459" VPOS="1836" WIDTH="101" HEIGHT="38" CONTENT="всему" WC="0.80" CC="40050"/>
						<SP ID="P281_SP00110" HPOS="560" VPOS="1882" WIDTH="26"/>
						<String ID="P281_ST00136" HPOS="586" VPOS="1833" WIDTH="107" HEIGHT="37" CONTENT="свету." WC="0.90" CC="050000"/>
						<SP ID="P281_SP00111" HPOS="693" VPOS="1882" WIDTH="28"/>
						<String ID="P281_ST00137" HPOS="721" VPOS="1827" WIDTH="187" HEIGHT="32" CONTENT="Кавказская" WC="0.77" CC="0009040080"/>
						<SP ID="P281_SP00112" HPOS="908" VPOS="1882" WIDTH="32"/>
						<String ID="P281_ST00138" HPOS="940" VPOS="1824" WIDTH="89" HEIGHT="32" CONTENT="Лпшя" WC="0.62" CC="0680"/>
						<SP ID="P281_SP00113" HPOS="1029" VPOS="1882" WIDTH="30"/>
						<String ID="P281_ST00139" HPOS="1059" VPOS="1831" WIDTH="89" HEIGHT="23" CONTENT="много" WC="0.41" CC="17677"/>
					</TextLine>
					<TextLine ID="P281_TL00027" HPOS="72" VPOS="1875" WIDTH="1076" HEIGHT="50">
						<String ID="P281_ST00140" HPOS="72" VPOS="1890" WIDTH="77" HEIGHT="29" CONTENT="летъ" WC="0.58" CC="9006"/>
						<SP ID="P281_SP00114" HPOS="149" VPOS="1919" WIDTH="24"/>
						<String ID="P281_ST00141" HPOS="173" VPOS="1893" WIDTH="145" HEIGHT="32" CONTENT="служила" WC="0.36" CC="4099693"/>
						<SP ID="P281_SP00115" HPOS="318" VPOS="1925" WIDTH="26"/>
						<String ID="P281_ST00142" HPOS="344" VPOS="1879" WIDTH="179" HEIGHT="43" CONTENT="приманкой" WC="0.52" CC="705706761"/>
						<SP ID="P281_SP00116" HPOS="523" VPOS="1925" WIDTH="18"/>
						<String ID="P281_ST00143" HPOS="541" VPOS="1885" WIDTH="78" HEIGHT="24" CONTENT="какъ" WC="0.58" CC="0096"/>
						<SP ID="P281_SP00117" HPOS="619" VPOS="1925" WIDTH="19"/>
						<String ID="P281_ST00144" HPOS="638" VPOS="1883" WIDTH="54" HEIGHT="29" CONTENT="для" WC="0.60" CC="065"/>
						<SP ID="P281_SP00118" HPOS="692" VPOS="1925" WIDTH="17"/>
						<String ID="P281_ST00145" HPOS="709" VPOS="1875" WIDTH="89" HEIGHT="36" CONTENT="техъ," WC="0.92" CC="00003"/>
						<SP ID="P281_SP00119" HPOS="798" VPOS="1925" WIDTH="21"/>
						<String ID="P281_ST00146" HPOS="819" VPOS="1880" WIDTH="50" HEIGHT="22" CONTENT="кто" WC="0.82" CC="005"/>
						<SP ID="P281_SP00120" HPOS="869" VPOS="1925" WIDTH="18"/>
						<String ID="P281_ST00147" HPOS="887" VPOS="1878" WIDTH="146" HEIGHT="29" CONTENT="жаждалъ" WC="0.79" CC="0000490"/>
						<SP ID="P281_SP00121" HPOS="1033" VPOS="1925" WIDTH="17"/>
						<String ID="P281_ST00148" HPOS="1050" VPOS="1876" WIDTH="98" HEIGHT="23" CONTENT="славы" WC="0.57" CC="60626"/>
					</TextLine>
					<TextLine ID="P281_TL00028" HPOS="74" VPOS="1921" WIDTH="1073" HEIGHT="43">
						<String ID="P281_ST00149" HPOS="74" VPOS="1942" WIDTH="55" HEIGHT="22" CONTENT="иш" WC="0.24" CC="68"/>
						<SP ID="P281_SP00122" HPOS="129" VPOS="1964" WIDTH="25"/>
						<String ID="P281_ST00150" HPOS="154" VPOS="1931" WIDTH="124" HEIGHT="33" CONTENT="отшч1Й" WC="0.56" CC="309614"/>
						<SP ID="P281_SP00123" HPOS="278" VPOS="1964" WIDTH="35"/>
						<String ID="P281_ST00151" HPOS="313" VPOS="1936" WIDTH="79" HEIGHT="24" CONTENT="такъ" WC="0.77" CC="7001"/>
						<SP ID="P281_SP00124" HPOS="392" VPOS="1964" WIDTH="24"/>
						<String ID="P281_ST00152" HPOS="416" VPOS="1933" WIDTH="92" HEIGHT="31" CONTENT="равно" WC="0.75" CC="00056"/>
						<SP ID="P281_SP00125" HPOS="508" VPOS="1964" WIDTH="25"/>
						<String ID="P281_ST00153" HPOS="533" VPOS="1932" WIDTH="21" HEIGHT="22" CONTENT="и" WC="0.14" CC="8"/>
						<SP ID="P281_SP00126" HPOS="554" VPOS="1964" WIDTH="22"/>
						<String ID="P281_ST00154" HPOS="576" VPOS="1929" WIDTH="55" HEIGHT="31" CONTENT="для" WC="0.86" CC="004"/>
						<SP ID="P281_SP00127" HPOS="631" VPOS="1964" WIDTH="25"/>
						<String ID="P281_ST00155" HPOS="656" VPOS="1921" WIDTH="91" HEIGHT="35" CONTENT="техъ," WC="0.91" CC="00004"/>
						<SP ID="P281_SP00128" HPOS="747" VPOS="1964" WIDTH="26"/>
						<String ID="P281_ST00156" HPOS="773" VPOS="1925" WIDTH="77" HEIGHT="31" CONTENT="кому" WC="0.57" CC="9240"/>
						<SP ID="P281_SP00129" HPOS="850" VPOS="1964" WIDTH="20"/>
						<String ID="P281_ST00157" HPOS="870" VPOS="1923" WIDTH="98" HEIGHT="23" CONTENT="жизнь" WC="0.55" CC="93161"/>
						<SP ID="P281_SP00130" HPOS="968" VPOS="1964" WIDTH="17"/>
						<String ID="P281_ST00158" HPOS="985" VPOS="1921" WIDTH="162" HEIGHT="24" CONTENT="опостыла." WC="0.56" CC="755006904"/>
					</TextLine>
				</TextBlock>
				<ComposedBlock ID="P281_CB00001" HPOS="72" VPOS="617" WIDTH="534" HEIGHT="850" STYLEREFS="TXT_1 PAR_LEFT" TYPE="Illustration">
					<GraphicalElement ID="P281_CB00001_SUB" HPOS="72" VPOS="617" WIDTH="534" HEIGHT="850"/>
				</ComposedBlock>
			</PrintSpace>
		</Page>
	</Layout>
</alto>
