<?xml version="1.0" encoding="UTF-8"?>
<alto xmlns:xsi="http://www.w3.org/2001/XMLSchema-instance" xsi:noNamespaceSchemaLocation="http://www.bl.uk/schemas/alto/alto-1-4.xsd" xmlns:xlink="http://www.w3.org/1999/xlink">
	<Description>
		<MeasurementUnit>mm10</MeasurementUnit>
		<sourceImageInformation>
			<fileName>//head1/IN/2008-36/A0011936310/008257.jp2</fileName>
		</sourceImageInformation>
		<OCRProcessing ID="OCRPROCESSING_1">
			<preProcessingStep>
				<processingSoftware>
					<softwareCreator>CCS Content Conversion Specialists GmbH, Germany</softwareCreator>
					<softwareName>CCS docWORKS</softwareName>
					<softwareVersion>6.1-0.67</softwareVersion>
				</processingSoftware>
			</preProcessingStep>
			<ocrProcessingStep>
				<processingSoftware>
					<softwareCreator>ABBYY (BIT Software), Russia</softwareCreator>
					<softwareName>Finereader</softwareName>
				</processingSoftware>
			</ocrProcessingStep>
		</OCRProcessing>
	</Description>
	<Styles>
		<TextStyle ID="TXT_0" FONTSIZE="10" FONTFAMILY="Courier New"/>
		<ParagraphStyle ID="PAR_RIGHT" ALIGN="Right"/>
		<ParagraphStyle ID="PAR_LEFT" ALIGN="Left"/>
	</Styles>
	<Layout>
		<Page ID="P239" PHYSICAL_IMG_NR="239" HEIGHT="2028" WIDTH="1261" PRINTED_IMG_NR="227" POSITION="Right" ACCURACY="62.14">
			<TopMargin ID="P239_TM00001" HPOS="0" VPOS="0" WIDTH="1260" HEIGHT="79">
				<TextBlock ID="P239_TB00001" HPOS="541" VPOS="53" WIDTH="166" HEIGHT="24" STYLEREFS="TXT_0 PAR_RIGHT">
					<TextLine ID="P239_TL00001" HPOS="640" VPOS="63" WIDTH="67" HEIGHT="14">
						<String ID="P239_ST00001" HPOS="640" VPOS="63" WIDTH="67" HEIGHT="14" CONTENT="227" WC="1.00" CC="000"/>
					</TextLine>
				</TextBlock>
			</TopMargin>
			<LeftMargin ID="P239_LM00001" HPOS="0" VPOS="79" WIDTH="80" HEIGHT="1912"/>
			<RightMargin ID="P239_RM00001" HPOS="1192" VPOS="79" WIDTH="68" HEIGHT="1912"/>
			<BottomMargin ID="P239_BM00001" HPOS="0" VPOS="1991" WIDTH="1260" HEIGHT="36"/>
			<PrintSpace ID="P239_PS00001" HPOS="80" VPOS="79" WIDTH="1112" HEIGHT="1912">
				<TextBlock ID="P239_TB00002" HPOS="80" VPOS="124" WIDTH="1112" HEIGHT="1867" STYLEREFS="TXT_0 PAR_LEFT">
					<TextLine ID="P239_TL00002" HPOS="82" VPOS="125" WIDTH="1076" HEIGHT="49">
						<String ID="P239_ST00002" HPOS="82" VPOS="136" WIDTH="88" HEIGHT="38" CONTENT="бани," WC="0.55" CC="70643"/>
						<SP ID="P239_SP00001" HPOS="170" VPOS="174" WIDTH="27"/>
						<String ID="P239_ST00003" HPOS="197" VPOS="141" WIDTH="78" HEIGHT="28" CONTENT="даже" WC="0.66" CC="3090"/>
						<SP ID="P239_SP00002" HPOS="275" VPOS="174" WIDTH="28"/>
						<String ID="P239_ST00004" HPOS="303" VPOS="138" WIDTH="149" HEIGHT="33" CONTENT="временно" WC="0.41" CC="29409477"/>
						<SP ID="P239_SP00003" HPOS="452" VPOS="174" WIDTH="25"/>
						<String ID="P239_ST00005" HPOS="477" VPOS="131" WIDTH="89" HEIGHT="34" CONTENT="здесь" WC="0.79" CC="00027"/>
						<SP ID="P239_SP00004" HPOS="566" VPOS="174" WIDTH="24"/>
						<String ID="P239_ST00006" HPOS="590" VPOS="135" WIDTH="193" HEIGHT="33" CONTENT="проживали." WC="0.57" CC="0039542960"/>
						<SP ID="P239_SP00005" HPOS="783" VPOS="174" WIDTH="27"/>
						<String ID="P239_ST00007" HPOS="810" VPOS="125" WIDTH="40" HEIGHT="32" CONTENT="Съ" WC="0.25" CC="68"/>
						<SP ID="P239_SP00006" HPOS="850" VPOS="174" WIDTH="26"/>
						<String ID="P239_ST00008" HPOS="876" VPOS="126" WIDTH="189" HEIGHT="39" CONTENT="прибыт.емъ" WC="0.56" CC="4927507420"/>
						<SP ID="P239_SP00007" HPOS="1065" VPOS="174" WIDTH="25"/>
						<String ID="P239_ST00009" HPOS="1090" VPOS="132" WIDTH="68" HEIGHT="32" CONTENT="рус" SUBS_TYPE="HypPart1" SUBS_CONTENT="русскихъ" WC="0.98" CC="0000"/>
						<HYP CONTENT="-"/>
					</TextLine>
					<TextLine ID="P239_TL00003" HPOS="83" VPOS="170" WIDTH="1076" HEIGHT="47">
						<String ID="P239_ST00010" HPOS="83" VPOS="187" WIDTH="98" HEIGHT="25" CONTENT="скихъ" SUBS_TYPE="HypPart2" SUBS_CONTENT="русскихъ" WC="0.59" CC="59400"/>
						<SP ID="P239_SP00008" HPOS="181" VPOS="212" WIDTH="26"/>
						<String ID="P239_ST00011" HPOS="207" VPOS="186" WIDTH="134" HEIGHT="31" CONTENT="черкесы" WC="0.69" CC="9050006"/>
						<SP ID="P239_SP00009" HPOS="341" VPOS="217" WIDTH="36"/>
						<String ID="P239_ST00012" HPOS="377" VPOS="176" WIDTH="129" HEIGHT="38" CONTENT="собрали" WC="0.71" CC="2400093"/>
						<SP ID="P239_SP00010" HPOS="506" VPOS="217" WIDTH="37"/>
						<String ID="P239_ST00013" HPOS="543" VPOS="174" WIDTH="71" HEIGHT="31" CONTENT="свой" WC="0.71" CC="0730"/>
						<SP ID="P239_SP00011" HPOS="614" VPOS="217" WIDTH="37"/>
						<String ID="P239_ST00014" HPOS="651" VPOS="173" WIDTH="114" HEIGHT="39" CONTENT="хлебъ," WC="0.61" CC="090903"/>
						<SP ID="P239_SP00012" HPOS="765" VPOS="217" WIDTH="37"/>
						<String ID="P239_ST00015" HPOS="802" VPOS="170" WIDTH="125" HEIGHT="41" CONTENT="забрали" WC="0.34" CC="7977094"/>
						<SP ID="P239_SP00013" HPOS="927" VPOS="217" WIDTH="33"/>
						<String ID="P239_ST00016" HPOS="960" VPOS="170" WIDTH="158" HEIGHT="31" CONTENT="хозяйство" WC="0.85" CC="032200004"/>
						<SP ID="P239_SP00014" HPOS="1118" VPOS="217" WIDTH="24"/>
						<String ID="P239_ST00017" HPOS="1142" VPOS="178" WIDTH="17" HEIGHT="21" CONTENT="и" WC="0.27" CC="7"/>
					</TextLine>
					<TextLine ID="P239_TL00004" HPOS="84" VPOS="217" WIDTH="1076" HEIGHT="50">
						<String ID="P239_ST00018" HPOS="84" VPOS="233" WIDTH="87" HEIGHT="34" CONTENT="ушли" WC="0.50" CC="0585"/>
						<SP ID="P239_SP00015" HPOS="171" VPOS="267" WIDTH="26"/>
						<String ID="P239_ST00019" HPOS="197" VPOS="224" WIDTH="70" HEIGHT="30" CONTENT="безъ" WC="0.87" CC="5000"/>
						<SP ID="P239_SP00016" HPOS="267" VPOS="267" WIDTH="26"/>
						<String ID="P239_ST00020" HPOS="293" VPOS="221" WIDTH="109" HEIGHT="32" CONTENT="всякой" WC="0.65" CC="446022"/>
						<SP ID="P239_SP00017" HPOS="402" VPOS="267" WIDTH="24"/>
						<String ID="P239_ST00021" HPOS="426" VPOS="229" WIDTH="139" HEIGHT="31" CONTENT="вражды." WC="0.81" CC="3009000"/>
						<SP ID="P239_SP00018" HPOS="565" VPOS="267" WIDTH="27"/>
						<String ID="P239_ST00022" HPOS="592" VPOS="218" WIDTH="114" HEIGHT="40" CONTENT="Первое" WC="0.56" CC="709144"/>
						<SP ID="P239_SP00019" HPOS="706" VPOS="267" WIDTH="22"/>
						<String ID="P239_ST00023" HPOS="728" VPOS="225" WIDTH="94" HEIGHT="32" CONTENT="время" WC="0.69" CC="30047"/>
						<SP ID="P239_SP00020" HPOS="822" VPOS="267" WIDTH="24"/>
						<String ID="P239_ST00024" HPOS="846" VPOS="217" WIDTH="108" HEIGHT="36" CONTENT="соседи" WC="0.66" CC="263008"/>
						<SP ID="P239_SP00021" HPOS="954" VPOS="267" WIDTH="23"/>
						<String ID="P239_ST00025" HPOS="977" VPOS="224" WIDTH="84" HEIGHT="22" CONTENT="жили" WC="0.83" CC="0150"/>
						<SP ID="P239_SP00022" HPOS="1061" VPOS="267" WIDTH="25"/>
						<String ID="P239_ST00026" HPOS="1086" VPOS="223" WIDTH="74" HEIGHT="22" CONTENT="какъ" WC="1.00" CC="0000"/>
					</TextLine>
					<TextLine ID="P239_TL00005" HPOS="87" VPOS="264" WIDTH="1073" HEIGHT="47">
						<String ID="P239_ST00027" HPOS="87" VPOS="272" WIDTH="87" HEIGHT="39" CONTENT="будто" WC="0.48" CC="69404"/>
						<SP ID="P239_SP00023" HPOS="174" VPOS="311" WIDTH="25"/>
						<String ID="P239_ST00028" HPOS="199" VPOS="277" WIDTH="39" HEIGHT="22" CONTENT="въ" WC="0.72" CC="50"/>
						<SP ID="P239_SP00024" HPOS="238" VPOS="311" WIDTH="26"/>
						<String ID="P239_ST00029" HPOS="264" VPOS="276" WIDTH="88" HEIGHT="32" CONTENT="ладу." WC="0.79" CC="80001"/>
						<SP ID="P239_SP00025" HPOS="352" VPOS="311" WIDTH="39"/>
						<String ID="P239_ST00030" HPOS="391" VPOS="265" WIDTH="175" HEIGHT="40" CONTENT="Черкесше" WC="0.63" CC="40900590"/>
						<SP ID="P239_SP00026" HPOS="566" VPOS="311" WIDTH="36"/>
						<String ID="P239_ST00031" HPOS="602" VPOS="272" WIDTH="109" HEIGHT="23" CONTENT="князья" WC="0.69" CC="060550"/>
						<SP ID="P239_SP00027" HPOS="711" VPOS="311" WIDTH="33"/>
						<String ID="P239_ST00032" HPOS="744" VPOS="269" WIDTH="163" HEIGHT="24" CONTENT="частенько" WC="0.72" CC="001007096"/>
						<SP ID="P239_SP00028" HPOS="907" VPOS="311" WIDTH="32"/>
						<String ID="P239_ST00033" HPOS="939" VPOS="264" WIDTH="158" HEIGHT="27" CONTENT="наезжали" WC="0.68" CC="60060506"/>
						<SP ID="P239_SP00029" HPOS="1097" VPOS="311" WIDTH="23"/>
						<String ID="P239_ST00034" HPOS="1120" VPOS="268" WIDTH="40" HEIGHT="22" CONTENT="въ" WC="1.00" CC="00"/>
					</TextLine>
					<TextLine ID="P239_TL00006" HPOS="87" VPOS="303" WIDTH="1073" HEIGHT="51">
						<String ID="P239_ST00035" HPOS="87" VPOS="316" WIDTH="260" HEIGHT="38" CONTENT="Екатеринодаръ," WC="0.72" CC="00704047037004"/>
						<SP ID="P239_SP00030" HPOS="347" VPOS="354" WIDTH="25"/>
						<String ID="P239_ST00036" HPOS="372" VPOS="314" WIDTH="53" HEIGHT="34" CONTENT="где" WC="0.90" CC="200"/>
						<SP ID="P239_SP00031" HPOS="425" VPOS="354" WIDTH="24"/>
						<String ID="P239_ST00037" HPOS="449" VPOS="319" WIDTH="105" HEIGHT="28" CONTENT="всегда" WC="0.79" CC="602300"/>
						<SP ID="P239_SP00032" HPOS="554" VPOS="354" WIDTH="17"/>
						<String ID="P239_ST00038" HPOS="571" VPOS="317" WIDTH="153" HEIGHT="29" CONTENT="находили" WC="0.32" CC="69979405"/>
						<SP ID="P239_SP00033" HPOS="724" VPOS="354" WIDTH="21"/>
						<String ID="P239_ST00039" HPOS="745" VPOS="314" WIDTH="171" HEIGHT="33" CONTENT="радушную" WC="0.73" CC="80006600"/>
						<SP ID="P239_SP00034" HPOS="916" VPOS="354" WIDTH="24"/>
						<String ID="P239_ST00040" HPOS="940" VPOS="308" WIDTH="141" HEIGHT="37" CONTENT="встречу." WC="0.92" CC="06000000"/>
						<SP ID="P239_SP00035" HPOS="1081" VPOS="354" WIDTH="18"/>
						<String ID="P239_ST00041" HPOS="1099" VPOS="303" WIDTH="61" HEIGHT="32" CONTENT="Они" WC="0.42" CC="565"/>
					</TextLine>
					<TextLine ID="P239_TL00007" HPOS="86" VPOS="358" WIDTH="1072" HEIGHT="42">
						<String ID="P239_ST00042" HPOS="86" VPOS="369" WIDTH="180" HEIGHT="31" CONTENT="толковали," WC="0.63" CC="9500360064"/>
						<SP ID="P239_SP00036" HPOS="266" VPOS="400" WIDTH="35"/>
						<String ID="P239_ST00043" HPOS="301" VPOS="366" WIDTH="79" HEIGHT="24" CONTENT="какъ" WC="0.75" CC="9000"/>
						<SP ID="P239_SP00037" HPOS="380" VPOS="400" WIDTH="25"/>
						<String ID="P239_ST00044" HPOS="405" VPOS="358" WIDTH="41" HEIGHT="30" CONTENT="бы" WC="0.46" CC="55"/>
						<SP ID="P239_SP00038" HPOS="446" VPOS="400" WIDTH="37"/>
						<String ID="P239_ST00045" HPOS="483" VPOS="364" WIDTH="104" HEIGHT="32" CONTENT="лучше" WC="0.79" CC="50050"/>
						<SP ID="P239_SP00039" HPOS="587" VPOS="400" WIDTH="36"/>
						<String ID="P239_ST00046" HPOS="623" VPOS="362" WIDTH="168" HEIGHT="32" CONTENT="сохранить" WC="0.66" CC="040006584"/>
						<SP ID="P239_SP00040" HPOS="791" VPOS="400" WIDTH="36"/>
						<String ID="P239_ST00047" HPOS="827" VPOS="360" WIDTH="90" HEIGHT="31" CONTENT="миръ," WC="0.83" CC="53000"/>
						<SP ID="P239_SP00041" HPOS="917" VPOS="400" WIDTH="40"/>
						<String ID="P239_ST00048" HPOS="957" VPOS="358" WIDTH="201" HEIGHT="33" CONTENT="кунакались," WC="0.82" CC="00600401140"/>
					</TextLine>
					<TextLine ID="P239_TL00008" HPOS="90" VPOS="395" WIDTH="1073" HEIGHT="50">
						<String ID="P239_ST00049" HPOS="90" VPOS="415" WIDTH="85" HEIGHT="30" CONTENT="пили," WC="0.56" CC="64604"/>
						<SP ID="P239_SP00042" HPOS="175" VPOS="445" WIDTH="26"/>
						<String ID="P239_ST00050" HPOS="201" VPOS="407" WIDTH="70" HEIGHT="34" CONTENT="елп," WC="0.73" CC="0064"/>
						<SP ID="P239_SP00043" HPOS="271" VPOS="445" WIDTH="29"/>
						<String ID="P239_ST00051" HPOS="300" VPOS="405" WIDTH="97" HEIGHT="30" CONTENT="после" WC="0.63" CC="50660"/>
						<SP ID="P239_SP00044" HPOS="397" VPOS="445" WIDTH="24"/>
						<String ID="P239_ST00052" HPOS="421" VPOS="409" WIDTH="65" HEIGHT="23" CONTENT="чего" WC="0.75" CC="0009"/>
						<SP ID="P239_SP00045" HPOS="486" VPOS="445" WIDTH="25"/>
						<String ID="P239_ST00053" HPOS="511" VPOS="407" WIDTH="230" HEIGHT="33" CONTENT="возвращались" WC="0.66" CC="047700006436"/>
						<SP ID="P239_SP00046" HPOS="741" VPOS="445" WIDTH="30"/>
						<String ID="P239_ST00054" HPOS="771" VPOS="404" WIDTH="167" HEIGHT="30" CONTENT="довольные" WC="0.67" CC="454100634"/>
						<SP ID="P239_SP00047" HPOS="938" VPOS="445" WIDTH="26"/>
						<String ID="P239_ST00055" HPOS="964" VPOS="403" WIDTH="38" HEIGHT="23" CONTENT="къ" WC="0.51" CC="90"/>
						<SP ID="P239_SP00048" HPOS="1002" VPOS="445" WIDTH="25"/>
						<String ID="P239_ST00056" HPOS="1027" VPOS="395" WIDTH="71" HEIGHT="30" CONTENT="себе" WC="1.00" CC="0000"/>
						<SP ID="P239_SP00049" HPOS="1098" VPOS="445" WIDTH="24"/>
						<String ID="P239_ST00057" HPOS="1122" VPOS="402" WIDTH="41" HEIGHT="22" CONTENT="въ" WC="0.69" CC="42"/>
					</TextLine>
					<TextLine ID="P239_TL00009" HPOS="90" VPOS="432" WIDTH="1072" HEIGHT="59">
						<String ID="P239_ST00058" HPOS="90" VPOS="432" WIDTH="85" HEIGHT="59" CONTENT="горы!" WC="0.43" CC="66077"/>
						<SP ID="P239_SP00050" HPOS="175" VPOS="491" WIDTH="28"/>
						<String ID="P239_ST00059" HPOS="203" VPOS="449" WIDTH="106" HEIGHT="32" CONTENT="Мнопе" WC="0.52" CC="75280"/>
						<SP ID="P239_SP00051" HPOS="309" VPOS="491" WIDTH="27"/>
						<String ID="P239_ST00060" HPOS="336" VPOS="456" WIDTH="108" HEIGHT="23" CONTENT="князья" WC="0.48" CC="970660"/>
						<SP ID="P239_SP00052" HPOS="444" VPOS="491" WIDTH="36"/>
						<String ID="P239_ST00061" HPOS="480" VPOS="452" WIDTH="258" HEIGHT="34" CONTENT="напрашивались" WC="0.61" CC="6660035409410"/>
						<SP ID="P239_SP00053" HPOS="738" VPOS="491" WIDTH="23"/>
						<String ID="P239_ST00062" HPOS="761" VPOS="452" WIDTH="39" HEIGHT="22" CONTENT="въ" WC="1.00" CC="00"/>
						<SP ID="P239_SP00054" HPOS="800" VPOS="491" WIDTH="24"/>
						<String ID="P239_ST00063" HPOS="824" VPOS="449" WIDTH="122" HEIGHT="33" CONTENT="русское" WC="0.81" CC="0052040"/>
						<SP ID="P239_SP00055" HPOS="946" VPOS="491" WIDTH="25"/>
						<String ID="P239_ST00064" HPOS="971" VPOS="447" WIDTH="191" HEIGHT="30" CONTENT="подданство," WC="0.77" CC="26000600440"/>
					</TextLine>
					<TextLine ID="P239_TL00010" HPOS="92" VPOS="491" WIDTH="1069" HEIGHT="41">
						<String ID="P239_ST00065" HPOS="92" VPOS="505" WIDTH="127" HEIGHT="24" CONTENT="клялись" WC="0.49" CC="9039460"/>
						<SP ID="P239_SP00056" HPOS="219" VPOS="529" WIDTH="25"/>
						<String ID="P239_ST00066" HPOS="244" VPOS="496" WIDTH="169" HEIGHT="35" CONTENT="соблюдать" WC="0.78" CC="444500000"/>
						<SP ID="P239_SP00057" HPOS="413" VPOS="531" WIDTH="24"/>
						<String ID="P239_ST00067" HPOS="437" VPOS="493" WIDTH="164" HEIGHT="39" CONTENT="верность," WC="0.64" CC="690470004"/>
						<SP ID="P239_SP00058" HPOS="601" VPOS="532" WIDTH="27"/>
						<String ID="P239_ST00068" HPOS="628" VPOS="491" WIDTH="118" HEIGHT="30" CONTENT="бывали" WC="0.53" CC="756035"/>
						<SP ID="P239_SP00059" HPOS="746" VPOS="532" WIDTH="26"/>
						<String ID="P239_ST00069" HPOS="772" VPOS="496" WIDTH="77" HEIGHT="29" CONTENT="даже" WC="0.82" CC="7000"/>
						<SP ID="P239_SP00060" HPOS="849" VPOS="532" WIDTH="25"/>
						<String ID="P239_ST00070" HPOS="874" VPOS="494" WIDTH="112" HEIGHT="32" CONTENT="случаи" WC="0.68" CC="290006"/>
						<SP ID="P239_SP00061" HPOS="986" VPOS="532" WIDTH="23"/>
						<String ID="P239_ST00071" HPOS="1009" VPOS="491" WIDTH="152" HEIGHT="32" CONTENT="переселе-" WC="0.85" CC="400000700"/>
					</TextLine>
					<TextLine ID="P239_TL00011" HPOS="93" VPOS="537" WIDTH="1066" HEIGHT="42">
						<String ID="P239_ST00072" HPOS="93" VPOS="551" WIDTH="45" HEIGHT="23" CONTENT="Н1Я" WC="0.75" CC="510"/>
						<SP ID="P239_SP00062" HPOS="138" VPOS="574" WIDTH="24"/>
						<String ID="P239_ST00073" HPOS="162" VPOS="549" WIDTH="111" HEIGHT="30" CONTENT="цвлаго" WC="0.50" CC="863045"/>
						<SP ID="P239_SP00063" HPOS="273" VPOS="579" WIDTH="25"/>
						<String ID="P239_ST00074" HPOS="298" VPOS="547" WIDTH="179" HEIGHT="24" CONTENT="племени—" WC="0.60" CC="10090558"/>
						<String ID="P239_ST00075" HPOS="479" VPOS="545" WIDTH="108" HEIGHT="23" CONTENT="только" WC="0.82" CC="000604"/>
						<SP ID="P239_SP00064" HPOS="587" VPOS="579" WIDTH="25"/>
						<String ID="P239_ST00076" HPOS="612" VPOS="544" WIDTH="50" HEIGHT="22" CONTENT="все" WC="0.70" CC="440"/>
						<SP ID="P239_SP00065" HPOS="662" VPOS="579" WIDTH="25"/>
						<String ID="P239_ST00077" HPOS="687" VPOS="543" WIDTH="49" HEIGHT="22" CONTENT="это" WC="0.74" CC="502"/>
						<SP ID="P239_SP00066" HPOS="736" VPOS="579" WIDTH="25"/>
						<String ID="P239_ST00078" HPOS="761" VPOS="539" WIDTH="225" HEIGHT="34" CONTENT="продолжалось" WC="0.66" CC="805069004004"/>
						<SP ID="P239_SP00067" HPOS="986" VPOS="579" WIDTH="25"/>
						<String ID="P239_ST00079" HPOS="1011" VPOS="538" WIDTH="34" HEIGHT="22" CONTENT="не" WC="0.68" CC="60"/>
						<SP ID="P239_SP00068" HPOS="1045" VPOS="579" WIDTH="18"/>
						<String ID="P239_ST00080" HPOS="1063" VPOS="537" WIDTH="96" HEIGHT="28" CONTENT="долго." WC="0.83" CC="005050"/>
					</TextLine>
					<TextLine ID="P239_TL00012" HPOS="92" VPOS="582" WIDTH="1068" HEIGHT="44">
						<String ID="P239_ST00081" HPOS="92" VPOS="587" WIDTH="132" HEIGHT="32" CONTENT="Отчасти" WC="0.88" CC="0000206"/>
						<SP ID="P239_SP00069" HPOS="224" VPOS="619" WIDTH="24"/>
						<String ID="P239_ST00082" HPOS="248" VPOS="591" WIDTH="166" HEIGHT="35" CONTENT="природное" WC="0.57" CC="604070756"/>
						<SP ID="P239_SP00070" HPOS="414" VPOS="626" WIDTH="25"/>
						<String ID="P239_ST00083" HPOS="439" VPOS="589" WIDTH="228" HEIGHT="31" CONTENT="хищничество," WC="0.51" CC="058660509554"/>
						<SP ID="P239_SP00071" HPOS="667" VPOS="626" WIDTH="15"/>
						<String ID="P239_ST00084" HPOS="682" VPOS="586" WIDTH="108" HEIGHT="32" CONTENT="старая" WC="0.39" CC="799090"/>
						<SP ID="P239_SP00072" HPOS="790" VPOS="626" WIDTH="26"/>
						<String ID="P239_ST00085" HPOS="816" VPOS="584" WIDTH="157" HEIGHT="33" CONTENT="привычка" WC="0.61" CC="20657090"/>
						<SP ID="P239_SP00073" HPOS="973" VPOS="626" WIDTH="25"/>
						<String ID="P239_ST00086" HPOS="998" VPOS="582" WIDTH="162" HEIGHT="28" CONTENT="пощипать" WC="0.60" CC="25066505"/>
					</TextLine>
					<TextLine ID="P239_TL00013" HPOS="92" VPOS="626" WIDTH="1072" HEIGHT="46">
						<String ID="P239_ST00087" HPOS="92" VPOS="635" WIDTH="118" HEIGHT="37" CONTENT="соседа," WC="0.67" CC="7060080"/>
						<SP ID="P239_SP00074" HPOS="210" VPOS="672" WIDTH="26"/>
						<String ID="P239_ST00088" HPOS="236" VPOS="639" WIDTH="127" HEIGHT="23" CONTENT="отчасти" WC="0.52" CC="2900496"/>
						<SP ID="P239_SP00075" HPOS="363" VPOS="672" WIDTH="26"/>
						<String ID="P239_ST00089" HPOS="389" VPOS="634" WIDTH="308" HEIGHT="33" CONTENT="подстрекательства" WC="0.75" CC="57040090000460030"/>
						<SP ID="P239_SP00076" HPOS="697" VPOS="672" WIDTH="24"/>
						<String ID="P239_ST00090" HPOS="721" VPOS="631" WIDTH="114" HEIGHT="33" CONTENT="турокъ" WC="0.97" CC="000100"/>
						<SP ID="P239_SP00077" HPOS="835" VPOS="672" WIDTH="25"/>
						<String ID="P239_ST00091" HPOS="860" VPOS="628" WIDTH="161" HEIGHT="23" CONTENT="вызывали" WC="0.69" CC="35060206"/>
						<SP ID="P239_SP00078" HPOS="1021" VPOS="672" WIDTH="32"/>
						<String ID="P239_ST00092" HPOS="1053" VPOS="626" WIDTH="111" HEIGHT="23" CONTENT="частые" WC="0.81" CC="005050"/>
					</TextLine>
					<TextLine ID="P239_TL00014" HPOS="96" VPOS="665" WIDTH="1068" HEIGHT="51">
						<String ID="P239_ST00093" HPOS="96" VPOS="679" WIDTH="109" HEIGHT="31" CONTENT="набеги" WC="0.65" CC="707005"/>
						<SP ID="P239_SP00079" HPOS="205" VPOS="710" WIDTH="40"/>
						<String ID="P239_ST00094" HPOS="245" VPOS="677" WIDTH="219" HEIGHT="39" CONTENT="закубанцевъ," WC="0.57" CC="509077654004"/>
						<SP ID="P239_SP00080" HPOS="464" VPOS="716" WIDTH="43"/>
						<String ID="P239_ST00095" HPOS="507" VPOS="680" WIDTH="100" HEIGHT="24" CONTENT="отчего" WC="0.80" CC="600004"/>
						<SP ID="P239_SP00081" HPOS="607" VPOS="716" WIDTH="40"/>
						<String ID="P239_ST00096" HPOS="647" VPOS="678" WIDTH="99" HEIGHT="23" CONTENT="жизнь" WC="0.75" CC="00470"/>
						<SP ID="P239_SP00082" HPOS="746" VPOS="716" WIDTH="38"/>
						<String ID="P239_ST00097" HPOS="784" VPOS="676" WIDTH="40" HEIGHT="22" CONTENT="въ" WC="1.00" CC="00"/>
						<SP ID="P239_SP00083" HPOS="824" VPOS="716" WIDTH="36"/>
						<String ID="P239_ST00098" HPOS="860" VPOS="665" WIDTH="188" HEIGHT="40" CONTENT="Черноморьи" WC="0.74" CC="0006502047"/>
						<SP ID="P239_SP00084" HPOS="1048" VPOS="716" WIDTH="44"/>
						<String ID="P239_ST00099" HPOS="1092" VPOS="670" WIDTH="72" HEIGHT="31" CONTENT="рано" WC="0.70" CC="0065"/>
					</TextLine>
					<TextLine ID="P239_TL00015" HPOS="94" VPOS="714" WIDTH="1070" HEIGHT="44">
						<String ID="P239_ST00100" HPOS="94" VPOS="730" WIDTH="173" HEIGHT="25" CONTENT="сложилась" WC="0.48" CC="793966020"/>
						<SP ID="P239_SP00085" HPOS="267" VPOS="755" WIDTH="32"/>
						<String ID="P239_ST00101" HPOS="299" VPOS="729" WIDTH="37" HEIGHT="22" CONTENT="на" WC="0.72" CC="50"/>
						<SP ID="P239_SP00086" HPOS="336" VPOS="755" WIDTH="33"/>
						<String ID="P239_ST00102" HPOS="369" VPOS="727" WIDTH="138" HEIGHT="31" CONTENT="военную" WC="0.63" CC="7605600"/>
						<SP ID="P239_SP00087" HPOS="507" VPOS="758" WIDTH="38"/>
						<String ID="P239_ST00103" HPOS="545" VPOS="725" WIDTH="83" HEIGHT="31" CONTENT="ногу." WC="0.41" CC="77291"/>
						<SP ID="P239_SP00088" HPOS="628" VPOS="758" WIDTH="37"/>
						<String ID="P239_ST00104" HPOS="665" VPOS="714" WIDTH="114" HEIGHT="31" CONTENT="Особые" WC="0.68" CC="400660"/>
						<SP ID="P239_SP00089" HPOS="779" VPOS="758" WIDTH="25"/>
						<String ID="P239_ST00105" HPOS="804" VPOS="717" WIDTH="214" HEIGHT="33" CONTENT="вооруженные" WC="0.76" CC="40300006740"/>
						<SP ID="P239_SP00090" HPOS="1018" VPOS="758" WIDTH="34"/>
						<String ID="P239_ST00106" HPOS="1052" VPOS="715" WIDTH="112" HEIGHT="31" CONTENT="отряды" WC="0.62" CC="608007"/>
					</TextLine>
					<TextLine ID="P239_TL00016" HPOS="96" VPOS="759" WIDTH="1069" HEIGHT="50">
						<String ID="P239_ST00107" HPOS="96" VPOS="776" WIDTH="150" HEIGHT="33" CONTENT="охраняли" WC="0.46" CC="79006395"/>
						<SP ID="P239_SP00091" HPOS="246" VPOS="809" WIDTH="24"/>
						<String ID="P239_ST00108" HPOS="270" VPOS="774" WIDTH="60" HEIGHT="23" CONTENT="всю" WC="0.84" CC="040"/>
						<SP ID="P239_SP00092" HPOS="330" VPOS="809" WIDTH="26"/>
						<String ID="P239_ST00109" HPOS="356" VPOS="772" WIDTH="72" HEIGHT="23" CONTENT="ночь" WC="0.59" CC="6603"/>
						<SP ID="P239_SP00093" HPOS="428" VPOS="809" WIDTH="24"/>
						<String ID="P239_ST00110" HPOS="452" VPOS="771" WIDTH="154" HEIGHT="29" CONTENT="станицы;" WC="0.55" CC="70065384"/>
						<SP ID="P239_SP00094" HPOS="606" VPOS="809" WIDTH="27"/>
						<String ID="P239_ST00111" HPOS="633" VPOS="761" WIDTH="56" HEIGHT="30" CONTENT="все" WC="1.00" CC="000"/>
						<SP ID="P239_SP00095" HPOS="689" VPOS="809" WIDTH="22"/>
						<String ID="P239_ST00112" HPOS="711" VPOS="763" WIDTH="221" HEIGHT="30" CONTENT="находивпиеся" WC="0.59" CC="509105668040"/>
						<SP ID="P239_SP00096" HPOS="932" VPOS="809" WIDTH="17"/>
						<String ID="P239_ST00113" HPOS="949" VPOS="762" WIDTH="38" HEIGHT="22" CONTENT="въ" WC="0.98" CC="00"/>
						<SP ID="P239_SP00097" HPOS="987" VPOS="809" WIDTH="17"/>
						<String ID="P239_ST00114" HPOS="1004" VPOS="761" WIDTH="79" HEIGHT="31" CONTENT="пути" WC="0.54" CC="5066"/>
						<SP ID="P239_SP00098" HPOS="1083" VPOS="809" WIDTH="18"/>
						<String ID="P239_ST00115" HPOS="1101" VPOS="759" WIDTH="64" HEIGHT="28" CONTENT="еще" WC="0.88" CC="021"/>
					</TextLine>
					<TextLine ID="P239_TL00017" HPOS="96" VPOS="797" WIDTH="1069" HEIGHT="54">
						<String ID="P239_ST00116" HPOS="96" VPOS="823" WIDTH="33" HEIGHT="28" CONTENT="до" WC="0.51" CC="90"/>
						<SP ID="P239_SP00099" HPOS="129" VPOS="851" WIDTH="25"/>
						<String ID="P239_ST00117" HPOS="154" VPOS="819" WIDTH="178" HEIGHT="25" CONTENT="солнечнаго" WC="0.72" CC="0506006702"/>
						<SP ID="P239_SP00100" HPOS="332" VPOS="851" WIDTH="25"/>
						<String ID="P239_ST00118" HPOS="357" VPOS="817" WIDTH="107" HEIGHT="23" CONTENT="заката" WC="0.89" CC="600000"/>
						<SP ID="P239_SP00101" HPOS="464" VPOS="851" WIDTH="25"/>
						<String ID="P239_ST00119" HPOS="489" VPOS="808" WIDTH="184" HEIGHT="38" CONTENT="собирались" WC="0.48" CC="3775066553"/>
						<SP ID="P239_SP00102" HPOS="673" VPOS="851" WIDTH="32"/>
						<String ID="P239_ST00120" HPOS="705" VPOS="811" WIDTH="73" HEIGHT="27" CONTENT="подъ" WC="0.78" CC="2060"/>
						<SP ID="P239_SP00103" HPOS="778" VPOS="851" WIDTH="33"/>
						<String ID="P239_ST00121" HPOS="811" VPOS="808" WIDTH="121" HEIGHT="31" CONTENT="защиту" WC="0.63" CC="680700"/>
						<SP ID="P239_SP00104" HPOS="932" VPOS="851" WIDTH="33"/>
						<String ID="P239_ST00122" HPOS="965" VPOS="797" WIDTH="200" HEIGHT="32" CONTENT="ближайшаго" WC="0.67" CC="0068005036"/>
					</TextLine>
					<TextLine ID="P239_TL00018" HPOS="100" VPOS="849" WIDTH="1066" HEIGHT="50">
						<String ID="P239_ST00123" HPOS="100" VPOS="866" WIDTH="138" HEIGHT="33" CONTENT="кордона;" WC="0.67" CC="96002700"/>
						<SP ID="P239_SP00105" HPOS="238" VPOS="899" WIDTH="26"/>
						<String ID="P239_ST00124" HPOS="264" VPOS="862" WIDTH="214" HEIGHT="33" CONTENT="пограничные" WC="0.57" CC="50390750743"/>
						<SP ID="P239_SP00106" HPOS="478" VPOS="899" WIDTH="24"/>
						<String ID="P239_ST00125" HPOS="502" VPOS="859" WIDTH="174" HEIGHT="29" CONTENT="поселенцы" WC="0.56" CC="534605616"/>
						<SP ID="P239_SP00107" HPOS="676" VPOS="899" WIDTH="24"/>
						<String ID="P239_ST00126" HPOS="700" VPOS="855" WIDTH="113" HEIGHT="28" CONTENT="ходили" WC="0.45" CC="055696"/>
						<SP ID="P239_SP00108" HPOS="813" VPOS="899" WIDTH="25"/>
						<String ID="P239_ST00127" HPOS="838" VPOS="854" WIDTH="33" HEIGHT="22" CONTENT="не" WC="0.65" CC="70"/>
						<SP ID="P239_SP00109" HPOS="871" VPOS="899" WIDTH="26"/>
						<String ID="P239_ST00128" HPOS="897" VPOS="851" WIDTH="103" HEIGHT="30" CONTENT="иначе," WC="0.81" CC="460000"/>
						<SP ID="P239_SP00110" HPOS="1000" VPOS="899" WIDTH="15"/>
						<String ID="P239_ST00129" HPOS="1015" VPOS="849" WIDTH="76" HEIGHT="23" CONTENT="какъ" WC="0.75" CC="0090"/>
						<SP ID="P239_SP00111" HPOS="1091" VPOS="899" WIDTH="23"/>
						<String ID="P239_ST00130" HPOS="1114" VPOS="849" WIDTH="52" HEIGHT="21" CONTENT="во" SUBS_TYPE="HypPart1" SUBS_CONTENT="вооруженные" WC="0.59" CC="704"/>
						<HYP CONTENT="-"/>
					</TextLine>
					<TextLine ID="P239_TL00019" HPOS="98" VPOS="893" WIDTH="1067" HEIGHT="52">
						<String ID="P239_ST00131" HPOS="98" VPOS="910" WIDTH="183" HEIGHT="35" CONTENT="оруженные" SUBS_TYPE="HypPart2" SUBS_CONTENT="вооруженные" WC="0.46" CC="709916461"/>
						<SP ID="P239_SP00112" HPOS="281" VPOS="945" WIDTH="25"/>
						<String ID="P239_ST00132" HPOS="306" VPOS="910" WIDTH="37" HEIGHT="22" CONTENT="съ" WC="1.00" CC="00"/>
						<SP ID="P239_SP00113" HPOS="343" VPOS="945" WIDTH="24"/>
						<String ID="P239_ST00133" HPOS="367" VPOS="907" WIDTH="112" HEIGHT="24" CONTENT="головы" WC="0.33" CC="379576"/>
						<SP ID="P239_SP00114" HPOS="479" VPOS="945" WIDTH="24"/>
						<String ID="P239_ST00134" HPOS="503" VPOS="905" WIDTH="32" HEIGHT="29" CONTENT="до" WC="0.72" CC="05"/>
						<SP ID="P239_SP00115" HPOS="535" VPOS="945" WIDTH="25"/>
						<String ID="P239_ST00135" HPOS="560" VPOS="904" WIDTH="85" HEIGHT="23" CONTENT="ногъ." WC="0.70" CC="45401"/>
						<SP ID="P239_SP00116" HPOS="645" VPOS="945" WIDTH="27"/>
						<String ID="P239_ST00136" HPOS="672" VPOS="893" WIDTH="41" HEIGHT="32" CONTENT="Въ" WC="1.00" CC="00"/>
						<SP ID="P239_SP00117" HPOS="713" VPOS="945" WIDTH="25"/>
						<String ID="P239_ST00137" HPOS="738" VPOS="899" WIDTH="119" HEIGHT="23" CONTENT="темныя" WC="0.66" CC="903700"/>
						<SP ID="P239_SP00118" HPOS="857" VPOS="945" WIDTH="25"/>
						<String ID="P239_ST00138" HPOS="882" VPOS="894" WIDTH="174" HEIGHT="25" CONTENT="ненастныя" WC="0.61" CC="606040755"/>
						<SP ID="P239_SP00119" HPOS="1056" VPOS="945" WIDTH="26"/>
						<String ID="P239_ST00139" HPOS="1082" VPOS="893" WIDTH="83" HEIGHT="28" CONTENT="ночи," WC="0.53" CC="57054"/>
					</TextLine>
					<TextLine ID="P239_TL00020" HPOS="100" VPOS="938" WIDTH="1065" HEIGHT="49">
						<String ID="P239_ST00140" HPOS="100" VPOS="949" WIDTH="184" HEIGHT="38" CONTENT="пробираясь" WC="0.62" CC="6006600970"/>
						<SP ID="P239_SP00120" HPOS="284" VPOS="987" WIDTH="40"/>
						<String ID="P239_ST00141" HPOS="324" VPOS="953" WIDTH="104" HEIGHT="31" CONTENT="между" WC="0.79" CC="40060"/>
						<SP ID="P239_SP00121" HPOS="428" VPOS="987" WIDTH="39"/>
						<String ID="P239_ST00142" HPOS="467" VPOS="950" WIDTH="131" HEIGHT="24" CONTENT="нашими" WC="0.40" CC="596606"/>
						<SP ID="P239_SP00122" HPOS="598" VPOS="987" WIDTH="41"/>
						<String ID="P239_ST00143" HPOS="639" VPOS="945" WIDTH="173" HEIGHT="33" CONTENT="секретами," WC="0.79" CC="0090005050"/>
						<SP ID="P239_SP00123" HPOS="812" VPOS="987" WIDTH="41"/>
						<String ID="P239_ST00144" HPOS="853" VPOS="940" WIDTH="129" HEIGHT="33" CONTENT="черкесы" WC="0.81" CC="0000057"/>
						<SP ID="P239_SP00124" HPOS="982" VPOS="987" WIDTH="39"/>
						<String ID="P239_ST00145" HPOS="1021" VPOS="938" WIDTH="144" HEIGHT="32" CONTENT="воровали" WC="0.49" CC="65076096"/>
					</TextLine>
					<TextLine ID="P239_TL00021" HPOS="100" VPOS="982" WIDTH="1068" HEIGHT="50">
						<String ID="P239_ST00146" HPOS="100" VPOS="1003" WIDTH="92" HEIGHT="23" CONTENT="скотъ" WC="0.51" CC="79700"/>
						<SP ID="P239_SP00125" HPOS="192" VPOS="1026" WIDTH="51"/>
						<String ID="P239_ST00147" HPOS="243" VPOS="999" WIDTH="133" HEIGHT="33" CONTENT="уводили" WC="0.55" CC="0056575"/>
						<SP ID="P239_SP00126" HPOS="376" VPOS="1032" WIDTH="36"/>
						<String ID="P239_ST00148" HPOS="412" VPOS="991" WIDTH="183" HEIGHT="35" CONTENT="пленныхъ," WC="0.57" CC="490575004"/>
						<SP ID="P239_SP00127" HPOS="595" VPOS="1032" WIDTH="42"/>
						<String ID="P239_ST00149" HPOS="637" VPOS="986" WIDTH="146" HEIGHT="38" CONTENT="увечили," WC="0.77" CC="03005044"/>
						<SP ID="P239_SP00128" HPOS="783" VPOS="1032" WIDTH="41"/>
						<String ID="P239_ST00150" HPOS="824" VPOS="986" WIDTH="119" HEIGHT="33" CONTENT="мучили" WC="0.62" CC="009506"/>
						<SP ID="P239_SP00129" HPOS="943" VPOS="1032" WIDTH="40"/>
						<String ID="P239_ST00151" HPOS="983" VPOS="982" WIDTH="185" HEIGHT="24" CONTENT="несчастныя" WC="0.67" CC="7009220640"/>
					</TextLine>
					<TextLine ID="P239_TL00022" HPOS="101" VPOS="1025" WIDTH="1065" HEIGHT="54">
						<String ID="P239_ST00152" HPOS="101" VPOS="1048" WIDTH="134" HEIGHT="31" CONTENT="жертвы." WC="0.66" CC="9000454"/>
						<SP ID="P239_SP00130" HPOS="235" VPOS="1079" WIDTH="25"/>
						<String ID="P239_ST00153" HPOS="260" VPOS="1036" WIDTH="127" HEIGHT="32" CONTENT="Бывали" WC="0.79" CC="301205"/>
						<SP ID="P239_SP00131" HPOS="387" VPOS="1079" WIDTH="25"/>
						<String ID="P239_ST00154" HPOS="412" VPOS="1035" WIDTH="159" HEIGHT="39" CONTENT="примеры," WC="0.55" CC="69540044"/>
						<SP ID="P239_SP00132" HPOS="571" VPOS="1079" WIDTH="26"/>
						<String ID="P239_ST00155" HPOS="597" VPOS="1038" WIDTH="61" HEIGHT="30" CONTENT="что," WC="0.74" CC="0054"/>
						<SP ID="P239_SP00133" HPOS="658" VPOS="1079" WIDTH="26"/>
						<String ID="P239_ST00156" HPOS="684" VPOS="1027" WIDTH="167" HEIGHT="39" CONTENT="нодрезавъ" WC="0.73" CC="700006063"/>
						<SP ID="P239_SP00134" HPOS="851" VPOS="1079" WIDTH="25"/>
						<String ID="P239_ST00157" HPOS="876" VPOS="1025" WIDTH="168" HEIGHT="28" CONTENT="пленнымъ" WC="0.57" CC="40077706"/>
						<SP ID="P239_SP00135" HPOS="1044" VPOS="1079" WIDTH="20"/>
						<String ID="P239_ST00158" HPOS="1064" VPOS="1026" WIDTH="102" HEIGHT="30" CONTENT="жилы," WC="0.81" CC="04004"/>
					</TextLine>
					<TextLine ID="P239_TL00023" HPOS="102" VPOS="1070" WIDTH="1065" HEIGHT="52">
						<String ID="P239_ST00159" HPOS="102" VPOS="1087" WIDTH="126" HEIGHT="35" CONTENT="бросали" WC="0.72" CC="9060003"/>
						<SP ID="P239_SP00136" HPOS="228" VPOS="1122" WIDTH="25"/>
						<String ID="P239_ST00160" HPOS="253" VPOS="1091" WIDTH="62" HEIGHT="22" CONTENT="ихъ" WC="0.46" CC="690"/>
						<SP ID="P239_SP00137" HPOS="315" VPOS="1122" WIDTH="23"/>
						<String ID="P239_ST00161" HPOS="338" VPOS="1089" WIDTH="40" HEIGHT="22" CONTENT="въ" WC="0.85" CC="20"/>
						<SP ID="P239_SP00138" HPOS="378" VPOS="1122" WIDTH="24"/>
						<String ID="P239_ST00162" HPOS="402" VPOS="1086" WIDTH="157" HEIGHT="24" CONTENT="плавняхъ" WC="0.65" CC="50007490"/>
						<SP ID="P239_SP00139" HPOS="559" VPOS="1122" WIDTH="25"/>
						<String ID="P239_ST00163" HPOS="584" VPOS="1084" WIDTH="37" HEIGHT="22" CONTENT="на" WC="0.68" CC="60"/>
						<SP ID="P239_SP00140" HPOS="621" VPOS="1122" WIDTH="24"/>
						<String ID="P239_ST00164" HPOS="645" VPOS="1075" WIDTH="138" HEIGHT="34" CONTENT="съедете" WC="0.66" CC="6005380"/>
						<SP ID="P239_SP00141" HPOS="783" VPOS="1122" WIDTH="25"/>
						<String ID="P239_ST00165" HPOS="808" VPOS="1075" WIDTH="162" HEIGHT="32" CONTENT="комаровъ," WC="0.71" CC="025006704"/>
						<SP ID="P239_SP00142" HPOS="970" VPOS="1122" WIDTH="17"/>
						<String ID="P239_ST00166" HPOS="987" VPOS="1074" WIDTH="17" HEIGHT="22" CONTENT="а" WC="1.00" CC="0"/>
						<SP ID="P239_SP00143" HPOS="1004" VPOS="1122" WIDTH="18"/>
						<String ID="P239_ST00167" HPOS="1022" VPOS="1072" WIDTH="64" HEIGHT="23" CONTENT="кого" WC="0.81" CC="0106"/>
						<SP ID="P239_SP00144" HPOS="1086" VPOS="1122" WIDTH="15"/>
						<String ID="P239_ST00168" HPOS="1101" VPOS="1070" WIDTH="66" HEIGHT="33" CONTENT="уво-" WC="0.50" CC="9270"/>
					</TextLine>
					<TextLine ID="P239_TL00024" HPOS="105" VPOS="1109" WIDTH="1065" HEIGHT="58">
						<String ID="P239_ST00169" HPOS="105" VPOS="1138" WIDTH="74" HEIGHT="28" CONTENT="дили" WC="0.52" CC="0593"/>
						<SP ID="P239_SP00145" HPOS="179" VPOS="1166" WIDTH="24"/>
						<String ID="P239_ST00170" HPOS="203" VPOS="1137" WIDTH="38" HEIGHT="22" CONTENT="въ" WC="0.98" CC="00"/>
						<SP ID="P239_SP00146" HPOS="241" VPOS="1166" WIDTH="24"/>
						<String ID="P239_ST00171" HPOS="265" VPOS="1135" WIDTH="87" HEIGHT="32" CONTENT="горы," WC="0.64" CC="55041"/>
						<SP ID="P239_SP00147" HPOS="352" VPOS="1167" WIDTH="26"/>
						<String ID="P239_ST00172" HPOS="378" VPOS="1133" WIDTH="65" HEIGHT="23" CONTENT="того" WC="0.88" CC="0120"/>
						<SP ID="P239_SP00148" HPOS="443" VPOS="1167" WIDTH="25"/>
						<String ID="P239_ST00173" HPOS="468" VPOS="1129" WIDTH="137" HEIGHT="29" CONTENT="ожидало" WC="0.56" CC="4960053"/>
						<SP ID="P239_SP00149" HPOS="605" VPOS="1167" WIDTH="19"/>
						<String ID="P239_ST00174" HPOS="624" VPOS="1123" WIDTH="203" HEIGHT="36" CONTENT="мучительное" WC="0.61" CC="90069270600"/>
						<SP ID="P239_SP00150" HPOS="827" VPOS="1167" WIDTH="18"/>
						<String ID="P239_ST00175" HPOS="845" VPOS="1113" WIDTH="131" HEIGHT="39" CONTENT="рабство." WC="0.43" CC="90659550"/>
						<SP ID="P239_SP00151" HPOS="976" VPOS="1167" WIDTH="25"/>
						<String ID="P239_ST00176" HPOS="1001" VPOS="1109" WIDTH="169" HEIGHT="38" CONTENT="Кордонная" WC="0.59" CC="900657600"/>
					</TextLine>
					<TextLine ID="P239_TL00025" HPOS="106" VPOS="1156" WIDTH="1064" HEIGHT="58">
						<String ID="P239_ST00177" HPOS="106" VPOS="1175" WIDTH="119" HEIGHT="39" CONTENT="служба" WC="0.80" CC="560000"/>
						<SP ID="P239_SP00152" HPOS="225" VPOS="1214" WIDTH="23"/>
						<String ID="P239_ST00178" HPOS="248" VPOS="1181" WIDTH="38" HEIGHT="23" CONTENT="съ" WC="1.00" CC="00"/>
						<SP ID="P239_SP00153" HPOS="286" VPOS="1214" WIDTH="26"/>
						<String ID="P239_ST00179" HPOS="312" VPOS="1177" WIDTH="152" HEIGHT="29" CONTENT="каждымъ" WC="0.86" CC="0090000"/>
						<SP ID="P239_SP00154" HPOS="464" VPOS="1214" WIDTH="25"/>
						<String ID="P239_ST00180" HPOS="489" VPOS="1175" WIDTH="111" HEIGHT="28" CONTENT="годомъ" WC="0.61" CC="650640"/>
						<SP ID="P239_SP00155" HPOS="600" VPOS="1214" WIDTH="25"/>
						<String ID="P239_ST00181" HPOS="625" VPOS="1168" WIDTH="198" HEIGHT="27" CONTENT="становилась" WC="0.76" CC="30055450010"/>
						<SP ID="P239_SP00156" HPOS="823" VPOS="1214" WIDTH="17"/>
						<String ID="P239_ST00182" HPOS="840" VPOS="1165" WIDTH="49" HEIGHT="23" CONTENT="все" WC="0.63" CC="550"/>
						<SP ID="P239_SP00157" HPOS="889" VPOS="1214" WIDTH="14"/>
						<String ID="P239_ST00183" HPOS="903" VPOS="1156" WIDTH="130" HEIGHT="39" CONTENT="труднее" WC="0.84" CC="0003700"/>
						<SP ID="P239_SP00158" HPOS="1033" VPOS="1214" WIDTH="17"/>
						<String ID="P239_ST00184" HPOS="1050" VPOS="1162" WIDTH="19" HEIGHT="20" CONTENT="и" WC="0.43" CC="5"/>
						<SP ID="P239_SP00159" HPOS="1069" VPOS="1214" WIDTH="16"/>
						<String ID="P239_ST00185" HPOS="1085" VPOS="1159" WIDTH="85" HEIGHT="32" CONTENT="труд-" WC="1.00" CC="00000"/>
					</TextLine>
					<TextLine ID="P239_TL00026" HPOS="107" VPOS="1201" WIDTH="1063" HEIGHT="50">
						<String ID="P239_ST00186" HPOS="107" VPOS="1222" WIDTH="66" HEIGHT="29" CONTENT="нее-" WC="0.79" CC="7010"/>
						<SP ID="P239_SP00160" HPOS="173" VPOS="1251" WIDTH="30"/>
						<String ID="P239_ST00187" HPOS="203" VPOS="1219" WIDTH="91" HEIGHT="31" CONTENT="более" WC="0.90" CC="04000"/>
						<SP ID="P239_SP00161" HPOS="294" VPOS="1251" WIDTH="25"/>
						<String ID="P239_ST00188" HPOS="319" VPOS="1223" WIDTH="136" HEIGHT="24" CONTENT="опасные" WC="0.70" CC="5700501"/>
						<SP ID="P239_SP00162" HPOS="455" VPOS="1251" WIDTH="24"/>
						<String ID="P239_ST00189" HPOS="479" VPOS="1219" WIDTH="135" HEIGHT="32" CONTENT="кордоны" WC="0.77" CC="0000365"/>
						<SP ID="P239_SP00163" HPOS="614" VPOS="1251" WIDTH="25"/>
						<String ID="P239_ST00190" HPOS="639" VPOS="1214" WIDTH="157" HEIGHT="33" CONTENT="пришлось" WC="0.59" CC="60656240"/>
						<SP ID="P239_SP00164" HPOS="796" VPOS="1251" WIDTH="29"/>
						<String ID="P239_ST00191" HPOS="825" VPOS="1209" WIDTH="131" HEIGHT="33" CONTENT="усилить" WC="0.53" CC="9450706"/>
						<SP ID="P239_SP00165" HPOS="956" VPOS="1251" WIDTH="25"/>
						<String ID="P239_ST00192" HPOS="981" VPOS="1208" WIDTH="31" HEIGHT="27" CONTENT="до" WC="0.46" CC="55"/>
						<SP ID="P239_SP00166" HPOS="1012" VPOS="1251" WIDTH="25"/>
						<String ID="P239_ST00193" HPOS="1037" VPOS="1201" WIDTH="63" HEIGHT="27" CONTENT="200" WC="0.14" CC="888"/>
						<SP ID="P239_SP00167" HPOS="1100" VPOS="1251" WIDTH="25"/>
						<String ID="P239_ST00194" HPOS="1125" VPOS="1203" WIDTH="45" HEIGHT="22" CONTENT="за-" WC="0.79" CC="600"/>
					</TextLine>
					<TextLine ID="P239_TL00027" HPOS="108" VPOS="1243" WIDTH="1065" HEIGHT="57">
						<String ID="P239_ST00195" HPOS="108" VPOS="1271" WIDTH="196" HEIGHT="29" CONTENT="щитниковъ;" WC="0.63" CC="0606696000"/>
						<SP ID="P239_SP00168" HPOS="304" VPOS="1300" WIDTH="26"/>
						<String ID="P239_ST00196" HPOS="330" VPOS="1269" WIDTH="33" HEIGHT="22" CONTENT="во" WC="0.47" CC="45"/>
						<SP ID="P239_SP00169" HPOS="363" VPOS="1300" WIDTH="26"/>
						<String ID="P239_ST00197" HPOS="389" VPOS="1265" WIDTH="135" HEIGHT="26" CONTENT="многихъ" WC="0.66" CC="4650600"/>
						<SP ID="P239_SP00170" HPOS="524" VPOS="1300" WIDTH="33"/>
						<String ID="P239_ST00198" HPOS="557" VPOS="1257" WIDTH="139" HEIGHT="29" CONTENT="местахъ" WC="0.62" CC="7049004"/>
						<SP ID="P239_SP00171" HPOS="696" VPOS="1300" WIDTH="32"/>
						<String ID="P239_ST00199" HPOS="728" VPOS="1255" WIDTH="158" HEIGHT="25" CONTENT="насыпали" WC="0.69" CC="70505006"/>
						<SP ID="P239_SP00172" HPOS="886" VPOS="1300" WIDTH="32"/>
						<String ID="P239_ST00200" HPOS="918" VPOS="1252" WIDTH="98" HEIGHT="23" CONTENT="новыя" WC="0.58" CC="76600"/>
						<SP ID="P239_SP00173" HPOS="1016" VPOS="1300" WIDTH="25"/>
						<String ID="P239_ST00201" HPOS="1041" VPOS="1243" WIDTH="132" HEIGHT="37" CONTENT="батареи," WC="0.70" CC="07000464"/>
					</TextLine>
					<TextLine ID="P239_TL00028" HPOS="109" VPOS="1292" WIDTH="1066" HEIGHT="55">
						<String ID="P239_ST00202" HPOS="109" VPOS="1317" WIDTH="172" HEIGHT="30" CONTENT="увеличили" WC="0.40" CC="965960707"/>
						<SP ID="P239_SP00174" HPOS="281" VPOS="1347" WIDTH="26"/>
						<String ID="P239_ST00203" HPOS="307" VPOS="1314" WIDTH="90" HEIGHT="23" CONTENT="число" WC="0.63" CC="07604"/>
						<SP ID="P239_SP00175" HPOS="397" VPOS="1347" WIDTH="24"/>
						<String ID="P239_ST00204" HPOS="421" VPOS="1310" WIDTH="163" HEIGHT="25" CONTENT="пикетозъ." WC="0.63" CC="760505800"/>
						<SP ID="P239_SP00176" HPOS="584" VPOS="1347" WIDTH="28"/>
						<String ID="P239_ST00205" HPOS="612" VPOS="1298" WIDTH="42" HEIGHT="32" CONTENT="Съ" WC="0.70" CC="50"/>
						<SP ID="P239_SP00177" HPOS="654" VPOS="1347" WIDTH="24"/>
						<String ID="P239_ST00206" HPOS="678" VPOS="1302" WIDTH="144" HEIGHT="33" CONTENT="первымъ" WC="0.49" CC="6365650"/>
						<SP ID="P239_SP00178" HPOS="822" VPOS="1347" WIDTH="24"/>
						<String ID="P239_ST00207" HPOS="846" VPOS="1292" WIDTH="135" HEIGHT="30" CONTENT="свЬтомъ" WC="0.36" CC="1778477"/>
						<SP ID="P239_SP00179" HPOS="981" VPOS="1347" WIDTH="23"/>
						<String ID="P239_ST00208" HPOS="1004" VPOS="1295" WIDTH="55" HEIGHT="29" CONTENT="дня" WC="0.76" CC="070"/>
						<SP ID="P239_SP00180" HPOS="1059" VPOS="1347" WIDTH="17"/>
						<String ID="P239_ST00209" HPOS="1076" VPOS="1292" WIDTH="99" HEIGHT="31" CONTENT="сторо-" WC="0.69" CC="306043"/>
					</TextLine>
					<TextLine ID="P239_TL00029" HPOS="109" VPOS="1331" WIDTH="1066" HEIGHT="59">
						<String ID="P239_ST00210" HPOS="109" VPOS="1355" WIDTH="96" HEIGHT="32" CONTENT="жевой" WC="0.40" CC="09775"/>
						<SP ID="P239_SP00181" HPOS="205" VPOS="1387" WIDTH="24"/>
						<String ID="P239_ST00211" HPOS="229" VPOS="1358" WIDTH="195" HEIGHT="32" CONTENT="поднимался" WC="0.57" CC="6647650006"/>
						<SP ID="P239_SP00182" HPOS="424" VPOS="1390" WIDTH="25"/>
						<String ID="P239_ST00212" HPOS="449" VPOS="1357" WIDTH="38" HEIGHT="22" CONTENT="на" WC="0.66" CC="60"/>
						<SP ID="P239_SP00183" HPOS="487" VPOS="1390" WIDTH="24"/>
						<String ID="P239_ST00213" HPOS="511" VPOS="1353" WIDTH="127" HEIGHT="32" CONTENT="вышку," WC="0.57" CC="776004"/>
						<SP ID="P239_SP00184" HPOS="638" VPOS="1390" WIDTH="26"/>
						<String ID="P239_ST00214" HPOS="664" VPOS="1348" WIDTH="110" HEIGHT="32" CONTENT="откуда" WC="0.92" CC="400000"/>
						<SP ID="P239_SP00185" HPOS="774" VPOS="1390" WIDTH="26"/>
						<String ID="P239_ST00215" HPOS="800" VPOS="1345" WIDTH="84" HEIGHT="31" CONTENT="зорко" WC="0.77" CC="34003"/>
						<SP ID="P239_SP00186" HPOS="884" VPOS="1390" WIDTH="18"/>
						<String ID="P239_ST00216" HPOS="902" VPOS="1335" WIDTH="130" HEIGHT="32" CONTENT="глядЬлъ" WC="0.52" CC="6909402"/>
						<SP ID="P239_SP00187" HPOS="1032" VPOS="1390" WIDTH="26"/>
						<String ID="P239_ST00217" HPOS="1058" VPOS="1338" WIDTH="36" HEIGHT="23" CONTENT="на" WC="0.47" CC="73"/>
						<SP ID="P239_SP00188" HPOS="1094" VPOS="1390" WIDTH="26"/>
						<String ID="P239_ST00218" HPOS="1120" VPOS="1331" WIDTH="55" HEIGHT="37" CONTENT="Ку-" WC="0.73" CC="800"/>
					</TextLine>
					<TextLine ID="P239_TL00030" HPOS="109" VPOS="1381" WIDTH="1070" HEIGHT="53">
						<String ID="P239_ST00219" HPOS="109" VPOS="1402" WIDTH="82" HEIGHT="31" CONTENT="бань." WC="0.58" CC="60724"/>
						<SP ID="P239_SP00189" HPOS="191" VPOS="1433" WIDTH="26"/>
						<String ID="P239_ST00220" HPOS="217" VPOS="1398" WIDTH="91" HEIGHT="36" CONTENT="Когда" WC="0.80" CC="02250"/>
						<SP ID="P239_SP00190" HPOS="308" VPOS="1434" WIDTH="25"/>
						<String ID="P239_ST00221" HPOS="333" VPOS="1405" WIDTH="43" HEIGHT="22" CONTENT="же" WC="0.19" CC="96"/>
						<SP ID="P239_SP00191" HPOS="376" VPOS="1434" WIDTH="25"/>
						<String ID="P239_ST00222" HPOS="401" VPOS="1400" WIDTH="173" HEIGHT="33" CONTENT="наступали" WC="0.70" CC="705006007"/>
						<SP ID="P239_SP00192" HPOS="574" VPOS="1434" WIDTH="27"/>
						<String ID="P239_ST00223" HPOS="601" VPOS="1395" WIDTH="142" HEIGHT="34" CONTENT="сумерки," WC="0.47" CC="68608064"/>
						<SP ID="P239_SP00193" HPOS="743" VPOS="1434" WIDTH="25"/>
						<String ID="P239_ST00224" HPOS="768" VPOS="1385" WIDTH="186" HEIGHT="29" CONTENT="спешенные" WC="0.40" CC="560657893"/>
						<SP ID="P239_SP00194" HPOS="954" VPOS="1434" WIDTH="24"/>
						<String ID="P239_ST00225" HPOS="978" VPOS="1383" WIDTH="109" HEIGHT="25" CONTENT="казаки" WC="0.64" CC="077006"/>
						<SP ID="P239_SP00195" HPOS="1087" VPOS="1434" WIDTH="24"/>
						<String ID="P239_ST00226" HPOS="1111" VPOS="1381" WIDTH="68" HEIGHT="31" CONTENT="рас-" WC="0.76" CC="0054"/>
					</TextLine>
					<TextLine ID="P239_TL00031" HPOS="109" VPOS="1425" WIDTH="1069" HEIGHT="59">
						<String ID="P239_ST00227" HPOS="109" VPOS="1453" WIDTH="146" HEIGHT="31" CONTENT="ходились" WC="0.41" CC="46069764"/>
						<SP ID="P239_SP00196" HPOS="255" VPOS="1484" WIDTH="34"/>
						<String ID="P239_ST00228" HPOS="289" VPOS="1451" WIDTH="37" HEIGHT="22" CONTENT="съ" WC="0.65" CC="70"/>
						<SP ID="P239_SP00197" HPOS="326" VPOS="1484" WIDTH="26"/>
						<String ID="P239_ST00229" HPOS="352" VPOS="1447" WIDTH="127" HEIGHT="25" CONTENT="постовъ" WC="0.48" CC="6654660"/>
						<SP ID="P239_SP00198" HPOS="479" VPOS="1484" WIDTH="26"/>
						<String ID="P239_ST00230" HPOS="505" VPOS="1446" WIDTH="18" HEIGHT="22" CONTENT="и" WC="0.31" CC="6"/>
						<SP ID="P239_SP00199" HPOS="523" VPOS="1484" WIDTH="25"/>
						<String ID="P239_ST00231" HPOS="548" VPOS="1432" WIDTH="149" HEIGHT="44" CONTENT="украдкой" WC="0.71" CC="00005457"/>
						<SP ID="P239_SP00200" HPOS="697" VPOS="1484" WIDTH="34"/>
						<String ID="P239_ST00232" HPOS="731" VPOS="1434" WIDTH="140" HEIGHT="27" CONTENT="залегали" WC="0.52" CC="60927406"/>
						<SP ID="P239_SP00201" HPOS="871" VPOS="1484" WIDTH="34"/>
						<String ID="P239_ST00233" HPOS="905" VPOS="1430" WIDTH="103" HEIGHT="33" CONTENT="оерегъ" WC="0.64" CC="560260"/>
						<SP ID="P239_SP00202" HPOS="1008" VPOS="1484" WIDTH="24"/>
						<String ID="P239_ST00234" HPOS="1032" VPOS="1429" WIDTH="38" HEIGHT="22" CONTENT="вь" WC="0.30" CC="39"/>
						<SP ID="P239_SP00203" HPOS="1070" VPOS="1484" WIDTH="25"/>
						<String ID="P239_ST00235" HPOS="1095" VPOS="1425" WIDTH="83" HEIGHT="24" CONTENT="опас-" WC="0.38" CC="57485"/>
					</TextLine>
					<TextLine ID="P239_TL00032" HPOS="112" VPOS="1470" WIDTH="892" HEIGHT="57">
						<String ID="P239_ST00236" HPOS="112" VPOS="1500" WIDTH="84" HEIGHT="23" CONTENT="ны»" WC="0.26" CC="876"/>
						<SP ID="P239_SP00204" HPOS="196" VPOS="1523" WIDTH="25"/>
						<String ID="P239_ST00237" HPOS="221" VPOS="1490" WIDTH="155" HEIGHT="37" CONTENT="местахъ," WC="0.62" CC="40544434"/>
						<SP ID="P239_SP00205" HPOS="376" VPOS="1527" WIDTH="26"/>
						<String ID="P239_ST00238" HPOS="402" VPOS="1493" WIDTH="37" HEIGHT="23" CONTENT="по" WC="0.60" CC="70"/>
						<SP ID="P239_SP00206" HPOS="439" VPOS="1527" WIDTH="26"/>
						<String ID="P239_ST00239" HPOS="465" VPOS="1481" WIDTH="86" HEIGHT="33" CONTENT="2-3" WC="0.85" CC="040"/>
						<SP ID="P239_SP00207" HPOS="551" VPOS="1527" WIDTH="28"/>
						<String ID="P239_ST00240" HPOS="579" VPOS="1488" WIDTH="61" HEIGHT="23" CONTENT="чел." WC="0.61" CC="4442"/>
						<SP ID="P239_SP00208" HPOS="640" VPOS="1527" WIDTH="19"/>
						<String ID="P239_ST00241" HPOS="659" VPOS="1475" WIDTH="130" HEIGHT="32" CONTENT="вместе." WC="0.65" CC="6405403"/>
						<SP ID="P239_SP00209" HPOS="789" VPOS="1527" WIDTH="26"/>
						<String ID="P239_ST00242" HPOS="815" VPOS="1470" WIDTH="47" HEIGHT="32" CONTENT="Эк" WC="0.17" CC="88"/>
						<String ID="P239_ST00243" HPOS="862" VPOS="1479" WIDTH="32" HEIGHT="22" CONTENT=")«" WC="0.44" CC="64"/>
						<String ID="P239_ST00244" HPOS="902" VPOS="1475" WIDTH="102" HEIGHT="24" CONTENT="залога" WC="0.50" CC="644444"/>
						<SP ID="P239_SP00210" HPOS="1004" VPOS="1527" WIDTH="0"/>
					</TextLine>
					<TextLine ID="P239_TL00033" HPOS="110" VPOS="1507" WIDTH="1074" HEIGHT="60">
						<String ID="P239_ST00245" HPOS="110" VPOS="1542" WIDTH="180" HEIGHT="25" CONTENT="оставппеся" WC="0.39" CC="4744458767"/>
						<SP ID="P239_SP00211" HPOS="290" VPOS="1567" WIDTH="25"/>
						<String ID="P239_ST00246" HPOS="315" VPOS="1540" WIDTH="37" HEIGHT="23" CONTENT="на" WC="0.40" CC="74"/>
						<SP ID="P239_SP00212" HPOS="352" VPOS="1567" WIDTH="24"/>
						<String ID="P239_ST00247" HPOS="376" VPOS="1536" WIDTH="150" HEIGHT="31" CONTENT="постах*," WC="0.26" CC="77488876"/>
						<SP ID="P239_SP00213" HPOS="526" VPOS="1567" WIDTH="35"/>
						<String ID="P239_ST00248" HPOS="561" VPOS="1530" WIDTH="137" HEIGHT="35" CONTENT="держали" WC="0.61" CC="0604447"/>
						<SP ID="P239_SP00214" HPOS="698" VPOS="1567" WIDTH="37"/>
						<String ID="P239_ST00249" HPOS="735" VPOS="1516" WIDTH="138" HEIGHT="37" CONTENT="лошадей" WC="0.46" CC="4644457"/>
						<SP ID="P239_SP00215" HPOS="873" VPOS="1567" WIDTH="23"/>
						<String ID="P239_ST00250" HPOS="896" VPOS="1522" WIDTH="34" HEIGHT="22" CONTENT="т" WC="0.27" CC="7"/>
						<String ID="P239_ST00251" HPOS="930" VPOS="1514" WIDTH="84" HEIGHT="34" CONTENT="-сед" WC="0.65" CC="4405"/>
						<SP ID="P239_SP00216" HPOS="1014" VPOS="1567" WIDTH="20"/>
						<String ID="P239_ST00252" HPOS="1034" VPOS="1512" WIDTH="20" HEIGHT="28" CONTENT="е" WC="1.00" CC="0"/>
						<SP ID="P239_SP00217" HPOS="1054" VPOS="1567" WIDTH="36"/>
						<String ID="P239_ST00253" HPOS="1090" VPOS="1507" WIDTH="94" HEIGHT="31" CONTENT="*гобы" WC="0.25" CC="98674"/>
					</TextLine>
					<TextLine ID="P239_TL00034" HPOS="114" VPOS="1559" WIDTH="1072" HEIGHT="54">
						<String ID="P239_ST00254" HPOS="114" VPOS="1591" WIDTH="33" HEIGHT="22" CONTENT="по" WC="0.68" CC="60"/>
						<SP ID="P239_SP00218" HPOS="147" VPOS="1613" WIDTH="26"/>
						<String ID="P239_ST00255" HPOS="173" VPOS="1587" WIDTH="133" HEIGHT="26" CONTENT="пеовому" WC="0.50" CC="2385707"/>
						<SP ID="P239_SP00219" HPOS="306" VPOS="1613" WIDTH="26"/>
						<String ID="P239_ST00256" HPOS="332" VPOS="1576" WIDTH="161" HEIGHT="37" CONTENT="выстрелу" WC="0.81" CC="00608000"/>
						<SP ID="P239_SP00220" HPOS="493" VPOS="1613" WIDTH="25"/>
						<String ID="P239_ST00257" HPOS="518" VPOS="1578" WIDTH="128" HEIGHT="25" CONTENT="скакать" WC="0.78" CC="0009500"/>
						<SP ID="P239_SP00221" HPOS="646" VPOS="1613" WIDTH="19"/>
						<String ID="P239_ST00258" HPOS="665" VPOS="1573" WIDTH="91" HEIGHT="25" CONTENT="сломя" WC="0.42" CC="56195"/>
						<SP ID="P239_SP00222" HPOS="756" VPOS="1613" WIDTH="14"/>
						<String ID="P239_ST00259" HPOS="770" VPOS="1569" WIDTH="120" HEIGHT="31" CONTENT="голову," WC="0.71" CC="0505404"/>
						<SP ID="P239_SP00223" HPOS="890" VPOS="1613" WIDTH="15"/>
						<String ID="P239_ST00260" HPOS="905" VPOS="1566" WIDTH="75" HEIGHT="32" CONTENT="куда" WC="0.31" CC="9880"/>
						<SP ID="P239_SP00224" HPOS="980" VPOS="1613" WIDTH="16"/>
						<String ID="P239_ST00261" HPOS="996" VPOS="1559" WIDTH="190" HEIGHT="36" CONTENT="призываетъ" WC="0.62" CC="6053520480"/>
					</TextLine>
					<TextLine ID="P239_TL00035" HPOS="114" VPOS="1582" WIDTH="1073" HEIGHT="79">
						<String ID="P239_ST00262" HPOS="114" VPOS="1582" WIDTH="404" HEIGHT="79" CONTENT="1снГьУКроме?то?о," WC="0.45" CC="86793904640746444"/>
						<SP ID="P239_SP00225" HPOS="518" VPOS="1661" WIDTH="27"/>
						<String ID="P239_ST00263" HPOS="545" VPOS="1623" WIDTH="88" HEIGHT="30" CONTENT="вдоль" WC="0.55" CC="54705"/>
						<SP ID="P239_SP00226" HPOS="633" VPOS="1661" WIDTH="37"/>
						<String ID="P239_ST00264" HPOS="670" VPOS="1611" WIDTH="103" HEIGHT="36" CONTENT="Линш," WC="0.61" CC="07704"/>
						<SP ID="P239_SP00227" HPOS="773" VPOS="1661" WIDTH="27"/>
						<String ID="P239_ST00265" HPOS="800" VPOS="1616" WIDTH="34" HEIGHT="22" CONTENT="по" WC="0.48" CC="45"/>
						<SP ID="P239_SP00228" HPOS="834" VPOS="1661" WIDTH="26"/>
						<String ID="P239_ST00266" HPOS="860" VPOS="1604" WIDTH="225" HEIGHT="40" CONTENT="прибрежнымъ" WC="0.44" CC="64474647444"/>
						<SP ID="P239_SP00229" HPOS="1085" VPOS="1661" WIDTH="35"/>
						<String ID="P239_ST00267" HPOS="1120" VPOS="1604" WIDTH="67" HEIGHT="30" CONTENT="тро-" WC="0.47" CC="4475"/>
					</TextLine>
					<TextLine ID="P239_TL00036" HPOS="115" VPOS="1642" WIDTH="1071" HEIGHT="69">
						<String ID="P239_ST00268" HPOS="115" VPOS="1680" WIDTH="153" HEIGHT="31" CONTENT="пинкамъ," WC="0.44" CC="78744434"/>
						<SP ID="P239_SP00230" HPOS="268" VPOS="1711" WIDTH="14"/>
						<String ID="P239_ST00269" HPOS="282" VPOS="1677" WIDTH="59" HEIGHT="23" CONTENT="или" WC="0.37" CC="746"/>
						<SP ID="P239_SP00231" HPOS="341" VPOS="1711" WIDTH="14"/>
						<String ID="P239_ST00270" HPOS="355" VPOS="1672" WIDTH="216" HEIGHT="29" CONTENT="«стежкамъ»," WC="0.57" CC="64474444042"/>
						<SP ID="P239_SP00232" HPOS="571" VPOS="1711" WIDTH="16"/>
						<String ID="P239_ST00271" HPOS="587" VPOS="1665" WIDTH="128" HEIGHT="26" CONTENT="сновали" WC="0.41" CC="6756447"/>
						<SP ID="P239_SP00233" HPOS="715" VPOS="1711" WIDTH="26"/>
						<String ID="P239_ST00272" HPOS="741" VPOS="1660" WIDTH="117" HEIGHT="25" CONTENT="конные" WC="0.43" CC="437647"/>
						<SP ID="P239_SP00234" HPOS="858" VPOS="1711" WIDTH="18"/>
						<String ID="P239_ST00273" HPOS="876" VPOS="1650" WIDTH="161" HEIGHT="39" CONTENT="рт№." WC="0.44" CC="5960"/>
						<SP ID="P239_SP00235" HPOS="1037" VPOS="1711" WIDTH="28"/>
						<String ID="P239_ST00274" HPOS="1065" VPOS="1642" WIDTH="121" HEIGHT="31" CONTENT="Стежки" WC="0.40" CC="644478"/>
					</TextLine>
					<TextLine ID="P239_TL00037" HPOS="117" VPOS="1694" WIDTH="1057" HEIGHT="64">
						<String ID="P239_ST00275" HPOS="117" VPOS="1721" WIDTH="266" HEIGHT="37" CONTENT="прокладывались" WC="0.66" CC="70200040309756"/>
						<SP ID="P239_SP00236" HPOS="383" VPOS="1758" WIDTH="25"/>
						<String ID="P239_ST00276" HPOS="408" VPOS="1718" WIDTH="37" HEIGHT="23" CONTENT="по" WC="0.71" CC="50"/>
						<SP ID="P239_SP00237" HPOS="445" VPOS="1758" WIDTH="25"/>
						<String ID="P239_ST00277" HPOS="470" VPOS="1711" WIDTH="143" HEIGHT="28" CONTENT="местамъ" WC="0.85" CC="5050000"/>
						<SP ID="P239_SP00238" HPOS="613" VPOS="1758" WIDTH="36"/>
						<String ID="P239_ST00278" HPOS="649" VPOS="1705" WIDTH="198" HEIGHT="37" CONTENT="скрытнымъ," WC="0.61" CC="5906076002"/>
						<SP ID="P239_SP00239" HPOS="847" VPOS="1758" WIDTH="38"/>
						<String ID="P239_ST00279" HPOS="885" VPOS="1700" WIDTH="101" HEIGHT="31" CONTENT="между" WC="0.63" CC="75060"/>
						<SP ID="P239_SP00240" HPOS="986" VPOS="1758" WIDTH="37"/>
						<String ID="P239_ST00280" HPOS="1023" VPOS="1694" WIDTH="151" HEIGHT="34" CONTENT="кустарни" WC="0.49" CC="08690078"/>
					</TextLine>
					<TextLine ID="P239_TL00038" HPOS="119" VPOS="1737" WIDTH="1069" HEIGHT="66">
						<String ID="P239_ST00281" HPOS="119" VPOS="1773" WIDTH="15" HEIGHT="21" CONTENT="к" WC="1.00" CC="0"/>
						<SP ID="P239_SP00241" HPOS="134" VPOS="1794" WIDTH="19"/>
						<String ID="P239_ST00282" HPOS="153" VPOS="1771" WIDTH="57" HEIGHT="32" CONTENT="мъ," WC="0.56" CC="444"/>
						<SP ID="P239_SP00242" HPOS="210" VPOS="1803" WIDTH="26"/>
						<String ID="P239_ST00283" HPOS="236" VPOS="1765" WIDTH="189" HEIGHT="28" CONTENT="камышомъ." WC="0.48" CC="444756444"/>
						<SP ID="P239_SP00243" HPOS="425" VPOS="1803" WIDTH="27"/>
						<String ID="P239_ST00284" HPOS="452" VPOS="1750" WIDTH="196" HEIGHT="37" CONTENT="Разъездамъ" WC="0.52" CC="7463073444"/>
						<SP ID="P239_SP00244" HPOS="648" VPOS="1803" WIDTH="25"/>
						<String ID="P239_ST00285" HPOS="673" VPOS="1748" WIDTH="116" HEIGHT="35" CONTENT="делали" WC="0.42" CC="394447"/>
						<SP ID="P239_SP00245" HPOS="789" VPOS="1803" WIDTH="19"/>
						<String ID="P239_ST00286" HPOS="808" VPOS="1747" WIDTH="116" HEIGHT="32" CONTENT="частую" WC="0.57" CC="447404"/>
						<SP ID="P239_SP00246" HPOS="924" VPOS="1803" WIDTH="19"/>
						<String ID="P239_ST00287" HPOS="943" VPOS="1738" WIDTH="94" HEIGHT="37" CONTENT="смену" WC="0.59" CC="74071"/>
						<SP ID="P239_SP00247" HPOS="1037" VPOS="1803" WIDTH="39"/>
						<String ID="P239_ST00288" HPOS="1076" VPOS="1737" WIDTH="112" HEIGHT="32" CONTENT="потому" WC="0.50" CC="635670"/>
					</TextLine>
					<TextLine ID="P239_TL00039" HPOS="118" VPOS="1782" WIDTH="1074" HEIGHT="71">
						<String ID="P239_ST00289" HPOS="118" VPOS="1817" WIDTH="50" HEIGHT="23" CONTENT="что" WC="0.56" CC="641"/>
						<SP ID="P239_SP00248" HPOS="168" VPOS="1840" WIDTH="32"/>
						<String ID="P239_ST00290" HPOS="200" VPOS="1814" WIDTH="97" HEIGHT="33" CONTENT="горцы" WC="0.64" CC="44008"/>
						<SP ID="P239_SP00249" HPOS="297" VPOS="1847" WIDTH="38"/>
						<String ID="P239_ST00291" HPOS="335" VPOS="1804" WIDTH="102" HEIGHT="29" CONTENT="имели" WC="0.45" CC="64087"/>
						<SP ID="P239_SP00250" HPOS="437" VPOS="1847" WIDTH="39"/>
						<String ID="P239_ST00292" HPOS="476" VPOS="1798" WIDTH="199" HEIGHT="32" CONTENT="обыкновеше" WC="0.37" CC="3984762587"/>
						<SP ID="P239_SP00251" HPOS="675" VPOS="1847" WIDTH="36"/>
						<String ID="P239_ST00293" HPOS="711" VPOS="1799" WIDTH="35" HEIGHT="22" CONTENT="по" WC="0.32" CC="67"/>
						<String ID="P239_ST00294" HPOS="750" VPOS="1793" WIDTH="172" HEIGHT="34" CONTENT="дстерегать" WC="0.40" CC="5766846176"/>
						<SP ID="P239_SP00252" HPOS="922" VPOS="1847" WIDTH="38"/>
						<String ID="P239_ST00295" HPOS="960" VPOS="1789" WIDTH="37" HEIGHT="23" CONTENT="на" WC="0.17" CC="79"/>
						<SP ID="P239_SP00253" HPOS="997" VPOS="1847" WIDTH="35"/>
						<String ID="P239_ST00296" HPOS="1032" VPOS="1782" WIDTH="160" HEIGHT="71" CONTENT="зас^^ъ" WC="0.33" CC="777882"/>
					</TextLine>
					<TextLine ID="P239_TL00040" HPOS="119" VPOS="1832" WIDTH="836" HEIGHT="61">
						<String ID="P239_ST00297" HPOS="119" VPOS="1853" WIDTH="198" HEIGHT="40" CONTENT="Перекинуть" WC="0.37" CC="4584787097"/>
						<SP ID="P239_SP00254" HPOS="317" VPOS="1893" WIDTH="37"/>
						<String ID="P239_ST00298" HPOS="354" VPOS="1854" WIDTH="108" HEIGHT="33" CONTENT="черезъ" WC="0.56" CC="440573"/>
						<SP ID="P239_SP00255" HPOS="462" VPOS="1893" WIDTH="33"/>
						<String ID="P239_ST00299" HPOS="495" VPOS="1849" WIDTH="117" HEIGHT="32" CONTENT="стежку" WC="0.31" CC="447949"/>
						<SP ID="P239_SP00256" HPOS="612" VPOS="1893" WIDTH="39"/>
						<String ID="P239_ST00300" HPOS="651" VPOS="1843" WIDTH="114" HEIGHT="35" CONTENT="арканъ" WC="0.58" CC="404474"/>
						<SP ID="P239_SP00257" HPOS="765" VPOS="1893" WIDTH="24"/>
						<String ID="P239_ST00301" HPOS="789" VPOS="1832" WIDTH="72" HEIGHT="32" CONTENT="лпбо" WC="0.59" CC="4704"/>
						<SP ID="P239_SP00258" HPOS="861" VPOS="1893" WIDTH="24"/>
						<String ID="P239_ST00302" HPOS="885" VPOS="1837" WIDTH="70" HEIGHT="32" CONTENT="лозу" WC="0.60" CC="4560"/>
						<SP ID="P239_SP00259" HPOS="955" VPOS="1893" WIDTH="0"/>
					</TextLine>
					<TextLine ID="P239_TL00041" HPOS="120" VPOS="1872" WIDTH="1072" HEIGHT="70">
						<String ID="P239_ST00303" HPOS="120" VPOS="1908" WIDTH="82" HEIGHT="23" CONTENT="мимо" WC="0.46" CC="4645"/>
						<SP ID="P239_SP00260" HPOS="202" VPOS="1931" WIDTH="25"/>
						<String ID="P239_ST00304" HPOS="227" VPOS="1898" WIDTH="68" HEIGHT="31" CONTENT="себя" WC="0.53" CC="7604"/>
						<SP ID="P239_SP00261" HPOS="295" VPOS="1931" WIDTH="27"/>
						<String ID="P239_ST00305" HPOS="322" VPOS="1894" WIDTH="161" HEIGHT="39" CONTENT="разъездъ," WC="0.56" CC="647405442"/>
						<SP ID="P239_SP00262" HPOS="483" VPOS="1933" WIDTH="35"/>
						<String ID="P239_ST00306" HPOS="518" VPOS="1894" WIDTH="117" HEIGHT="25" CONTENT="потомъ" WC="0.50" CC="644643"/>
						<SP ID="P239_SP00263" HPOS="635" VPOS="1933" WIDTH="38"/>
						<String ID="P239_ST00307" HPOS="673" VPOS="1887" WIDTH="133" HEIGHT="33" CONTENT="пхнуть" WC="0.50" CC="878004"/>
						<SP ID="P239_SP00264" HPOS="806" VPOS="1933" WIDTH="26"/>
						<String ID="P239_ST00308" HPOS="832" VPOS="1886" WIDTH="17" HEIGHT="22" CONTENT="и" WC="0.26" CC="7"/>
						<SP ID="P239_SP00265" HPOS="849" VPOS="1933" WIDTH="26"/>
						<String ID="P239_ST00309" HPOS="875" VPOS="1881" WIDTH="108" HEIGHT="25" CONTENT="гонять" WC="0.45" CC="337790"/>
						<SP ID="P239_SP00266" HPOS="983" VPOS="1933" WIDTH="23"/>
						<String ID="P239_ST00310" HPOS="1006" VPOS="1877" WIDTH="37" HEIGHT="23" CONTENT="на" WC="0.41" CC="74"/>
						<SP ID="P239_SP00267" HPOS="1043" VPOS="1933" WIDTH="26"/>
						<String ID="P239_ST00311" HPOS="1069" VPOS="1872" WIDTH="123" HEIGHT="70" CONTENT="арканъ," WC="0.42" CC="4844764"/>
					</TextLine>
					<TextLine ID="P239_TL00042" HPOS="121" VPOS="1915" WIDTH="1059" HEIGHT="63">
						<String ID="P239_ST00312" HPOS="121" VPOS="1953" WIDTH="101" HEIGHT="23" CONTENT="отчего" WC="0.67" CC="500354"/>
						<SP ID="P239_SP00268" HPOS="222" VPOS="1976" WIDTH="25"/>
						<String ID="P239_ST00313" HPOS="247" VPOS="1948" WIDTH="155" HEIGHT="30" CONTENT="всадникъ" WC="0.61" CC="65007604"/>
						<SP ID="P239_SP00269" HPOS="402" VPOS="1978" WIDTH="27"/>
						<String ID="P239_ST00314" HPOS="429" VPOS="1944" WIDTH="37" HEIGHT="23" CONTENT="съ" WC="0.36" CC="66"/>
						<SP ID="P239_SP00270" HPOS="466" VPOS="1978" WIDTH="26"/>
						<String ID="P239_ST00315" HPOS="492" VPOS="1939" WIDTH="145" HEIGHT="30" CONTENT="лошадью" WC="0.54" CC="9537050"/>
						<SP ID="P239_SP00271" HPOS="637" VPOS="1978" WIDTH="25"/>
						<String ID="P239_ST00316" HPOS="662" VPOS="1933" WIDTH="140" HEIGHT="32" CONTENT="падаютъ" WC="0.68" CC="6014900"/>
						<SP ID="P239_SP00272" HPOS="802" VPOS="1978" WIDTH="25"/>
						<String ID="P239_ST00317" HPOS="827" VPOS="1931" WIDTH="37" HEIGHT="23" CONTENT="на" WC="0.67" CC="60"/>
						<SP ID="P239_SP00273" HPOS="864" VPOS="1978" WIDTH="24"/>
						<String ID="P239_ST00318" HPOS="888" VPOS="1926" WIDTH="107" HEIGHT="26" CONTENT="землю." WC="0.46" CC="567083"/>
						<SP ID="P239_SP00274" HPOS="995" VPOS="1978" WIDTH="26"/>
						<String ID="P239_ST00319" HPOS="1021" VPOS="1915" WIDTH="99" HEIGHT="30" CONTENT="После" WC="0.21" CC="86697"/>
						<SP ID="P239_SP00275" HPOS="1120" VPOS="1978" WIDTH="24"/>
						<String ID="P239_ST00320" HPOS="1144" VPOS="1917" WIDTH="36" HEIGHT="23" CONTENT="та" WC="0.90" CC="02"/>
					</TextLine>
					<TextLine ID="P239_TL00043" HPOS="1070" VPOS="1969" WIDTH="40" HEIGHT="22">
						<String ID="P239_ST00321" HPOS="1070" VPOS="1969" WIDTH="40" HEIGHT="22" CONTENT="15*" WC="0.75" CC="070"/>
					</TextLine>
				</TextBlock>
			</PrintSpace>
		</Page>
	</Layout>
</alto>
