<?xml version="1.0" encoding="UTF-8"?>
<alto xmlns:xsi="http://www.w3.org/2001/XMLSchema-instance" xsi:noNamespaceSchemaLocation="http://www.bl.uk/schemas/alto/alto-1-4.xsd" xmlns:xlink="http://www.w3.org/1999/xlink">
	<Description>
		<MeasurementUnit>mm10</MeasurementUnit>
		<sourceImageInformation>
			<fileName>//head1/IN/2008-36/A0011936310/008196.jp2</fileName>
		</sourceImageInformation>
		<OCRProcessing ID="OCRPROCESSING_1">
			<preProcessingStep>
				<processingSoftware>
					<softwareCreator>CCS Content Conversion Specialists GmbH, Germany</softwareCreator>
					<softwareName>CCS docWORKS</softwareName>
					<softwareVersion>6.1-0.67</softwareVersion>
				</processingSoftware>
			</preProcessingStep>
			<ocrProcessingStep>
				<processingSoftware>
					<softwareCreator>ABBYY (BIT Software), Russia</softwareCreator>
					<softwareName>Finereader</softwareName>
				</processingSoftware>
			</ocrProcessingStep>
		</OCRProcessing>
	</Description>
	<Styles>
		<TextStyle ID="TXT_0" FONTSIZE="10" FONTFAMILY="Courier New"/>
		<TextStyle ID="TXT_1" FONTSIZE="11" FONTFAMILY="Courier New"/>
		<ParagraphStyle ID="PAR_CENTER" ALIGN="Center"/>
		<ParagraphStyle ID="PAR_LEFT" ALIGN="Left"/>
	</Styles>
	<Layout>
		<Page ID="P178" PHYSICAL_IMG_NR="178" HEIGHT="2028" WIDTH="1261" POSITION="Left" ACCURACY="69.78">
			<TopMargin ID="P178_TM00001" HPOS="0" VPOS="0" WIDTH="1260" HEIGHT="395"/>
			<LeftMargin ID="P178_LM00001" HPOS="0" VPOS="395" WIDTH="78" HEIGHT="1540"/>
			<RightMargin ID="P178_RM00001" HPOS="1157" VPOS="395" WIDTH="103" HEIGHT="1540"/>
			<BottomMargin ID="P178_BM00001" HPOS="0" VPOS="1935" WIDTH="1260" HEIGHT="92"/>
			<PrintSpace ID="P178_PS00001" HPOS="78" VPOS="395" WIDTH="1080" HEIGHT="1540">
				<TextBlock ID="P178_TB00001" HPOS="572" VPOS="395" WIDTH="82" HEIGHT="45" STYLEREFS="TXT_0 PAR_CENTER">
					<TextLine ID="P178_TL00001" HPOS="572" VPOS="397" WIDTH="82" HEIGHT="43">
						<String ID="P178_ST00001" HPOS="572" VPOS="397" WIDTH="82" HEIGHT="43" CONTENT="III." WC="0.88" CC="0004"/>
					</TextLine>
				</TextBlock>
				<TextBlock ID="P178_TB00002" HPOS="375" VPOS="499" WIDTH="482" HEIGHT="58" STYLEREFS="TXT_0 PAR_CENTER">
					<TextLine ID="P178_TL00002" HPOS="377" VPOS="501" WIDTH="480" HEIGHT="56">
						<String ID="P178_ST00002" HPOS="377" VPOS="501" WIDTH="294" HEIGHT="56" CONTENT="Пугачевская" WC="0.64" CC="49007710503"/>
						<SP ID="P178_SP00001" HPOS="671" VPOS="557" WIDTH="36"/>
						<String ID="P178_ST00003" HPOS="707" VPOS="512" WIDTH="150" HEIGHT="45" CONTENT="смута." WC="0.59" CC="534064"/>
					</TextLine>
				</TextBlock>
				<TextBlock ID="P178_TB00003" HPOS="755" VPOS="769" WIDTH="401" HEIGHT="801" STYLEREFS="TXT_0 PAR_LEFT">
					<TextLine ID="P178_TL00003" HPOS="823" VPOS="771" WIDTH="331" HEIGHT="40">
						<String ID="P178_ST00004" HPOS="823" VPOS="771" WIDTH="108" HEIGHT="40" CONTENT="Мея;ду" WC="0.66" CC="056800"/>
						<SP ID="P178_SP00002" HPOS="931" VPOS="811" WIDTH="14"/>
						<String ID="P178_ST00005" HPOS="945" VPOS="772" WIDTH="209" HEIGHT="37" CONTENT="благодетель" SUBS_TYPE="HypPart1" SUBS_CONTENT="благодетельными" WC="0.91" CC="000000000540"/>
						<HYP CONTENT="-"/>
					</TextLine>
					<TextLine ID="P178_TL00004" HPOS="756" VPOS="825" WIDTH="399" HEIGHT="31">
						<String ID="P178_ST00006" HPOS="756" VPOS="826" WIDTH="89" HEIGHT="22" CONTENT="ными" SUBS_TYPE="HypPart2" SUBS_CONTENT="благодетельными" WC="0.71" CC="6005"/>
						<SP ID="P178_SP00003" HPOS="845" VPOS="848" WIDTH="50"/>
						<String ID="P178_ST00007" HPOS="895" VPOS="825" WIDTH="260" HEIGHT="31" CONTENT="распоряжетями" WC="0.61" CC="0013795009066"/>
					</TextLine>
					<TextLine ID="P178_TL00005" HPOS="756" VPOS="870" WIDTH="398" HEIGHT="23">
						<String ID="P178_ST00008" HPOS="756" VPOS="870" WIDTH="138" HEIGHT="23" CONTENT="высшаго" WC="0.87" CC="0000016"/>
						<SP ID="P178_SP00004" HPOS="894" VPOS="893" WIDTH="36"/>
						<String ID="P178_ST00009" HPOS="930" VPOS="870" WIDTH="140" HEIGHT="22" CONTENT="военнаго" WC="0.74" CC="10064007"/>
						<SP ID="P178_SP00005" HPOS="1070" VPOS="893" WIDTH="35"/>
						<String ID="P178_ST00010" HPOS="1105" VPOS="870" WIDTH="49" HEIGHT="22" CONTENT="на" SUBS_TYPE="HypPart1" SUBS_CONTENT="начальства" WC="0.79" CC="600"/>
						<HYP CONTENT="-"/>
					</TextLine>
					<TextLine ID="P178_TL00006" HPOS="757" VPOS="908" WIDTH="397" HEIGHT="36">
						<String ID="P178_ST00011" HPOS="757" VPOS="915" WIDTH="146" HEIGHT="23" CONTENT="чальства" SUBS_TYPE="HypPart2" SUBS_CONTENT="начальства" WC="0.84" CC="90000030"/>
						<SP ID="P178_SP00006" HPOS="903" VPOS="938" WIDTH="26"/>
						<String ID="P178_ST00012" HPOS="929" VPOS="908" WIDTH="80" HEIGHT="29" CONTENT="были" WC="0.45" CC="7706"/>
						<SP ID="P178_SP00007" HPOS="1009" VPOS="938" WIDTH="18"/>
						<String ID="P178_ST00013" HPOS="1027" VPOS="916" WIDTH="17" HEIGHT="21" CONTENT="и" WC="0.39" CC="6"/>
						<SP ID="P178_SP00008" HPOS="1044" VPOS="938" WIDTH="17"/>
						<String ID="P178_ST00014" HPOS="1061" VPOS="915" WIDTH="93" HEIGHT="29" CONTENT="татя," WC="0.73" CC="00147"/>
					</TextLine>
					<TextLine ID="P178_TL00007" HPOS="757" VPOS="960" WIDTH="397" HEIGHT="32">
						<String ID="P178_ST00015" HPOS="757" VPOS="960" WIDTH="132" HEIGHT="32" CONTENT="который" WC="0.52" CC="9605047"/>
						<SP ID="P178_SP00009" HPOS="889" VPOS="992" WIDTH="33"/>
						<String ID="P178_ST00016" HPOS="922" VPOS="960" WIDTH="162" HEIGHT="22" CONTENT="вызывали" WC="0.59" CC="06633092"/>
						<SP ID="P178_SP00010" HPOS="1084" VPOS="992" WIDTH="23"/>
						<String ID="P178_ST00017" HPOS="1107" VPOS="960" WIDTH="47" HEIGHT="22" CONTENT="не" SUBS_TYPE="HypPart1" SUBS_CONTENT="неудовольств1Я" WC="0.80" CC="500"/>
						<HYP CONTENT="-"/>
					</TextLine>
					<TextLine ID="P178_TL00008" HPOS="756" VPOS="1005" WIDTH="398" HEIGHT="32">
						<String ID="P178_ST00018" HPOS="756" VPOS="1005" WIDTH="211" HEIGHT="32" CONTENT="удовольств1Я" SUBS_TYPE="HypPart2" SUBS_CONTENT="неудовольств1Я" WC="0.53" CC="056669450305"/>
						<SP ID="P178_SP00011" HPOS="967" VPOS="1037" WIDTH="24"/>
						<String ID="P178_ST00019" HPOS="991" VPOS="1005" WIDTH="86" HEIGHT="31" CONTENT="среди" WC="0.82" CC="00305"/>
						<SP ID="P178_SP00012" HPOS="1077" VPOS="1037" WIDTH="29"/>
						<String ID="P178_ST00020" HPOS="1106" VPOS="1005" WIDTH="48" HEIGHT="22" CONTENT="ка" SUBS_TYPE="HypPart1" SUBS_CONTENT="казаковъ," WC="0.73" CC="061"/>
						<HYP CONTENT="-"/>
					</TextLine>
					<TextLine ID="P178_TL00009" HPOS="756" VPOS="1041" WIDTH="398" HEIGHT="41">
						<String ID="P178_ST00021" HPOS="756" VPOS="1051" WIDTH="121" HEIGHT="29" CONTENT="заковъ," SUBS_TYPE="HypPart2" SUBS_CONTENT="казаковъ," WC="0.66" CC="5006604"/>
						<SP ID="P178_SP00013" HPOS="877" VPOS="1080" WIDTH="15"/>
						<String ID="P178_ST00022" HPOS="892" VPOS="1041" WIDTH="189" HEIGHT="41" CONTENT="возбуждали" WC="0.63" CC="3740090066"/>
						<SP ID="P178_SP00014" HPOS="1081" VPOS="1082" WIDTH="25"/>
						<String ID="P178_ST00023" HPOS="1106" VPOS="1050" WIDTH="48" HEIGHT="22" CONTENT="ме" SUBS_TYPE="HypPart1" SUBS_CONTENT="между" WC="1.00" CC="000"/>
						<HYP CONTENT="-"/>
					</TextLine>
					<TextLine ID="P178_TL00010" HPOS="756" VPOS="1086" WIDTH="396" HEIGHT="41">
						<String ID="P178_ST00024" HPOS="756" VPOS="1096" WIDTH="63" HEIGHT="31" CONTENT="жду" SUBS_TYPE="HypPart2" SUBS_CONTENT="между" WC="0.85" CC="040"/>
						<SP ID="P178_SP00015" HPOS="819" VPOS="1127" WIDTH="24"/>
						<String ID="P178_ST00025" HPOS="843" VPOS="1096" WIDTH="80" HEIGHT="22" CONTENT="ними" WC="0.51" CC="4634"/>
						<SP ID="P178_SP00016" HPOS="923" VPOS="1127" WIDTH="25"/>
						<String ID="P178_ST00026" HPOS="948" VPOS="1096" WIDTH="121" HEIGHT="30" CONTENT="ропотъ." WC="0.83" CC="0560000"/>
						<SP ID="P178_SP00017" HPOS="1069" VPOS="1127" WIDTH="36"/>
						<String ID="P178_ST00027" HPOS="1105" VPOS="1086" WIDTH="47" HEIGHT="31" CONTENT="Во" SUBS_TYPE="HypPart1" SUBS_CONTENT="Вожаками" WC="0.79" CC="600"/>
						<HYP CONTENT="-"/>
					</TextLine>
					<TextLine ID="P178_TL00011" HPOS="757" VPOS="1140" WIDTH="398" HEIGHT="30">
						<String ID="P178_ST00028" HPOS="757" VPOS="1140" WIDTH="127" HEIGHT="23" CONTENT="жаками" SUBS_TYPE="HypPart2" SUBS_CONTENT="Вожаками" WC="0.50" CC="919305"/>
						<SP ID="P178_SP00018" HPOS="884" VPOS="1163" WIDTH="60"/>
						<String ID="P178_ST00029" HPOS="944" VPOS="1140" WIDTH="211" HEIGHT="30" CONTENT="непокорныхъ" WC="0.67" CC="60520906400"/>
					</TextLine>
					<TextLine ID="P178_TL00012" HPOS="757" VPOS="1185" WIDTH="397" HEIGHT="31">
						<String ID="P178_ST00030" HPOS="757" VPOS="1185" WIDTH="101" HEIGHT="28" CONTENT="всегда" WC="0.75" CC="520600"/>
						<SP ID="P178_SP00019" HPOS="858" VPOS="1213" WIDTH="21"/>
						<String ID="P178_ST00031" HPOS="879" VPOS="1185" WIDTH="148" HEIGHT="22" CONTENT="являлись" WC="0.73" CC="57000520"/>
						<SP ID="P178_SP00020" HPOS="1027" VPOS="1213" WIDTH="17"/>
						<String ID="P178_ST00032" HPOS="1044" VPOS="1185" WIDTH="110" HEIGHT="31" CONTENT="старые" WC="0.85" CC="300050"/>
					</TextLine>
					<TextLine ID="P178_TL00013" HPOS="758" VPOS="1223" WIDTH="396" HEIGHT="39">
						<String ID="P178_ST00033" HPOS="758" VPOS="1229" WIDTH="119" HEIGHT="33" CONTENT="казаки," WC="0.72" CC="0048060"/>
						<SP ID="P178_SP00021" HPOS="877" VPOS="1262" WIDTH="18"/>
						<String ID="P178_ST00034" HPOS="895" VPOS="1223" WIDTH="140" HEIGHT="29" CONTENT="особенно" WC="0.55" CC="50470764"/>
						<SP ID="P178_SP00022" HPOS="1035" VPOS="1262" WIDTH="14"/>
						<String ID="P178_ST00035" HPOS="1049" VPOS="1224" WIDTH="105" HEIGHT="37" CONTENT="сведу" SUBS_TYPE="HypPart1" SUBS_CONTENT="сведушде" WC="0.77" CC="000190"/>
						<HYP CONTENT="-"/>
					</TextLine>
					<TextLine ID="P178_TL00014" HPOS="757" VPOS="1265" WIDTH="397" HEIGHT="38">
						<String ID="P178_ST00036" HPOS="757" VPOS="1275" WIDTH="56" HEIGHT="28" CONTENT="шде" SUBS_TYPE="HypPart2" SUBS_CONTENT="сведушде" WC="0.25" CC="695"/>
						<SP ID="P178_SP00023" HPOS="813" VPOS="1303" WIDTH="17"/>
						<String ID="P178_ST00037" HPOS="830" VPOS="1275" WIDTH="39" HEIGHT="21" CONTENT="въ" WC="0.92" CC="10"/>
						<SP ID="P178_SP00024" HPOS="869" VPOS="1303" WIDTH="13"/>
						<String ID="P178_ST00038" HPOS="882" VPOS="1265" WIDTH="50" HEIGHT="32" CONTENT="Св." WC="0.57" CC="606"/>
						<SP ID="P178_SP00025" HPOS="932" VPOS="1303" WIDTH="14"/>
						<String ID="P178_ST00039" HPOS="946" VPOS="1265" WIDTH="138" HEIGHT="38" CONTENT="Ппсанш," WC="0.49" CC="7630394"/>
						<SP ID="P178_SP00026" HPOS="1084" VPOS="1303" WIDTH="15"/>
						<String ID="P178_ST00040" HPOS="1099" VPOS="1275" WIDTH="55" HEIGHT="21" CONTENT="или" WC="0.56" CC="506"/>
					</TextLine>
					<TextLine ID="P178_TL00015" HPOS="758" VPOS="1311" WIDTH="397" HEIGHT="32">
						<String ID="P178_ST00041" HPOS="758" VPOS="1320" WIDTH="179" HEIGHT="23" CONTENT="начетчики." WC="0.57" CC="6406005954"/>
						<SP ID="P178_SP00027" HPOS="937" VPOS="1343" WIDTH="15"/>
						<String ID="P178_ST00042" HPOS="952" VPOS="1311" WIDTH="59" HEIGHT="30" CONTENT="Они" WC="0.34" CC="765"/>
						<SP ID="P178_SP00028" HPOS="1011" VPOS="1343" WIDTH="10"/>
						<String ID="P178_ST00043" HPOS="1021" VPOS="1320" WIDTH="34" HEIGHT="22" CONTENT="не" WC="0.68" CC="60"/>
						<SP ID="P178_SP00029" HPOS="1055" VPOS="1343" WIDTH="12"/>
						<String ID="P178_ST00044" HPOS="1067" VPOS="1313" WIDTH="88" HEIGHT="29" CONTENT="хоте" SUBS_TYPE="HypPart1" SUBS_CONTENT="хотели" WC="0.79" CC="06004"/>
						<HYP CONTENT="-"/>
					</TextLine>
					<TextLine ID="P178_TL00016" HPOS="757" VPOS="1364" WIDTH="399" HEIGHT="31">
						<String ID="P178_ST00045" HPOS="757" VPOS="1365" WIDTH="38" HEIGHT="22" CONTENT="ли" SUBS_TYPE="HypPart2" SUBS_CONTENT="хотели" WC="0.72" CC="05"/>
						<SP ID="P178_SP00030" HPOS="795" VPOS="1387" WIDTH="14"/>
						<String ID="P178_ST00046" HPOS="809" VPOS="1365" WIDTH="183" HEIGHT="30" CONTENT="признавать" WC="0.78" CC="0054604000"/>
						<SP ID="P178_SP00031" HPOS="992" VPOS="1395" WIDTH="11"/>
						<String ID="P178_ST00047" HPOS="1003" VPOS="1364" WIDTH="153" HEIGHT="22" CONTENT="нпкакихъ" WC="0.67" CC="55009500"/>
					</TextLine>
					<TextLine ID="P178_TL00017" HPOS="758" VPOS="1403" WIDTH="397" HEIGHT="37">
						<String ID="P178_ST00048" HPOS="758" VPOS="1403" WIDTH="383" HEIGHT="37" CONTENT="переменъ,«новшествъ»" WC="0.73" CC="50002050406063036135"/>
						<String ID="P178_ST00049" HPOS="1151" VPOS="1427" WIDTH="4" HEIGHT="12" CONTENT="," WC="1.00" CC="0"/>
					</TextLine>
					<TextLine ID="P178_TL00018" HPOS="758" VPOS="1446" WIDTH="397" HEIGHT="32">
						<String ID="P178_ST00050" HPOS="758" VPOS="1455" WIDTH="73" HEIGHT="22" CONTENT="хотя" WC="0.69" CC="0606"/>
						<SP ID="P178_SP00032" HPOS="831" VPOS="1477" WIDTH="25"/>
						<String ID="P178_ST00051" HPOS="856" VPOS="1446" WIDTH="42" HEIGHT="31" CONTENT="бы" WC="0.68" CC="50"/>
						<SP ID="P178_SP00033" HPOS="898" VPOS="1477" WIDTH="31"/>
						<String ID="P178_ST00052" HPOS="929" VPOS="1455" WIDTH="33" HEIGHT="22" CONTENT="то" WC="0.67" CC="06"/>
						<SP ID="P178_SP00034" HPOS="962" VPOS="1477" WIDTH="37"/>
						<String ID="P178_ST00053" HPOS="999" VPOS="1447" WIDTH="77" HEIGHT="30" CONTENT="было" WC="0.72" CC="5004"/>
						<SP ID="P178_SP00035" HPOS="1076" VPOS="1477" WIDTH="33"/>
						<String ID="P178_ST00054" HPOS="1109" VPOS="1455" WIDTH="46" HEIGHT="23" CONTENT="по" SUBS_TYPE="HypPart1" SUBS_CONTENT="полезно" WC="1.00" CC="000"/>
						<HYP CONTENT="-"/>
					</TextLine>
					<TextLine ID="P178_TL00019" HPOS="758" VPOS="1500" WIDTH="398" HEIGHT="27">
						<String ID="P178_ST00055" HPOS="758" VPOS="1500" WIDTH="87" HEIGHT="22" CONTENT="лезно" SUBS_TYPE="HypPart2" SUBS_CONTENT="полезно" WC="0.74" CC="00066"/>
						<SP ID="P178_SP00036" HPOS="845" VPOS="1522" WIDTH="17"/>
						<String ID="P178_ST00056" HPOS="862" VPOS="1500" WIDTH="54" HEIGHT="27" CONTENT="для" WC="0.68" CC="062"/>
						<SP ID="P178_SP00037" HPOS="916" VPOS="1527" WIDTH="23"/>
						<String ID="P178_ST00057" HPOS="939" VPOS="1500" WIDTH="82" HEIGHT="22" CONTENT="нпхъ" WC="0.70" CC="6500"/>
						<SP ID="P178_SP00038" HPOS="1021" VPOS="1527" WIDTH="17"/>
						<String ID="P178_ST00058" HPOS="1038" VPOS="1500" WIDTH="118" HEIGHT="22" CONTENT="самихъ" WC="0.65" CC="404604"/>
					</TextLine>
					<TextLine ID="P178_TL00020" HPOS="759" VPOS="1536" WIDTH="397" HEIGHT="34">
						<String ID="P178_ST00059" HPOS="759" VPOS="1544" WIDTH="18" HEIGHT="22" CONTENT="и" WC="0.65" CC="3"/>
						<SP ID="P178_SP00039" HPOS="777" VPOS="1566" WIDTH="24"/>
						<String ID="P178_ST00060" HPOS="801" VPOS="1537" WIDTH="183" HEIGHT="33" CONTENT="необходимо" WC="0.51" CC="5265930635"/>
						<SP ID="P178_SP00040" HPOS="984" VPOS="1570" WIDTH="18"/>
						<String ID="P178_ST00061" HPOS="1002" VPOS="1544" WIDTH="53" HEIGHT="26" CONTENT="для" WC="0.77" CC="060"/>
						<SP ID="P178_SP00041" HPOS="1055" VPOS="1570" WIDTH="17"/>
						<String ID="P178_ST00062" HPOS="1072" VPOS="1536" WIDTH="84" HEIGHT="30" CONTENT="блага" WC="0.82" CC="00017"/>
					</TextLine>
				</TextBlock>
				<TextBlock ID="P178_TB00004" HPOS="78" VPOS="1582" WIDTH="1080" HEIGHT="353" STYLEREFS="TXT_0 PAR_LEFT">
					<TextLine ID="P178_TL00021" HPOS="80" VPOS="1583" WIDTH="1076" HEIGHT="41">
						<String ID="P178_ST00063" HPOS="80" VPOS="1592" WIDTH="204" HEIGHT="32" CONTENT="государства." WC="0.78" CC="071000009700"/>
						<SP ID="P178_SP00042" HPOS="284" VPOS="1624" WIDTH="29"/>
						<String ID="P178_ST00064" HPOS="313" VPOS="1583" WIDTH="60" HEIGHT="30" CONTENT="Они" WC="0.36" CC="674"/>
						<SP ID="P178_SP00043" HPOS="373" VPOS="1624" WIDTH="25"/>
						<String ID="P178_ST00065" HPOS="398" VPOS="1591" WIDTH="118" HEIGHT="22" CONTENT="желали" WC="0.67" CC="009406"/>
						<SP ID="P178_SP00044" HPOS="516" VPOS="1624" WIDTH="37"/>
						<String ID="P178_ST00066" HPOS="553" VPOS="1591" WIDTH="80" HEIGHT="21" CONTENT="жить" WC="0.93" CC="0200"/>
						<SP ID="P178_SP00045" HPOS="633" VPOS="1624" WIDTH="24"/>
						<String ID="P178_ST00067" HPOS="657" VPOS="1590" WIDTH="36" HEIGHT="22" CONTENT="по" WC="0.58" CC="26"/>
						<SP ID="P178_SP00046" HPOS="693" VPOS="1624" WIDTH="25"/>
						<String ID="P178_ST00068" HPOS="718" VPOS="1583" WIDTH="146" HEIGHT="38" CONTENT="старине," WC="0.64" CC="20907503"/>
						<SP ID="P178_SP00047" HPOS="864" VPOS="1624" WIDTH="38"/>
						<String ID="P178_ST00069" HPOS="902" VPOS="1590" WIDTH="35" HEIGHT="22" CONTENT="по" WC="0.64" CC="15"/>
						<SP ID="P178_SP00048" HPOS="937" VPOS="1624" WIDTH="26"/>
						<String ID="P178_ST00070" HPOS="963" VPOS="1584" WIDTH="153" HEIGHT="28" CONTENT="заветамъ" WC="0.87" CC="00000090"/>
						<SP ID="P178_SP00049" HPOS="1116" VPOS="1624" WIDTH="24"/>
						<String ID="P178_ST00071" HPOS="1140" VPOS="1590" WIDTH="16" HEIGHT="21" CONTENT="и" WC="0.24" CC="7"/>
					</TextLine>
					<TextLine ID="P178_TL00022" HPOS="79" VPOS="1626" WIDTH="1079" HEIGHT="42">
						<String ID="P178_ST00072" HPOS="79" VPOS="1630" WIDTH="150" HEIGHT="38" CONTENT="обрядамъ" WC="0.60" CC="90038009"/>
						<SP ID="P178_SP00050" HPOS="229" VPOS="1668" WIDTH="24"/>
						<String ID="P178_ST00073" HPOS="253" VPOS="1627" WIDTH="234" HEIGHT="40" CONTENT="до-Петровской" WC="0.79" CC="4006000600044"/>
						<SP ID="P178_SP00051" HPOS="487" VPOS="1668" WIDTH="29"/>
						<String ID="P178_ST00074" HPOS="516" VPOS="1626" WIDTH="92" HEIGHT="41" CONTENT="Руси," WC="0.49" CC="70764"/>
						<SP ID="P178_SP00052" HPOS="608" VPOS="1668" WIDTH="26"/>
						<String ID="P178_ST00075" HPOS="634" VPOS="1635" WIDTH="52" HEIGHT="21" CONTENT="что" WC="0.86" CC="004"/>
						<SP ID="P178_SP00053" HPOS="686" VPOS="1668" WIDTH="25"/>
						<String ID="P178_ST00076" HPOS="711" VPOS="1626" WIDTH="77" HEIGHT="30" CONTENT="было" WC="0.53" CC="6065"/>
						<SP ID="P178_SP00054" HPOS="788" VPOS="1668" WIDTH="37"/>
						<String ID="P178_ST00077" HPOS="825" VPOS="1626" WIDTH="129" HEIGHT="36" CONTENT="общимъ" WC="0.82" CC="600210"/>
						<SP ID="P178_SP00055" HPOS="954" VPOS="1668" WIDTH="36"/>
						<String ID="P178_ST00078" HPOS="990" VPOS="1634" WIDTH="168" HEIGHT="23" CONTENT="желатемъ" WC="0.70" CC="90700150"/>
					</TextLine>
					<TextLine ID="P178_TL00023" HPOS="81" VPOS="1671" WIDTH="1076" HEIGHT="40">
						<String ID="P178_ST00079" HPOS="81" VPOS="1674" WIDTH="98" HEIGHT="36" CONTENT="людей" WC="0.62" CC="80037"/>
						<SP ID="P178_SP00056" HPOS="179" VPOS="1710" WIDTH="30"/>
						<String ID="P178_ST00080" HPOS="209" VPOS="1686" WIDTH="10" HEIGHT="14" CONTENT="«" WC="0.73" CC="2"/>
						<String ID="P178_ST00081" HPOS="229" VPOS="1672" WIDTH="106" HEIGHT="39" CONTENT="старой" WC="0.73" CC="000960"/>
						<SP ID="P178_SP00057" HPOS="335" VPOS="1711" WIDTH="26"/>
						<String ID="P178_ST00082" HPOS="361" VPOS="1674" WIDTH="83" HEIGHT="37" CONTENT="веры" WC="0.71" CC="3007"/>
						<String ID="P178_ST00083" HPOS="453" VPOS="1685" WIDTH="9" HEIGHT="14" CONTENT="»" WC="0.34" CC="6"/>
						<String ID="P178_ST00084" HPOS="475" VPOS="1698" WIDTH="4" HEIGHT="4" CONTENT="." WC="0.78" CC="2"/>
						<SP ID="P178_SP00058" HPOS="479" VPOS="1711" WIDTH="48"/>
						<String ID="P178_ST00085" HPOS="527" VPOS="1671" WIDTH="22" HEIGHT="31" CONTENT="А" WC="1.00" CC="0"/>
						<SP ID="P178_SP00059" HPOS="549" VPOS="1711" WIDTH="38"/>
						<String ID="P178_ST00086" HPOS="587" VPOS="1679" WIDTH="86" HEIGHT="31" CONTENT="среди" WC="0.61" CC="49005"/>
						<SP ID="P178_SP00060" HPOS="673" VPOS="1711" WIDTH="35"/>
						<String ID="P178_ST00087" HPOS="708" VPOS="1678" WIDTH="142" HEIGHT="29" CONTENT="яицкихъ" WC="0.76" CC="5506000"/>
						<SP ID="P178_SP00061" HPOS="850" VPOS="1711" WIDTH="29"/>
						<String ID="P178_ST00088" HPOS="879" VPOS="1679" WIDTH="147" HEIGHT="23" CONTENT="казаковъ" WC="0.59" CC="90209540"/>
						<SP ID="P178_SP00062" HPOS="1026" VPOS="1711" WIDTH="25"/>
						<String ID="P178_ST00089" HPOS="1051" VPOS="1680" WIDTH="106" HEIGHT="31" CONTENT="старая" WC="0.68" CC="390006"/>
					</TextLine>
					<TextLine ID="P178_TL00024" HPOS="81" VPOS="1715" WIDTH="1075" HEIGHT="42">
						<String ID="P178_ST00090" HPOS="81" VPOS="1721" WIDTH="82" HEIGHT="36" CONTENT="вера," WC="0.78" CC="70003"/>
						<SP ID="P178_SP00063" HPOS="163" VPOS="1757" WIDTH="27"/>
						<String ID="P178_ST00091" HPOS="190" VPOS="1717" WIDTH="271" HEIGHT="37" CONTENT="до-Никоновская," WC="0.73" CC="000370671300064"/>
						<SP ID="P178_SP00064" HPOS="461" VPOS="1757" WIDTH="27"/>
						<String ID="P178_ST00092" HPOS="488" VPOS="1717" WIDTH="80" HEIGHT="30" CONTENT="была" WC="0.60" CC="3461"/>
						<SP ID="P178_SP00065" HPOS="568" VPOS="1757" WIDTH="25"/>
						<String ID="P178_ST00093" HPOS="593" VPOS="1724" WIDTH="37" HEIGHT="21" CONTENT="въ" WC="1.00" CC="00"/>
						<SP ID="P178_SP00066" HPOS="630" VPOS="1757" WIDTH="24"/>
						<String ID="P178_ST00094" HPOS="654" VPOS="1716" WIDTH="159" HEIGHT="29" CONTENT="болыпомъ" WC="0.66" CC="40682320"/>
						<SP ID="P178_SP00067" HPOS="813" VPOS="1757" WIDTH="32"/>
						<String ID="P178_ST00095" HPOS="845" VPOS="1718" WIDTH="123" HEIGHT="28" CONTENT="почете." WC="0.68" CC="4506600"/>
						<SP ID="P178_SP00068" HPOS="968" VPOS="1757" WIDTH="28"/>
						<String ID="P178_ST00096" HPOS="996" VPOS="1715" WIDTH="45" HEIGHT="32" CONTENT="На" WC="0.65" CC="60"/>
						<SP ID="P178_SP00069" HPOS="1041" VPOS="1757" WIDTH="25"/>
						<String ID="P178_ST00097" HPOS="1066" VPOS="1716" WIDTH="90" HEIGHT="40" CONTENT="Дону," WC="0.58" CC="05590"/>
					</TextLine>
					<TextLine ID="P178_TL00025" HPOS="82" VPOS="1760" WIDTH="1072" HEIGHT="41">
						<String ID="P178_ST00098" HPOS="82" VPOS="1762" WIDTH="83" HEIGHT="31" CONTENT="Яике" WC="0.69" CC="8300"/>
						<SP ID="P178_SP00070" HPOS="165" VPOS="1793" WIDTH="26"/>
						<String ID="P178_ST00099" HPOS="191" VPOS="1772" WIDTH="18" HEIGHT="21" CONTENT="и" WC="0.50" CC="4"/>
						<SP ID="P178_SP00071" HPOS="209" VPOS="1793" WIDTH="25"/>
						<String ID="P178_ST00100" HPOS="234" VPOS="1770" WIDTH="131" HEIGHT="23" CONTENT="южномъ" WC="0.78" CC="003620"/>
						<SP ID="P178_SP00072" HPOS="365" VPOS="1793" WIDTH="24"/>
						<String ID="P178_ST00101" HPOS="389" VPOS="1760" WIDTH="162" HEIGHT="31" CONTENT="Поволжье" WC="0.79" CC="05050060"/>
						<SP ID="P178_SP00073" HPOS="551" VPOS="1793" WIDTH="25"/>
						<String ID="P178_ST00102" HPOS="576" VPOS="1768" WIDTH="149" HEIGHT="26" CONTENT="находили" WC="0.77" CC="70050500"/>
						<SP ID="P178_SP00074" HPOS="725" VPOS="1794" WIDTH="17"/>
						<String ID="P178_ST00103" HPOS="742" VPOS="1762" WIDTH="111" HEIGHT="36" CONTENT="верное" WC="0.65" CC="600660"/>
						<SP ID="P178_SP00075" HPOS="853" VPOS="1798" WIDTH="22"/>
						<String ID="P178_ST00104" HPOS="875" VPOS="1761" WIDTH="155" HEIGHT="39" CONTENT="убежище" WC="0.75" CC="0209500"/>
						<SP ID="P178_SP00076" HPOS="1030" VPOS="1800" WIDTH="21"/>
						<String ID="P178_ST00105" HPOS="1051" VPOS="1771" WIDTH="103" HEIGHT="30" CONTENT="ревни" SUBS_TYPE="HypPart1" SUBS_CONTENT="ревнители" WC="0.70" CC="001662"/>
						<HYP CONTENT="-"/>
					</TextLine>
					<TextLine ID="P178_TL00026" HPOS="80" VPOS="1805" WIDTH="1078" HEIGHT="41">
						<String ID="P178_ST00106" HPOS="80" VPOS="1816" WIDTH="72" HEIGHT="22" CONTENT="тели" SUBS_TYPE="HypPart2" SUBS_CONTENT="ревнители" WC="0.59" CC="9006"/>
						<SP ID="P178_SP00077" HPOS="152" VPOS="1838" WIDTH="25"/>
						<String ID="P178_ST00107" HPOS="177" VPOS="1815" WIDTH="149" HEIGHT="31" CONTENT="старины," WC="0.66" CC="50005663"/>
						<SP ID="P178_SP00078" HPOS="326" VPOS="1846" WIDTH="26"/>
						<String ID="P178_ST00108" HPOS="352" VPOS="1815" WIDTH="159" HEIGHT="29" CONTENT="которымъ" WC="0.74" CC="30050640"/>
						<SP ID="P178_SP00079" HPOS="511" VPOS="1846" WIDTH="24"/>
						<String ID="P178_ST00109" HPOS="535" VPOS="1813" WIDTH="120" HEIGHT="32" CONTENT="грозила" WC="0.75" CC="3020550"/>
						<SP ID="P178_SP00080" HPOS="655" VPOS="1846" WIDTH="24"/>
						<String ID="P178_ST00110" HPOS="679" VPOS="1812" WIDTH="163" HEIGHT="23" CONTENT="опасность" WC="0.71" CC="520072303"/>
						<SP ID="P178_SP00081" HPOS="842" VPOS="1846" WIDTH="25"/>
						<String ID="P178_ST00111" HPOS="867" VPOS="1814" WIDTH="39" HEIGHT="22" CONTENT="въ" WC="0.74" CC="50"/>
						<SP ID="P178_SP00082" HPOS="906" VPOS="1846" WIDTH="24"/>
						<String ID="P178_ST00112" HPOS="930" VPOS="1805" WIDTH="131" HEIGHT="32" CONTENT="Москве." WC="0.81" CC="6110101"/>
						<SP ID="P178_SP00083" HPOS="1061" VPOS="1846" WIDTH="32"/>
						<String ID="P178_ST00113" HPOS="1093" VPOS="1805" WIDTH="65" HEIGHT="33" CONTENT="Ихъ" WC="0.76" CC="700"/>
					</TextLine>
					<TextLine ID="P178_TL00027" HPOS="80" VPOS="1849" WIDTH="1077" HEIGHT="43">
						<String ID="P178_ST00114" HPOS="80" VPOS="1860" WIDTH="160" HEIGHT="32" CONTENT="укрывали" WC="0.80" CC="00043007"/>
						<SP ID="P178_SP00084" HPOS="240" VPOS="1892" WIDTH="25"/>
						<String ID="P178_ST00115" HPOS="265" VPOS="1860" WIDTH="37" HEIGHT="22" CONTENT="въ" WC="0.95" CC="10"/>
						<SP ID="P178_SP00085" HPOS="302" VPOS="1892" WIDTH="26"/>
						<String ID="P178_ST00116" HPOS="328" VPOS="1859" WIDTH="132" HEIGHT="22" CONTENT="скитахъ" WC="0.89" CC="2050000"/>
						<SP ID="P178_SP00086" HPOS="460" VPOS="1892" WIDTH="23"/>
						<String ID="P178_ST00117" HPOS="483" VPOS="1859" WIDTH="18" HEIGHT="21" CONTENT="и" WC="0.75" CC="2"/>
						<SP ID="P178_SP00087" HPOS="501" VPOS="1892" WIDTH="25"/>
						<String ID="P178_ST00118" HPOS="526" VPOS="1858" WIDTH="216" HEIGHT="30" CONTENT="монастыряхъ" WC="0.89" CC="04510000000"/>
						<SP ID="P178_SP00088" HPOS="742" VPOS="1892" WIDTH="25"/>
						<String ID="P178_ST00119" HPOS="767" VPOS="1849" WIDTH="202" HEIGHT="41" CONTENT="Иргизскихъ," WC="0.73" CC="20542056002"/>
						<SP ID="P178_SP00089" HPOS="969" VPOS="1892" WIDTH="33"/>
						<String ID="P178_ST00120" HPOS="1002" VPOS="1850" WIDTH="155" HEIGHT="32" CONTENT="Камышъ-" WC="0.86" CC="0026000"/>
					</TextLine>
					<TextLine ID="P178_TL00028" HPOS="80" VPOS="1894" WIDTH="1078" HEIGHT="41">
						<String ID="P178_ST00121" HPOS="80" VPOS="1897" WIDTH="210" HEIGHT="38" CONTENT="Самарскихъ," WC="0.77" CC="70000093004"/>
						<SP ID="P178_SP00090" HPOS="290" VPOS="1935" WIDTH="27"/>
						<String ID="P178_ST00122" HPOS="317" VPOS="1894" WIDTH="183" HEIGHT="38" CONTENT="Узенскихъ," WC="0.75" CC="0606204004"/>
						<SP ID="P178_SP00091" HPOS="500" VPOS="1935" WIDTH="27"/>
						<String ID="P178_ST00123" HPOS="527" VPOS="1903" WIDTH="37" HEIGHT="22" CONTENT="на" WC="0.79" CC="40"/>
						<SP ID="P178_SP00092" HPOS="564" VPOS="1935" WIDTH="17"/>
						<String ID="P178_ST00124" HPOS="581" VPOS="1895" WIDTH="224" HEIGHT="38" CONTENT="прибрежныхъ" WC="0.80" CC="00570006100"/>
						<SP ID="P178_SP00093" HPOS="805" VPOS="1935" WIDTH="26"/>
						<String ID="P178_ST00125" HPOS="831" VPOS="1903" WIDTH="169" HEIGHT="31" CONTENT="островахъ" WC="0.83" CC="600061000"/>
						<SP ID="P178_SP00094" HPOS="1000" VPOS="1935" WIDTH="25"/>
						<String ID="P178_ST00126" HPOS="1025" VPOS="1905" WIDTH="86" HEIGHT="30" CONTENT="моря," WC="0.57" CC="14914"/>
						<String ID="P178_ST00127" HPOS="1116" VPOS="1915" WIDTH="42" HEIGHT="4" CONTENT="—" WC="0.20" CC="8"/>
					</TextLine>
				</TextBlock>
				<ComposedBlock ID="P178_CB00001" HPOS="102" VPOS="618" WIDTH="615" HEIGHT="932" STYLEREFS="TXT_1 PAR_LEFT" TYPE="Illustration">
					<GraphicalElement ID="P178_CB00001_SUB" HPOS="102" VPOS="618" WIDTH="615" HEIGHT="932"/>
				</ComposedBlock>
			</PrintSpace>
		</Page>
	</Layout>
</alto>
