<?xml version="1.0" encoding="UTF-8"?>
<alto xmlns:xsi="http://www.w3.org/2001/XMLSchema-instance" xsi:noNamespaceSchemaLocation="http://www.bl.uk/schemas/alto/alto-1-4.xsd" xmlns:xlink="http://www.w3.org/1999/xlink">
	<Description>
		<MeasurementUnit>mm10</MeasurementUnit>
		<sourceImageInformation>
			<fileName>//head1/IN/2008-36/A0011936310/008158.jp2</fileName>
		</sourceImageInformation>
		<OCRProcessing ID="OCRPROCESSING_1">
			<preProcessingStep>
				<processingSoftware>
					<softwareCreator>CCS Content Conversion Specialists GmbH, Germany</softwareCreator>
					<softwareName>CCS docWORKS</softwareName>
					<softwareVersion>6.1-0.67</softwareVersion>
				</processingSoftware>
			</preProcessingStep>
			<ocrProcessingStep>
				<processingSoftware>
					<softwareCreator>ABBYY (BIT Software), Russia</softwareCreator>
					<softwareName>Finereader</softwareName>
				</processingSoftware>
			</ocrProcessingStep>
		</OCRProcessing>
	</Description>
	<Styles>
		<TextStyle ID="TXT_0" FONTSIZE="10" FONTFAMILY="Courier New"/>
		<ParagraphStyle ID="PAR_RIGHT" ALIGN="Right"/>
		<ParagraphStyle ID="PAR_LEFT" ALIGN="Left"/>
	</Styles>
	<Layout>
		<Page ID="P140" PHYSICAL_IMG_NR="140" HEIGHT="2028" WIDTH="1261" PRINTED_IMG_NR="128" POSITION="Left" ACCURACY="65.52">
			<TopMargin ID="P140_TM00001" HPOS="0" VPOS="0" WIDTH="1260" HEIGHT="53">
				<TextBlock ID="P140_TB00001" HPOS="595" VPOS="27" WIDTH="167" HEIGHT="24" STYLEREFS="TXT_0 PAR_RIGHT">
					<TextLine ID="P140_TL00001" HPOS="703" VPOS="32" WIDTH="59" HEIGHT="19">
						<String ID="P140_ST00001" HPOS="703" VPOS="32" WIDTH="59" HEIGHT="19" CONTENT="128" WC="1.00" CC="000"/>
					</TextLine>
				</TextBlock>
			</TopMargin>
			<LeftMargin ID="P140_LM00001" HPOS="0" VPOS="53" WIDTH="134" HEIGHT="1878"/>
			<RightMargin ID="P140_RM00001" HPOS="1212" VPOS="53" WIDTH="48" HEIGHT="1878"/>
			<BottomMargin ID="P140_BM00001" HPOS="0" VPOS="1931" WIDTH="1260" HEIGHT="96"/>
			<PrintSpace ID="P140_PS00001" HPOS="134" VPOS="53" WIDTH="1078" HEIGHT="1878">
				<TextBlock ID="P140_TB00002" HPOS="134" VPOS="99" WIDTH="1078" HEIGHT="1832" STYLEREFS="TXT_0 PAR_LEFT">
					<TextLine ID="P140_TL00002" HPOS="139" VPOS="99" WIDTH="1072" HEIGHT="43">
						<String ID="P140_ST00002" HPOS="139" VPOS="110" WIDTH="160" HEIGHT="32" CONTENT="лазареты," WC="0.53" CC="603793074"/>
						<SP ID="P140_SP00001" HPOS="299" VPOS="142" WIDTH="25"/>
						<String ID="P140_ST00003" HPOS="324" VPOS="103" WIDTH="53" HEIGHT="36" CONTENT="где" WC="0.83" CC="500"/>
						<SP ID="P140_SP00002" HPOS="377" VPOS="142" WIDTH="24"/>
						<String ID="P140_ST00004" HPOS="401" VPOS="111" WIDTH="137" HEIGHT="31" CONTENT="умирали" WC="0.75" CC="0050065"/>
						<SP ID="P140_SP00003" HPOS="538" VPOS="142" WIDTH="25"/>
						<String ID="P140_ST00005" HPOS="563" VPOS="109" WIDTH="143" HEIGHT="24" CONTENT="сотнями." WC="0.65" CC="05070364"/>
						<SP ID="P140_SP00004" HPOS="706" VPOS="142" WIDTH="39"/>
						<String ID="P140_ST00006" HPOS="745" VPOS="99" WIDTH="60" HEIGHT="31" CONTENT="Они" WC="0.32" CC="766"/>
						<SP ID="P140_SP00005" HPOS="805" VPOS="142" WIDTH="26"/>
						<String ID="P140_ST00007" HPOS="831" VPOS="100" WIDTH="82" HEIGHT="30" CONTENT="были" WC="0.43" CC="5763"/>
						<SP ID="P140_SP00006" HPOS="913" VPOS="142" WIDTH="24"/>
						<String ID="P140_ST00008" HPOS="937" VPOS="100" WIDTH="89" HEIGHT="35" CONTENT="здесь" WC="0.88" CC="60000"/>
						<SP ID="P140_SP00007" HPOS="1026" VPOS="142" WIDTH="32"/>
						<String ID="P140_ST00009" HPOS="1058" VPOS="104" WIDTH="77" HEIGHT="23" CONTENT="какъ" WC="0.51" CC="8460"/>
						<SP ID="P140_SP00008" HPOS="1135" VPOS="142" WIDTH="24"/>
						<String ID="P140_ST00010" HPOS="1159" VPOS="105" WIDTH="52" HEIGHT="32" CONTENT="чу-" WC="0.87" CC="300"/>
					</TextLine>
					<TextLine ID="P140_TL00003" HPOS="138" VPOS="139" WIDTH="1074" HEIGHT="48">
						<String ID="P140_ST00011" HPOS="138" VPOS="155" WIDTH="60" HEIGHT="30" CONTENT="Ж1е," WC="0.48" CC="8704"/>
						<SP ID="P140_SP00009" HPOS="198" VPOS="185" WIDTH="26"/>
						<String ID="P140_ST00012" HPOS="224" VPOS="155" WIDTH="78" HEIGHT="27" CONTENT="даже" WC="0.47" CC="0892"/>
						<SP ID="P140_SP00010" HPOS="302" VPOS="185" WIDTH="23"/>
						<String ID="P140_ST00013" HPOS="325" VPOS="155" WIDTH="153" HEIGHT="32" CONTENT="получили" WC="0.60" CC="50600585"/>
						<SP ID="P140_SP00011" HPOS="478" VPOS="187" WIDTH="24"/>
						<String ID="P140_ST00014" HPOS="502" VPOS="147" WIDTH="114" HEIGHT="40" CONTENT="особую" WC="0.70" CC="525002"/>
						<SP ID="P140_SP00012" HPOS="616" VPOS="187" WIDTH="23"/>
						<String ID="P140_ST00015" HPOS="639" VPOS="153" WIDTH="127" HEIGHT="32" CONTENT="кличку:" WC="0.52" CC="0756904"/>
						<SP ID="P140_SP00013" HPOS="766" VPOS="187" WIDTH="32"/>
						<String ID="P140_ST00016" HPOS="798" VPOS="143" WIDTH="196" HEIGHT="31" CONTENT="«Камышъ»." WC="0.75" CC="000257051"/>
						<SP ID="P140_SP00014" HPOS="994" VPOS="187" WIDTH="29"/>
						<String ID="P140_ST00017" HPOS="1023" VPOS="140" WIDTH="24" HEIGHT="31" CONTENT="И" WC="0.46" CC="5"/>
						<SP ID="P140_SP00015" HPOS="1047" VPOS="187" WIDTH="23"/>
						<String ID="P140_ST00018" HPOS="1070" VPOS="149" WIDTH="38" HEIGHT="22" CONTENT="на" WC="0.38" CC="65"/>
						<SP ID="P140_SP00016" HPOS="1108" VPOS="187" WIDTH="24"/>
						<String ID="P140_ST00019" HPOS="1132" VPOS="139" WIDTH="80" HEIGHT="43" CONTENT="Дону" WC="0.56" CC="8430"/>
					</TextLine>
					<TextLine ID="P140_TL00004" HPOS="139" VPOS="187" WIDTH="1073" HEIGHT="44">
						<String ID="P140_ST00020" HPOS="139" VPOS="199" WIDTH="118" HEIGHT="32" CONTENT="прошла" WC="0.79" CC="500060"/>
						<SP ID="P140_SP00017" HPOS="257" VPOS="231" WIDTH="23"/>
						<String ID="P140_ST00021" HPOS="280" VPOS="192" WIDTH="140" HEIGHT="39" CONTENT="недобрая" WC="0.69" CC="60069002"/>
						<SP ID="P140_SP00018" HPOS="420" VPOS="231" WIDTH="25"/>
						<String ID="P140_ST00022" HPOS="445" VPOS="199" WIDTH="89" HEIGHT="23" CONTENT="слава" WC="0.68" CC="06009"/>
						<SP ID="P140_SP00019" HPOS="534" VPOS="231" WIDTH="31"/>
						<String ID="P140_ST00023" HPOS="565" VPOS="199" WIDTH="54" HEIGHT="32" CONTENT="про" WC="0.61" CC="605"/>
						<SP ID="P140_SP00020" HPOS="619" VPOS="231" WIDTH="29"/>
						<String ID="P140_ST00024" HPOS="648" VPOS="188" WIDTH="128" HEIGHT="41" CONTENT="«Лишю," WC="0.59" CC="006845"/>
						<SP ID="P140_SP00021" HPOS="776" VPOS="231" WIDTH="35"/>
						<String ID="P140_ST00025" HPOS="811" VPOS="187" WIDTH="186" HEIGHT="40" CONTENT="Линеюшку," WC="0.77" CC="056040004"/>
						<SP ID="P140_SP00022" HPOS="997" VPOS="231" WIDTH="26"/>
						<String ID="P140_ST00026" HPOS="1023" VPOS="194" WIDTH="189" HEIGHT="33" CONTENT="кавказскую" WC="0.69" CC="0008002909"/>
					</TextLine>
					<TextLine ID="P140_TL00005" HPOS="138" VPOS="235" WIDTH="1073" HEIGHT="41">
						<String ID="P140_ST00027" HPOS="138" VPOS="244" WIDTH="229" HEIGHT="32" CONTENT="сторонушку»:" WC="0.63" CC="605067910060"/>
						<SP ID="P140_SP00023" HPOS="367" VPOS="276" WIDTH="38"/>
						<String ID="P140_ST00028" HPOS="405" VPOS="244" WIDTH="31" HEIGHT="23" CONTENT="ее" WC="1.00" CC="00"/>
						<SP ID="P140_SP00024" HPOS="436" VPOS="276" WIDTH="25"/>
						<String ID="P140_ST00029" HPOS="461" VPOS="243" WIDTH="190" HEIGHT="33" CONTENT="проклинали" WC="0.62" CC="0008056097"/>
						<SP ID="P140_SP00025" HPOS="651" VPOS="276" WIDTH="37"/>
						<String ID="P140_ST00030" HPOS="688" VPOS="243" WIDTH="39" HEIGHT="22" CONTENT="въ" WC="1.00" CC="00"/>
						<SP ID="P140_SP00026" HPOS="727" VPOS="276" WIDTH="33"/>
						<String ID="P140_ST00031" HPOS="760" VPOS="235" WIDTH="150" HEIGHT="38" CONTENT="песняхъ," WC="0.71" CC="40364002"/>
						<SP ID="P140_SP00027" HPOS="910" VPOS="276" WIDTH="38"/>
						<String ID="P140_ST00032" HPOS="948" VPOS="240" WIDTH="77" HEIGHT="23" CONTENT="какъ" WC="0.55" CC="9070"/>
						<SP ID="P140_SP00028" HPOS="1025" VPOS="276" WIDTH="38"/>
						<String ID="P140_ST00033" HPOS="1063" VPOS="240" WIDTH="148" HEIGHT="32" CONTENT="«горькую" WC="0.72" CC="44300900"/>
					</TextLine>
					<TextLine ID="P140_TL00006" HPOS="138" VPOS="279" WIDTH="1074" HEIGHT="41">
						<String ID="P140_ST00034" HPOS="138" VPOS="289" WIDTH="216" HEIGHT="31" CONTENT="недолюшку»." WC="0.51" CC="50099560960"/>
						<SP ID="P140_SP00029" HPOS="354" VPOS="320" WIDTH="26"/>
						<String ID="P140_ST00035" HPOS="380" VPOS="279" WIDTH="158" HEIGHT="41" CONTENT="Зачастую" WC="0.65" CC="70070092"/>
						<SP ID="P140_SP00030" HPOS="538" VPOS="320" WIDTH="24"/>
						<String ID="P140_ST00036" HPOS="562" VPOS="288" WIDTH="148" HEIGHT="23" CONTENT="являлись" WC="0.58" CC="31926620"/>
						<SP ID="P140_SP00031" HPOS="710" VPOS="320" WIDTH="24"/>
						<String ID="P140_ST00037" HPOS="734" VPOS="287" WIDTH="77" HEIGHT="26" CONTENT="сюда" WC="0.96" CC="0100"/>
						<SP ID="P140_SP00032" HPOS="811" VPOS="320" WIDTH="24"/>
						<String ID="P140_ST00038" HPOS="835" VPOS="280" WIDTH="174" HEIGHT="29" CONTENT="малолетки" WC="0.65" CC="190050086"/>
						<SP ID="P140_SP00033" HPOS="1009" VPOS="320" WIDTH="18"/>
						<String ID="P140_ST00039" HPOS="1027" VPOS="285" WIDTH="37" HEIGHT="23" CONTENT="на" WC="0.68" CC="60"/>
						<SP ID="P140_SP00034" HPOS="1064" VPOS="320" WIDTH="13"/>
						<String ID="P140_ST00040" HPOS="1077" VPOS="285" WIDTH="135" HEIGHT="24" CONTENT="плохихъ" WC="0.52" CC="5559402"/>
					</TextLine>
					<TextLine ID="P140_TL00007" HPOS="137" VPOS="323" WIDTH="1074" HEIGHT="42">
						<String ID="P140_ST00041" HPOS="137" VPOS="333" WIDTH="227" HEIGHT="32" CONTENT="лошаденкахъ," WC="0.71" CC="732000690004"/>
						<SP ID="P140_SP00035" HPOS="364" VPOS="365" WIDTH="26"/>
						<String ID="P140_ST00042" HPOS="390" VPOS="326" WIDTH="171" HEIGHT="39" CONTENT="неумевпйе" WC="0.74" CC="600002482"/>
						<SP ID="P140_SP00036" HPOS="561" VPOS="365" WIDTH="25"/>
						<String ID="P140_ST00043" HPOS="586" VPOS="326" WIDTH="147" HEIGHT="38" CONTENT="стрелять" WC="0.85" CC="00006400"/>
						<SP ID="P140_SP00037" HPOS="733" VPOS="365" WIDTH="32"/>
						<String ID="P140_ST00044" HPOS="765" VPOS="332" WIDTH="36" HEIGHT="22" CONTENT="по" WC="0.47" CC="54"/>
						<SP ID="P140_SP00038" HPOS="801" VPOS="365" WIDTH="25"/>
						<String ID="P140_ST00045" HPOS="826" VPOS="331" WIDTH="146" HEIGHT="32" CONTENT="горскому" WC="0.86" CC="05010040"/>
						<SP ID="P140_SP00039" HPOS="972" VPOS="365" WIDTH="36"/>
						<String ID="P140_ST00046" HPOS="1008" VPOS="323" WIDTH="135" HEIGHT="39" CONTENT="обычаю," WC="0.54" CC="5790044"/>
						<SP ID="P140_SP00040" HPOS="1143" VPOS="365" WIDTH="31"/>
						<String ID="P140_ST00047" HPOS="1174" VPOS="331" WIDTH="37" HEIGHT="23" CONTENT="на" WC="0.26" CC="68"/>
					</TextLine>
					<TextLine ID="P140_TL00008" HPOS="136" VPOS="376" WIDTH="1075" HEIGHT="33">
						<String ID="P140_ST00048" HPOS="136" VPOS="379" WIDTH="95" HEIGHT="22" CONTENT="всемъ" WC="0.86" CC="00330"/>
						<SP ID="P140_SP00041" HPOS="231" VPOS="401" WIDTH="26"/>
						<String ID="P140_ST00049" HPOS="257" VPOS="379" WIDTH="94" HEIGHT="30" CONTENT="скаку" WC="0.89" CC="50000"/>
						<String ID="P140_ST00050" HPOS="354" VPOS="387" WIDTH="41" HEIGHT="4" CONTENT="—" WC="0.20" CC="8"/>
						<String ID="P140_ST00051" HPOS="398" VPOS="379" WIDTH="19" HEIGHT="21" CONTENT="и" WC="0.33" CC="6"/>
						<SP ID="P140_SP00042" HPOS="417" VPOS="409" WIDTH="23"/>
						<String ID="P140_ST00052" HPOS="440" VPOS="378" WIDTH="165" HEIGHT="22" CONTENT="такимъ-то" WC="0.73" CC="009444000"/>
						<SP ID="P140_SP00043" HPOS="605" VPOS="409" WIDTH="24"/>
						<String ID="P140_ST00053" HPOS="629" VPOS="377" WIDTH="137" HEIGHT="23" CONTENT="воинамъ" WC="0.73" CC="2555000"/>
						<SP ID="P140_SP00044" HPOS="766" VPOS="409" WIDTH="16"/>
						<String ID="P140_ST00054" HPOS="782" VPOS="376" WIDTH="206" HEIGHT="32" CONTENT="приходилось" WC="0.70" CC="00605055440"/>
						<SP ID="P140_SP00045" HPOS="988" VPOS="409" WIDTH="18"/>
						<String ID="P140_ST00055" HPOS="1006" VPOS="376" WIDTH="205" HEIGHT="28" CONTENT="калсдодневно" WC="0.54" CC="907972460160"/>
					</TextLine>
					<TextLine ID="P140_TL00009" HPOS="136" VPOS="413" WIDTH="1075" HEIGHT="41">
						<String ID="P140_ST00056" HPOS="136" VPOS="417" WIDTH="200" HEIGHT="37" CONTENT="встречаться" WC="0.73" CC="31090040413"/>
						<SP ID="P140_SP00046" HPOS="336" VPOS="454" WIDTH="25"/>
						<String ID="P140_ST00057" HPOS="361" VPOS="423" WIDTH="37" HEIGHT="23" CONTENT="съ" WC="0.73" CC="04"/>
						<SP ID="P140_SP00047" HPOS="398" VPOS="454" WIDTH="24"/>
						<String ID="P140_ST00058" HPOS="422" VPOS="414" WIDTH="183" HEIGHT="38" CONTENT="чеченцемъ!" WC="0.67" CC="6000704661"/>
						<SP ID="P140_SP00048" HPOS="605" VPOS="454" WIDTH="28"/>
						<String ID="P140_ST00059" HPOS="633" VPOS="413" WIDTH="163" HEIGHT="37" CONTENT="Последше" WC="0.59" CC="76460070"/>
						<SP ID="P140_SP00049" HPOS="796" VPOS="454" WIDTH="26"/>
						<String ID="P140_ST00060" HPOS="822" VPOS="414" WIDTH="103" HEIGHT="29" CONTENT="имели" WC="0.58" CC="51076"/>
						<SP ID="P140_SP00050" HPOS="925" VPOS="454" WIDTH="25"/>
						<String ID="P140_ST00061" HPOS="950" VPOS="420" WIDTH="33" HEIGHT="23" CONTENT="во" WC="0.76" CC="04"/>
						<SP ID="P140_SP00051" HPOS="983" VPOS="454" WIDTH="25"/>
						<String ID="P140_ST00062" HPOS="1008" VPOS="420" WIDTH="96" HEIGHT="23" CONTENT="всемъ" WC="0.90" CC="10300"/>
						<SP ID="P140_SP00052" HPOS="1104" VPOS="454" WIDTH="25"/>
						<String ID="P140_ST00063" HPOS="1129" VPOS="420" WIDTH="82" HEIGHT="32" CONTENT="пере" SUBS_TYPE="HypPart1" SUBS_CONTENT="перевесь:" WC="0.78" CC="70003"/>
						<HYP CONTENT="-"/>
					</TextLine>
					<TextLine ID="P140_TL00010" HPOS="136" VPOS="459" WIDTH="1076" HEIGHT="40">
						<String ID="P140_ST00064" HPOS="136" VPOS="462" WIDTH="88" HEIGHT="29" CONTENT="весь:" SUBS_TYPE="HypPart2" SUBS_CONTENT="перевесь:" WC="0.85" CC="00070"/>
						<SP ID="P140_SP00053" HPOS="224" VPOS="491" WIDTH="28"/>
						<String ID="P140_ST00065" HPOS="252" VPOS="468" WIDTH="77" HEIGHT="22" CONTENT="сами" WC="0.77" CC="1007"/>
						<SP ID="P140_SP00054" HPOS="329" VPOS="491" WIDTH="27"/>
						<String ID="P140_ST00066" HPOS="356" VPOS="468" WIDTH="54" HEIGHT="21" CONTENT="они" WC="0.53" CC="175"/>
						<SP ID="P140_SP00055" HPOS="410" VPOS="491" WIDTH="24"/>
						<String ID="P140_ST00067" HPOS="434" VPOS="460" WIDTH="91" HEIGHT="30" CONTENT="гибки" WC="0.35" CC="46595"/>
						<SP ID="P140_SP00056" HPOS="525" VPOS="491" WIDTH="25"/>
						<String ID="P140_ST00068" HPOS="550" VPOS="468" WIDTH="17" HEIGHT="21" CONTENT="и" WC="0.44" CC="5"/>
						<SP ID="P140_SP00057" HPOS="567" VPOS="491" WIDTH="25"/>
						<String ID="P140_ST00069" HPOS="592" VPOS="467" WIDTH="173" HEIGHT="32" CONTENT="увертливы" WC="0.68" CC="920006045"/>
						<SP ID="P140_SP00058" HPOS="765" VPOS="499" WIDTH="26"/>
						<String ID="P140_ST00070" HPOS="791" VPOS="466" WIDTH="76" HEIGHT="23" CONTENT="какъ" WC="0.57" CC="5190"/>
						<SP ID="P140_SP00059" HPOS="867" VPOS="499" WIDTH="25"/>
						<String ID="P140_ST00071" HPOS="892" VPOS="459" WIDTH="88" HEIGHT="37" CONTENT="змеи," WC="0.65" CC="60064"/>
						<SP ID="P140_SP00060" HPOS="980" VPOS="499" WIDTH="34"/>
						<String ID="P140_ST00072" HPOS="1014" VPOS="465" WIDTH="114" HEIGHT="22" CONTENT="шашки" WC="0.81" CC="30500"/>
						<SP ID="P140_SP00061" HPOS="1128" VPOS="499" WIDTH="25"/>
						<String ID="P140_ST00073" HPOS="1153" VPOS="466" WIDTH="59" HEIGHT="22" CONTENT="ихъ" WC="0.81" CC="500"/>
					</TextLine>
					<TextLine ID="P140_TL00011" HPOS="136" VPOS="501" WIDTH="1074" HEIGHT="43">
						<String ID="P140_ST00074" HPOS="136" VPOS="512" WIDTH="123" HEIGHT="23" CONTENT="тяжелы" WC="0.44" CC="059079"/>
						<SP ID="P140_SP00062" HPOS="259" VPOS="535" WIDTH="24"/>
						<String ID="P140_ST00075" HPOS="283" VPOS="513" WIDTH="17" HEIGHT="21" CONTENT="и" WC="0.38" CC="6"/>
						<SP ID="P140_SP00063" HPOS="300" VPOS="535" WIDTH="25"/>
						<String ID="P140_ST00076" HPOS="325" VPOS="512" WIDTH="107" HEIGHT="32" CONTENT="остры," WC="0.73" CC="540060"/>
						<SP ID="P140_SP00064" HPOS="432" VPOS="544" WIDTH="27"/>
						<String ID="P140_ST00077" HPOS="459" VPOS="512" WIDTH="100" HEIGHT="32" CONTENT="удары" WC="0.84" CC="03004"/>
						<SP ID="P140_SP00065" HPOS="559" VPOS="544" WIDTH="24"/>
						<String ID="P140_ST00078" HPOS="583" VPOS="506" WIDTH="115" HEIGHT="38" CONTENT="метки," WC="0.74" CC="000913"/>
						<SP ID="P140_SP00066" HPOS="698" VPOS="544" WIDTH="26"/>
						<String ID="P140_ST00079" HPOS="724" VPOS="511" WIDTH="203" HEIGHT="31" CONTENT="неотразимы." WC="0.70" CC="60600244260"/>
						<SP ID="P140_SP00067" HPOS="927" VPOS="544" WIDTH="27"/>
						<String ID="P140_ST00080" HPOS="954" VPOS="501" WIDTH="113" HEIGHT="32" CONTENT="Боевая" WC="0.66" CC="340506"/>
						<SP ID="P140_SP00068" HPOS="1067" VPOS="544" WIDTH="25"/>
						<String ID="P140_ST00081" HPOS="1092" VPOS="503" WIDTH="118" HEIGHT="39" CONTENT="служба" WC="0.72" CC="060900"/>
					</TextLine>
					<TextLine ID="P140_TL00012" HPOS="136" VPOS="547" WIDTH="1073" HEIGHT="40">
						<String ID="P140_ST00082" HPOS="136" VPOS="557" WIDTH="130" HEIGHT="29" CONTENT="донцовъ" WC="0.65" CC="0650650"/>
						<SP ID="P140_SP00069" HPOS="266" VPOS="586" WIDTH="24"/>
						<String ID="P140_ST00083" HPOS="290" VPOS="556" WIDTH="62" HEIGHT="29" CONTENT="еще" WC="1.00" CC="000"/>
						<SP ID="P140_SP00070" HPOS="352" VPOS="586" WIDTH="26"/>
						<String ID="P140_ST00084" HPOS="378" VPOS="557" WIDTH="90" HEIGHT="22" CONTENT="много" WC="0.60" CC="06633"/>
						<SP ID="P140_SP00071" HPOS="468" VPOS="586" WIDTH="25"/>
						<String ID="P140_ST00085" HPOS="493" VPOS="557" WIDTH="146" HEIGHT="30" CONTENT="страдала" WC="0.49" CC="69900066"/>
						<SP ID="P140_SP00072" HPOS="639" VPOS="587" WIDTH="24"/>
						<String ID="P140_ST00086" HPOS="663" VPOS="557" WIDTH="112" HEIGHT="29" CONTENT="оттого," WC="0.67" CC="4701054"/>
						<SP ID="P140_SP00073" HPOS="775" VPOS="587" WIDTH="27"/>
						<String ID="P140_ST00087" HPOS="802" VPOS="557" WIDTH="52" HEIGHT="21" CONTENT="что" WC="0.66" CC="603"/>
						<SP ID="P140_SP00074" HPOS="854" VPOS="587" WIDTH="33"/>
						<String ID="P140_ST00088" HPOS="887" VPOS="555" WIDTH="94" HEIGHT="23" CONTENT="полки" WC="0.49" CC="50656"/>
						<SP ID="P140_SP00075" HPOS="981" VPOS="587" WIDTH="25"/>
						<String ID="P140_ST00089" HPOS="1006" VPOS="547" WIDTH="203" HEIGHT="37" CONTENT="действовали" WC="0.60" CC="70200463575"/>
					</TextLine>
					<TextLine ID="P140_TL00013" HPOS="136" VPOS="582" WIDTH="1074" HEIGHT="51">
						<String ID="P140_ST00090" HPOS="136" VPOS="602" WIDTH="34" HEIGHT="22" CONTENT="не" WC="0.77" CC="40"/>
						<SP ID="P140_SP00076" HPOS="170" VPOS="624" WIDTH="24"/>
						<String ID="P140_ST00091" HPOS="194" VPOS="602" WIDTH="37" HEIGHT="21" CONTENT="въ" WC="0.78" CC="40"/>
						<SP ID="P140_SP00077" HPOS="231" VPOS="624" WIDTH="24"/>
						<String ID="P140_ST00092" HPOS="255" VPOS="601" WIDTH="135" HEIGHT="23" CONTENT="полномъ" WC="0.70" CC="2166030"/>
						<SP ID="P140_SP00078" HPOS="390" VPOS="624" WIDTH="26"/>
						<String ID="P140_ST00093" HPOS="416" VPOS="582" WIDTH="135" HEIGHT="51" CONTENT="составе," WC="0.74" CC="06100480"/>
						<SP ID="P140_SP00079" HPOS="551" VPOS="633" WIDTH="27"/>
						<String ID="P140_ST00094" HPOS="578" VPOS="602" WIDTH="17" HEIGHT="22" CONTENT="а" WC="1.00" CC="0"/>
						<SP ID="P140_SP00080" HPOS="595" VPOS="633" WIDTH="24"/>
						<String ID="P140_ST00095" HPOS="619" VPOS="602" WIDTH="127" HEIGHT="22" CONTENT="малыми" WC="0.71" CC="006154"/>
						<SP ID="P140_SP00081" HPOS="746" VPOS="633" WIDTH="25"/>
						<String ID="P140_ST00096" HPOS="771" VPOS="601" WIDTH="147" HEIGHT="32" CONTENT="частями," WC="0.69" CC="60006244"/>
						<SP ID="P140_SP00082" HPOS="918" VPOS="633" WIDTH="25"/>
						<String ID="P140_ST00097" HPOS="943" VPOS="594" WIDTH="217" HEIGHT="37" CONTENT="разсеянными" WC="0.60" CC="07040067637"/>
						<SP ID="P140_SP00083" HPOS="1160" VPOS="633" WIDTH="15"/>
						<String ID="P140_ST00098" HPOS="1175" VPOS="601" WIDTH="35" HEIGHT="22" CONTENT="по" WC="0.41" CC="56"/>
					</TextLine>
					<TextLine ID="P140_TL00014" HPOS="136" VPOS="636" WIDTH="1072" HEIGHT="43">
						<String ID="P140_ST00099" HPOS="136" VPOS="638" WIDTH="70" HEIGHT="30" CONTENT="всей" WC="0.80" CC="0061"/>
						<SP ID="P140_SP00084" HPOS="206" VPOS="668" WIDTH="24"/>
						<String ID="P140_ST00100" HPOS="230" VPOS="636" WIDTH="104" HEIGHT="42" CONTENT="Лиши," WC="0.55" CC="06734"/>
						<SP ID="P140_SP00085" HPOS="334" VPOS="678" WIDTH="25"/>
						<String ID="P140_ST00101" HPOS="359" VPOS="646" WIDTH="33" HEIGHT="22" CONTENT="то" WC="0.65" CC="07"/>
						<SP ID="P140_SP00086" HPOS="392" VPOS="678" WIDTH="25"/>
						<String ID="P140_ST00102" HPOS="417" VPOS="646" WIDTH="56" HEIGHT="30" CONTENT="при" WC="0.61" CC="605"/>
						<SP ID="P140_SP00087" HPOS="473" VPOS="678" WIDTH="25"/>
						<String ID="P140_ST00103" HPOS="498" VPOS="646" WIDTH="162" HEIGHT="33" CONTENT="отрядахъ," WC="0.81" CC="600400033"/>
						<SP ID="P140_SP00088" HPOS="660" VPOS="679" WIDTH="33"/>
						<String ID="P140_ST00104" HPOS="693" VPOS="646" WIDTH="34" HEIGHT="22" CONTENT="то" WC="0.44" CC="46"/>
						<SP ID="P140_SP00089" HPOS="727" VPOS="679" WIDTH="32"/>
						<String ID="P140_ST00105" HPOS="759" VPOS="646" WIDTH="39" HEIGHT="22" CONTENT="въ" WC="1.00" CC="00"/>
						<SP ID="P140_SP00090" HPOS="798" VPOS="679" WIDTH="24"/>
						<String ID="P140_ST00106" HPOS="822" VPOS="646" WIDTH="154" HEIGHT="28" CONTENT="дальнихъ" WC="0.63" CC="09607600"/>
						<SP ID="P140_SP00091" HPOS="976" VPOS="679" WIDTH="35"/>
						<String ID="P140_ST00107" HPOS="1011" VPOS="646" WIDTH="197" HEIGHT="31" CONTENT="командиров" SUBS_TYPE="HypPart1" SUBS_CONTENT="командировкахъ" WC="0.58" CC="06184660244"/>
						<HYP CONTENT="-"/>
					</TextLine>
					<TextLine ID="P140_TL00015" HPOS="136" VPOS="681" WIDTH="1073" HEIGHT="42">
						<String ID="P140_ST00108" HPOS="136" VPOS="690" WIDTH="79" HEIGHT="23" CONTENT="кахъ" SUBS_TYPE="HypPart2" SUBS_CONTENT="командировкахъ" WC="0.78" CC="8000"/>
						<SP ID="P140_SP00092" HPOS="215" VPOS="713" WIDTH="26"/>
						<String ID="P140_ST00109" HPOS="241" VPOS="690" WIDTH="58" HEIGHT="22" CONTENT="или" WC="0.39" CC="476"/>
						<SP ID="P140_SP00093" HPOS="299" VPOS="713" WIDTH="24"/>
						<String ID="P140_ST00110" HPOS="323" VPOS="690" WIDTH="106" HEIGHT="30" CONTENT="просто" WC="0.70" CC="500506"/>
						<SP ID="P140_SP00094" HPOS="429" VPOS="720" WIDTH="25"/>
						<String ID="P140_ST00111" HPOS="454" VPOS="690" WIDTH="37" HEIGHT="23" CONTENT="на" WC="0.79" CC="40"/>
						<SP ID="P140_SP00095" HPOS="491" VPOS="720" WIDTH="24"/>
						<String ID="P140_ST00112" HPOS="515" VPOS="690" WIDTH="189" HEIGHT="25" CONTENT="посылкахъ." WC="0.64" CC="4621690004"/>
						<SP ID="P140_SP00096" HPOS="704" VPOS="720" WIDTH="25"/>
						<String ID="P140_ST00113" HPOS="729" VPOS="681" WIDTH="41" HEIGHT="32" CONTENT="Но" WC="0.43" CC="64"/>
						<SP ID="P140_SP00097" HPOS="770" VPOS="720" WIDTH="25"/>
						<String ID="P140_ST00114" HPOS="795" VPOS="685" WIDTH="74" HEIGHT="34" CONTENT="дело" WC="0.71" CC="0074"/>
						<SP ID="P140_SP00098" HPOS="869" VPOS="720" WIDTH="26"/>
						<String ID="P140_ST00115" HPOS="895" VPOS="690" WIDTH="91" HEIGHT="33" CONTENT="сразу" WC="0.39" CC="28909"/>
						<SP ID="P140_SP00099" HPOS="986" VPOS="723" WIDTH="23"/>
						<String ID="P140_ST00116" HPOS="1009" VPOS="684" WIDTH="200" HEIGHT="38" CONTENT="изменялось," WC="0.58" CC="45306567023"/>
					</TextLine>
					<TextLine ID="P140_TL00016" HPOS="135" VPOS="727" WIDTH="1076" HEIGHT="40">
						<String ID="P140_ST00117" HPOS="135" VPOS="735" WIDTH="86" HEIGHT="28" CONTENT="когда" WC="0.68" CC="66020"/>
						<SP ID="P140_SP00100" HPOS="221" VPOS="763" WIDTH="24"/>
						<String ID="P140_ST00118" HPOS="245" VPOS="735" WIDTH="34" HEIGHT="22" CONTENT="во" WC="0.44" CC="64"/>
						<SP ID="P140_SP00101" HPOS="279" VPOS="763" WIDTH="24"/>
						<String ID="P140_ST00119" HPOS="303" VPOS="728" WIDTH="92" HEIGHT="28" CONTENT="главе" WC="0.77" CC="36020"/>
						<SP ID="P140_SP00102" HPOS="395" VPOS="763" WIDTH="24"/>
						<String ID="P140_ST00120" HPOS="419" VPOS="735" WIDTH="93" HEIGHT="22" CONTENT="полка" WC="0.40" CC="24795"/>
						<SP ID="P140_SP00103" HPOS="512" VPOS="763" WIDTH="24"/>
						<String ID="P140_ST00121" HPOS="536" VPOS="736" WIDTH="182" HEIGHT="22" CONTENT="становился" WC="0.74" CC="0006205604"/>
						<SP ID="P140_SP00104" HPOS="718" VPOS="763" WIDTH="24"/>
						<String ID="P140_ST00122" HPOS="742" VPOS="735" WIDTH="203" HEIGHT="30" CONTENT="начальникъ," WC="0.54" CC="63606076903"/>
						<SP ID="P140_SP00105" HPOS="945" VPOS="765" WIDTH="26"/>
						<String ID="P140_ST00123" HPOS="971" VPOS="727" WIDTH="143" HEIGHT="40" CONTENT="умевппй" WC="0.66" CC="0604470"/>
						<SP ID="P140_SP00106" HPOS="1114" VPOS="767" WIDTH="37"/>
						<String ID="P140_ST00124" HPOS="1151" VPOS="735" WIDTH="60" HEIGHT="23" CONTENT="ихъ" WC="0.74" CC="502"/>
					</TextLine>
					<TextLine ID="P140_TL00017" HPOS="136" VPOS="771" WIDTH="1073" HEIGHT="41">
						<String ID="P140_ST00125" HPOS="136" VPOS="773" WIDTH="132" HEIGHT="37" CONTENT="собрать," WC="0.71" CC="24307004"/>
						<SP ID="P140_SP00107" HPOS="268" VPOS="810" WIDTH="27"/>
						<String ID="P140_ST00126" HPOS="295" VPOS="779" WIDTH="144" HEIGHT="22" CONTENT="сплотить" WC="0.72" CC="04630403"/>
						<SP ID="P140_SP00108" HPOS="439" VPOS="810" WIDTH="24"/>
						<String ID="P140_ST00127" HPOS="463" VPOS="780" WIDTH="19" HEIGHT="21" CONTENT="и" WC="0.39" CC="6"/>
						<SP ID="P140_SP00109" HPOS="482" VPOS="810" WIDTH="24"/>
						<String ID="P140_ST00128" HPOS="506" VPOS="780" WIDTH="149" HEIGHT="32" CONTENT="вдохнуть" WC="0.86" CC="00006004"/>
						<SP ID="P140_SP00110" HPOS="655" VPOS="812" WIDTH="24"/>
						<String ID="P140_ST00129" HPOS="679" VPOS="780" WIDTH="107" HEIGHT="32" CONTENT="отвагу" WC="0.89" CC="200030"/>
						<SP ID="P140_SP00111" HPOS="786" VPOS="812" WIDTH="24"/>
						<String ID="P140_ST00130" HPOS="810" VPOS="780" WIDTH="123" HEIGHT="30" CONTENT="отцовъ." WC="0.82" CC="6005000"/>
						<SP ID="P140_SP00112" HPOS="933" VPOS="812" WIDTH="28"/>
						<String ID="P140_ST00131" HPOS="961" VPOS="771" WIDTH="91" HEIGHT="35" CONTENT="Тогда" WC="0.73" CC="54030"/>
						<SP ID="P140_SP00113" HPOS="1052" VPOS="812" WIDTH="23"/>
						<String ID="P140_ST00132" HPOS="1075" VPOS="780" WIDTH="19" HEIGHT="22" CONTENT="и" WC="0.57" CC="4"/>
						<SP ID="P140_SP00114" HPOS="1094" VPOS="812" WIDTH="18"/>
						<String ID="P140_ST00133" HPOS="1112" VPOS="780" WIDTH="97" HEIGHT="29" CONTENT="донцы" WC="0.62" CC="45710"/>
					</TextLine>
					<TextLine ID="P140_TL00018" HPOS="135" VPOS="823" WIDTH="1075" HEIGHT="33">
						<String ID="P140_ST00134" HPOS="135" VPOS="823" WIDTH="145" HEIGHT="23" CONTENT="являлись" WC="0.66" CC="70667000"/>
						<SP ID="P140_SP00115" HPOS="280" VPOS="846" WIDTH="25"/>
						<String ID="P140_ST00135" HPOS="305" VPOS="823" WIDTH="174" HEIGHT="33" CONTENT="сильными," WC="0.60" CC="025464244"/>
						<SP ID="P140_SP00116" HPOS="479" VPOS="856" WIDTH="38"/>
						<String ID="P140_ST00136" HPOS="517" VPOS="824" WIDTH="78" HEIGHT="28" CONTENT="даже" WC="0.83" CC="0060"/>
						<SP ID="P140_SP00117" HPOS="595" VPOS="856" WIDTH="37"/>
						<String ID="P140_ST00137" HPOS="632" VPOS="825" WIDTH="154" HEIGHT="31" CONTENT="грозными" WC="0.61" CC="00526736"/>
						<SP ID="P140_SP00118" HPOS="786" VPOS="856" WIDTH="24"/>
						<String ID="P140_ST00138" HPOS="810" VPOS="825" WIDTH="184" HEIGHT="30" CONTENT="чеченцамъ-" WC="0.71" CC="9000604502"/>
						<SP ID="P140_SP00119" HPOS="994" VPOS="856" WIDTH="42"/>
						<String ID="P140_ST00139" HPOS="1036" VPOS="824" WIDTH="85" HEIGHT="29" CONTENT="тогда" WC="0.80" CC="04005"/>
						<SP ID="P140_SP00120" HPOS="1121" VPOS="856" WIDTH="36"/>
						<String ID="P140_ST00140" HPOS="1157" VPOS="825" WIDTH="53" HEIGHT="22" CONTENT="они" WC="0.35" CC="756"/>
					</TextLine>
					<TextLine ID="P140_TL00019" HPOS="136" VPOS="860" WIDTH="1076" HEIGHT="41">
						<String ID="P140_ST00141" HPOS="136" VPOS="869" WIDTH="38" HEIGHT="22" CONTENT="ни" WC="0.42" CC="64"/>
						<SP ID="P140_SP00121" HPOS="174" VPOS="891" WIDTH="23"/>
						<String ID="P140_ST00142" HPOS="197" VPOS="869" WIDTH="38" HEIGHT="21" CONTENT="въ" WC="1.00" CC="00"/>
						<SP ID="P140_SP00122" HPOS="235" VPOS="891" WIDTH="16"/>
						<String ID="P140_ST00143" HPOS="251" VPOS="867" WIDTH="77" HEIGHT="23" CONTENT="чемъ" WC="0.92" CC="0200"/>
						<SP ID="P140_SP00123" HPOS="328" VPOS="891" WIDTH="24"/>
						<String ID="P140_ST00144" HPOS="352" VPOS="868" WIDTH="35" HEIGHT="22" CONTENT="не" WC="0.44" CC="55"/>
						<SP ID="P140_SP00124" HPOS="387" VPOS="891" WIDTH="24"/>
						<String ID="P140_ST00145" HPOS="411" VPOS="869" WIDTH="155" HEIGHT="31" CONTENT="уступали" WC="0.79" CC="00004065"/>
						<SP ID="P140_SP00125" HPOS="566" VPOS="900" WIDTH="13"/>
						<String ID="P140_ST00146" HPOS="579" VPOS="870" WIDTH="116" HEIGHT="22" CONTENT="своимъ" WC="0.63" CC="063650"/>
						<SP ID="P140_SP00126" HPOS="695" VPOS="900" WIDTH="26"/>
						<String ID="P140_ST00147" HPOS="721" VPOS="862" WIDTH="420" HEIGHT="39" CONTENT="соратникамъ-лпнейцамъ." WC="0.70" CC="0506046902008770400000"/>
						<SP ID="P140_SP00127" HPOS="1141" VPOS="901" WIDTH="27"/>
						<String ID="P140_ST00148" HPOS="1168" VPOS="860" WIDTH="44" HEIGHT="32" CONTENT="Къ" WC="0.80" CC="04"/>
					</TextLine>
					<TextLine ID="P140_TL00020" HPOS="136" VPOS="905" WIDTH="1072" HEIGHT="41">
						<String ID="P140_ST00149" HPOS="136" VPOS="913" WIDTH="92" HEIGHT="31" CONTENT="числу" WC="0.53" CC="65460"/>
						<SP ID="P140_SP00128" HPOS="228" VPOS="944" WIDTH="24"/>
						<String ID="P140_ST00150" HPOS="252" VPOS="912" WIDTH="118" HEIGHT="23" CONTENT="такихъ" WC="0.69" CC="039400"/>
						<SP ID="P140_SP00129" HPOS="370" VPOS="944" WIDTH="24"/>
						<String ID="P140_ST00151" HPOS="394" VPOS="906" WIDTH="114" HEIGHT="36" CONTENT="вождей" WC="0.72" CC="059002"/>
						<SP ID="P140_SP00130" HPOS="508" VPOS="944" WIDTH="25"/>
						<String ID="P140_ST00152" HPOS="533" VPOS="915" WIDTH="234" HEIGHT="30" CONTENT="принадлежалъ" WC="0.60" CC="607600819060"/>
						<SP ID="P140_SP00131" HPOS="767" VPOS="945" WIDTH="24"/>
						<String ID="P140_ST00153" HPOS="791" VPOS="906" WIDTH="101" HEIGHT="32" CONTENT="Яковъ" WC="0.50" CC="78403"/>
						<SP ID="P140_SP00132" HPOS="892" VPOS="945" WIDTH="18"/>
						<String ID="P140_ST00154" HPOS="910" VPOS="906" WIDTH="173" HEIGHT="40" CONTENT="Петровичъ" WC="0.80" CC="700050500"/>
						<SP ID="P140_SP00133" HPOS="1083" VPOS="946" WIDTH="16"/>
						<String ID="P140_ST00155" HPOS="1099" VPOS="905" WIDTH="109" HEIGHT="32" CONTENT="Бакла" SUBS_TYPE="HypPart1" SUBS_CONTENT="Бакланова" WC="0.59" CC="670900"/>
						<HYP CONTENT="-"/>
					</TextLine>
					<TextLine ID="P140_TL00021" HPOS="136" VPOS="948" WIDTH="1075" HEIGHT="44">
						<String ID="P140_ST00156" HPOS="136" VPOS="958" WIDTH="84" HEIGHT="22" CONTENT="нова" SUBS_TYPE="HypPart2" SUBS_CONTENT="Бакланова" WC="0.36" CC="5378"/>
						<SP ID="P140_SP00134" HPOS="220" VPOS="980" WIDTH="42"/>
						<String ID="P140_ST00157" HPOS="262" VPOS="948" WIDTH="83" HEIGHT="31" CONTENT="Самъ" WC="0.82" CC="6000"/>
						<SP ID="P140_SP00135" HPOS="345" VPOS="980" WIDTH="24"/>
						<String ID="P140_ST00158" HPOS="369" VPOS="957" WIDTH="178" HEIGHT="32" CONTENT="уроженецъ" WC="0.63" CC="075907020"/>
						<SP ID="P140_SP00136" HPOS="547" VPOS="989" WIDTH="23"/>
						<String ID="P140_ST00159" HPOS="570" VPOS="960" WIDTH="108" HEIGHT="23" CONTENT="тихаго" WC="0.80" CC="050006"/>
						<SP ID="P140_SP00137" HPOS="678" VPOS="989" WIDTH="26"/>
						<String ID="P140_ST00160" HPOS="704" VPOS="950" WIDTH="94" HEIGHT="42" CONTENT="Дона," WC="0.60" CC="94500"/>
						<SP ID="P140_SP00138" HPOS="798" VPOS="992" WIDTH="37"/>
						<String ID="P140_ST00161" HPOS="835" VPOS="951" WIDTH="113" HEIGHT="37" CONTENT="бедной" WC="0.56" CC="505554"/>
						<SP ID="P140_SP00139" HPOS="948" VPOS="992" WIDTH="24"/>
						<String ID="P140_ST00162" HPOS="972" VPOS="960" WIDTH="104" HEIGHT="31" CONTENT="семьи," WC="0.68" CC="204163"/>
						<SP ID="P140_SP00140" HPOS="1076" VPOS="992" WIDTH="37"/>
						<String ID="P140_ST00163" HPOS="1113" VPOS="950" WIDTH="98" HEIGHT="32" CONTENT="Яковъ" WC="0.50" CC="89500"/>
					</TextLine>
					<TextLine ID="P140_TL00022" HPOS="136" VPOS="993" WIDTH="1075" HEIGHT="44">
						<String ID="P140_ST00164" HPOS="136" VPOS="993" WIDTH="170" HEIGHT="40" CONTENT="Петровичъ" WC="0.81" CC="030054300"/>
						<SP ID="P140_SP00141" HPOS="306" VPOS="1033" WIDTH="35"/>
						<String ID="P140_ST00165" HPOS="341" VPOS="1002" WIDTH="40" HEIGHT="22" CONTENT="въ" WC="0.42" CC="38"/>
						<SP ID="P140_SP00142" HPOS="381" VPOS="1033" WIDTH="25"/>
						<String ID="P140_ST00166" HPOS="406" VPOS="995" WIDTH="130" HEIGHT="36" CONTENT="детстве" WC="0.76" CC="1000760"/>
						<SP ID="P140_SP00143" HPOS="536" VPOS="1033" WIDTH="41"/>
						<String ID="P140_ST00167" HPOS="577" VPOS="1004" WIDTH="118" HEIGHT="23" CONTENT="пахалъ" WC="0.81" CC="000064"/>
						<SP ID="P140_SP00144" HPOS="695" VPOS="1033" WIDTH="37"/>
						<String ID="P140_ST00168" HPOS="732" VPOS="1005" WIDTH="112" HEIGHT="32" CONTENT="землю," WC="0.73" CC="101714"/>
						<SP ID="P140_SP00145" HPOS="844" VPOS="1037" WIDTH="37"/>
						<String ID="P140_ST00169" HPOS="881" VPOS="1005" WIDTH="114" HEIGHT="22" CONTENT="косилъ" WC="0.57" CC="920670"/>
						<SP ID="P140_SP00146" HPOS="995" VPOS="1037" WIDTH="24"/>
						<String ID="P140_ST00170" HPOS="1019" VPOS="998" WIDTH="83" HEIGHT="36" CONTENT="сено," WC="0.67" CC="50414"/>
						<SP ID="P140_SP00147" HPOS="1102" VPOS="1037" WIDTH="33"/>
						<String ID="P140_ST00171" HPOS="1135" VPOS="1005" WIDTH="76" HEIGHT="22" CONTENT="пасъ" WC="0.82" CC="7000"/>
					</TextLine>
					<TextLine ID="P140_TL00023" HPOS="136" VPOS="1037" WIDTH="1076" HEIGHT="44">
						<String ID="P140_ST00172" HPOS="136" VPOS="1039" WIDTH="131" HEIGHT="39" CONTENT="табуны." WC="0.67" CC="0080643"/>
						<SP ID="P140_SP00148" HPOS="267" VPOS="1078" WIDTH="34"/>
						<String ID="P140_ST00173" HPOS="301" VPOS="1037" WIDTH="71" HEIGHT="39" CONTENT="Еще" WC="0.83" CC="500"/>
						<SP ID="P140_SP00149" HPOS="372" VPOS="1078" WIDTH="24"/>
						<String ID="P140_ST00174" HPOS="396" VPOS="1041" WIDTH="200" HEIGHT="30" CONTENT="мальчишкой" WC="0.65" CC="1067560032"/>
						<SP ID="P140_SP00150" HPOS="596" VPOS="1078" WIDTH="25"/>
						<String ID="P140_ST00175" HPOS="621" VPOS="1049" WIDTH="56" HEIGHT="22" CONTENT="онъ" WC="0.79" CC="060"/>
						<SP ID="P140_SP00151" HPOS="677" VPOS="1078" WIDTH="25"/>
						<String ID="P140_ST00176" HPOS="702" VPOS="1049" WIDTH="133" HEIGHT="22" CONTENT="скакалъ" WC="0.58" CC="3047560"/>
						<SP ID="P140_SP00152" HPOS="835" VPOS="1078" WIDTH="35"/>
						<String ID="P140_ST00177" HPOS="870" VPOS="1049" WIDTH="133" HEIGHT="32" CONTENT="верхомъ" WC="0.65" CC="5009520"/>
						<SP ID="P140_SP00153" HPOS="1003" VPOS="1081" WIDTH="33"/>
						<String ID="P140_ST00178" HPOS="1036" VPOS="1049" WIDTH="37" HEIGHT="22" CONTENT="на" WC="0.70" CC="60"/>
						<SP ID="P140_SP00154" HPOS="1073" VPOS="1081" WIDTH="24"/>
						<String ID="P140_ST00179" HPOS="1097" VPOS="1049" WIDTH="115" HEIGHT="28" CONTENT="дикихъ" WC="0.71" CC="550600"/>
					</TextLine>
					<TextLine ID="P140_TL00024" HPOS="136" VPOS="1088" WIDTH="1072" HEIGHT="39">
						<String ID="P140_ST00180" HPOS="136" VPOS="1091" WIDTH="159" HEIGHT="23" CONTENT="степныхъ" WC="0.69" CC="50166500"/>
						<SP ID="P140_SP00155" HPOS="295" VPOS="1114" WIDTH="23"/>
						<String ID="P140_ST00181" HPOS="318" VPOS="1092" WIDTH="171" HEIGHT="31" CONTENT="лошадяхъ," WC="0.74" CC="660005004"/>
						<SP ID="P140_SP00156" HPOS="489" VPOS="1123" WIDTH="26"/>
						<String ID="P140_ST00182" HPOS="515" VPOS="1094" WIDTH="88" HEIGHT="22" CONTENT="ловко" WC="0.85" CC="40002"/>
						<SP ID="P140_SP00157" HPOS="603" VPOS="1123" WIDTH="24"/>
						<String ID="P140_ST00183" HPOS="627" VPOS="1088" WIDTH="151" HEIGHT="37" CONTENT="стрелялъ" WC="0.80" CC="40000550"/>
						<SP ID="P140_SP00158" HPOS="778" VPOS="1125" WIDTH="37"/>
						<String ID="P140_ST00184" HPOS="815" VPOS="1094" WIDTH="55" HEIGHT="22" CONTENT="изъ" WC="0.69" CC="620"/>
						<SP ID="P140_SP00159" HPOS="870" VPOS="1125" WIDTH="36"/>
						<String ID="P140_ST00185" HPOS="906" VPOS="1094" WIDTH="102" HEIGHT="33" CONTENT="ружья" WC="0.58" CC="00965"/>
						<SP ID="P140_SP00160" HPOS="1008" VPOS="1127" WIDTH="41"/>
						<String ID="P140_ST00186" HPOS="1049" VPOS="1095" WIDTH="18" HEIGHT="21" CONTENT="и" WC="1.00" CC="0"/>
						<SP ID="P140_SP00161" HPOS="1067" VPOS="1127" WIDTH="24"/>
						<String ID="P140_ST00187" HPOS="1091" VPOS="1094" WIDTH="117" HEIGHT="32" CONTENT="первен" SUBS_TYPE="HypPart1" SUBS_CONTENT="первенствовалъ" WC="0.67" CC="2172071"/>
						<HYP CONTENT="-"/>
					</TextLine>
					<TextLine ID="P140_TL00025" HPOS="136" VPOS="1129" WIDTH="1071" HEIGHT="42">
						<String ID="P140_ST00188" HPOS="136" VPOS="1136" WIDTH="144" HEIGHT="22" CONTENT="ствовалъ" SUBS_TYPE="HypPart2" SUBS_CONTENT="первенствовалъ" WC="0.61" CC="50255074"/>
						<SP ID="P140_SP00162" HPOS="280" VPOS="1158" WIDTH="24"/>
						<String ID="P140_ST00189" HPOS="304" VPOS="1136" WIDTH="34" HEIGHT="22" CONTENT="во" WC="0.77" CC="13"/>
						<SP ID="P140_SP00163" HPOS="338" VPOS="1158" WIDTH="24"/>
						<String ID="P140_ST00190" HPOS="362" VPOS="1129" WIDTH="98" HEIGHT="29" CONTENT="всехъ" WC="0.73" CC="67000"/>
						<SP ID="P140_SP00164" HPOS="460" VPOS="1158" WIDTH="30"/>
						<String ID="P140_ST00191" HPOS="490" VPOS="1130" WIDTH="203" HEIGHT="38" CONTENT="ребяческихъ" WC="0.63" CC="90070709500"/>
						<SP ID="P140_SP00165" HPOS="693" VPOS="1168" WIDTH="30"/>
						<String ID="P140_ST00192" HPOS="723" VPOS="1138" WIDTH="126" HEIGHT="32" CONTENT="играхъ." WC="0.80" CC="4090000"/>
						<SP ID="P140_SP00166" HPOS="849" VPOS="1170" WIDTH="43"/>
						<String ID="P140_ST00193" HPOS="892" VPOS="1129" WIDTH="64" HEIGHT="32" CONTENT="Онъ" WC="0.59" CC="570"/>
						<SP ID="P140_SP00167" HPOS="956" VPOS="1170" WIDTH="24"/>
						<String ID="P140_ST00194" HPOS="980" VPOS="1139" WIDTH="73" HEIGHT="32" CONTENT="росъ" WC="0.83" CC="0600"/>
						<SP ID="P140_SP00168" HPOS="1053" VPOS="1171" WIDTH="31"/>
						<String ID="P140_ST00195" HPOS="1084" VPOS="1139" WIDTH="39" HEIGHT="22" CONTENT="на" WC="0.67" CC="60"/>
						<SP ID="P140_SP00169" HPOS="1123" VPOS="1171" WIDTH="23"/>
						<String ID="P140_ST00196" HPOS="1146" VPOS="1139" WIDTH="61" HEIGHT="22" CONTENT="сво" SUBS_TYPE="HypPart1" SUBS_CONTENT="свободе," WC="0.83" CC="0050"/>
						<HYP CONTENT="-"/>
					</TextLine>
					<TextLine ID="P140_TL00026" HPOS="137" VPOS="1173" WIDTH="1070" HEIGHT="44">
						<String ID="P140_ST00197" HPOS="137" VPOS="1173" WIDTH="81" HEIGHT="37" CONTENT="боде," SUBS_TYPE="HypPart2" SUBS_CONTENT="свободе," WC="0.63" CC="76004"/>
						<SP ID="P140_SP00170" HPOS="218" VPOS="1210" WIDTH="26"/>
						<String ID="P140_ST00198" HPOS="244" VPOS="1180" WIDTH="74" HEIGHT="23" CONTENT="какъ" WC="0.54" CC="9080"/>
						<SP ID="P140_SP00171" HPOS="318" VPOS="1210" WIDTH="24"/>
						<String ID="P140_ST00199" HPOS="342" VPOS="1181" WIDTH="89" HEIGHT="30" CONTENT="росла" WC="0.63" CC="06057"/>
						<SP ID="P140_SP00172" HPOS="431" VPOS="1211" WIDTH="25"/>
						<String ID="P140_ST00200" HPOS="456" VPOS="1173" WIDTH="135" HEIGHT="31" CONTENT="большая" WC="0.60" CC="3090491"/>
						<SP ID="P140_SP00173" HPOS="591" VPOS="1211" WIDTH="25"/>
						<String ID="P140_ST00201" HPOS="616" VPOS="1183" WIDTH="88" HEIGHT="23" CONTENT="часть" WC="0.77" CC="60400"/>
						<SP ID="P140_SP00174" HPOS="704" VPOS="1211" WIDTH="24"/>
						<String ID="P140_ST00202" HPOS="728" VPOS="1183" WIDTH="48" HEIGHT="23" CONTENT="его" WC="0.71" CC="115"/>
						<SP ID="P140_SP00175" HPOS="776" VPOS="1211" WIDTH="23"/>
						<String ID="P140_ST00203" HPOS="799" VPOS="1183" WIDTH="231" HEIGHT="32" CONTENT="сверстниковъ;" WC="0.70" CC="3150106605404"/>
						<SP ID="P140_SP00176" HPOS="1030" VPOS="1215" WIDTH="28"/>
						<String ID="P140_ST00204" HPOS="1058" VPOS="1183" WIDTH="149" HEIGHT="34" CONTENT="заслуши" SUBS_TYPE="HypPart1" SUBS_CONTENT="заслушивался" WC="0.82" CC="00070051"/>
						<HYP CONTENT="-"/>
					</TextLine>
					<TextLine ID="P140_TL00027" HPOS="136" VPOS="1221" WIDTH="1074" HEIGHT="39">
						<String ID="P140_ST00205" HPOS="136" VPOS="1226" WIDTH="88" HEIGHT="22" CONTENT="вался" SUBS_TYPE="HypPart2" SUBS_CONTENT="заслушивался" WC="0.79" CC="00504"/>
						<SP ID="P140_SP00177" HPOS="224" VPOS="1248" WIDTH="23"/>
						<String ID="P140_ST00206" HPOS="247" VPOS="1225" WIDTH="182" HEIGHT="31" CONTENT="разсказами" WC="0.57" CC="0244858007"/>
						<SP ID="P140_SP00178" HPOS="429" VPOS="1256" WIDTH="26"/>
						<String ID="P140_ST00207" HPOS="455" VPOS="1226" WIDTH="14" HEIGHT="22" CONTENT="о" WC="0.38" CC="6"/>
						<SP ID="P140_SP00179" HPOS="469" VPOS="1256" WIDTH="25"/>
						<String ID="P140_ST00208" HPOS="494" VPOS="1221" WIDTH="142" HEIGHT="37" CONTENT="старине," WC="0.66" CC="00005694"/>
						<SP ID="P140_SP00180" HPOS="636" VPOS="1258" WIDTH="25"/>
						<String ID="P140_ST00209" HPOS="661" VPOS="1228" WIDTH="78" HEIGHT="22" CONTENT="какъ" WC="0.36" CC="9690"/>
						<SP ID="P140_SP00181" HPOS="739" VPOS="1258" WIDTH="23"/>
						<String ID="P140_ST00210" HPOS="762" VPOS="1221" WIDTH="129" HEIGHT="36" CONTENT="некогда" WC="0.75" CC="5091000"/>
						<SP ID="P140_SP00182" HPOS="891" VPOS="1258" WIDTH="26"/>
						<String ID="P140_ST00211" HPOS="917" VPOS="1229" WIDTH="109" HEIGHT="22" CONTENT="казаки" WC="0.54" CC="002896"/>
						<SP ID="P140_SP00183" HPOS="1026" VPOS="1258" WIDTH="25"/>
						<String ID="P140_ST00212" HPOS="1051" VPOS="1229" WIDTH="110" HEIGHT="31" CONTENT="гуляли" WC="0.59" CC="007385"/>
						<SP ID="P140_SP00184" HPOS="1161" VPOS="1260" WIDTH="13"/>
						<String ID="P140_ST00213" HPOS="1174" VPOS="1229" WIDTH="36" HEIGHT="22" CONTENT="по" WC="0.36" CC="57"/>
					</TextLine>
					<TextLine ID="P140_TL00028" HPOS="136" VPOS="1260" WIDTH="1074" HEIGHT="45">
						<String ID="P140_ST00214" HPOS="136" VPOS="1260" WIDTH="121" HEIGHT="41" CONTENT="Синему" WC="0.57" CC="766310"/>
						<SP ID="P140_SP00185" HPOS="257" VPOS="1301" WIDTH="23"/>
						<String ID="P140_ST00215" HPOS="280" VPOS="1270" WIDTH="96" HEIGHT="30" CONTENT="морю," WC="0.61" CC="62901"/>
						<SP ID="P140_SP00186" HPOS="376" VPOS="1301" WIDTH="25"/>
						<String ID="P140_ST00216" HPOS="401" VPOS="1270" WIDTH="77" HEIGHT="23" CONTENT="какъ" WC="0.35" CC="9780"/>
						<SP ID="P140_SP00187" HPOS="478" VPOS="1301" WIDTH="24"/>
						<String ID="P140_ST00217" HPOS="502" VPOS="1266" WIDTH="148" HEIGHT="34" CONTENT="отсидели" WC="0.65" CC="50470065"/>
						<SP ID="P140_SP00188" HPOS="650" VPOS="1301" WIDTH="25"/>
						<String ID="P140_ST00218" HPOS="675" VPOS="1273" WIDTH="56" HEIGHT="22" CONTENT="отъ" WC="0.79" CC="500"/>
						<SP ID="P140_SP00189" HPOS="731" VPOS="1301" WIDTH="21"/>
						<String ID="P140_ST00219" HPOS="752" VPOS="1273" WIDTH="162" HEIGHT="32" CONTENT="«турскаго" WC="0.70" CC="060036056"/>
						<SP ID="P140_SP00190" HPOS="914" VPOS="1305" WIDTH="17"/>
						<String ID="P140_ST00220" HPOS="931" VPOS="1274" WIDTH="153" HEIGHT="31" CONTENT="султана»" WC="0.68" CC="20604570"/>
						<SP ID="P140_SP00191" HPOS="1084" VPOS="1305" WIDTH="20"/>
						<String ID="P140_ST00221" HPOS="1104" VPOS="1265" WIDTH="106" HEIGHT="32" CONTENT="Азовъ." WC="0.57" CC="645044"/>
					</TextLine>
					<TextLine ID="P140_TL00029" HPOS="136" VPOS="1305" WIDTH="1073" HEIGHT="46">
						<String ID="P140_ST00222" HPOS="136" VPOS="1305" WIDTH="227" HEIGHT="41" CONTENT="Мало-по-малу" WC="0.72" CC="534023202080"/>
						<SP ID="P140_SP00192" HPOS="363" VPOS="1346" WIDTH="25"/>
						<String ID="P140_ST00223" HPOS="388" VPOS="1314" WIDTH="56" HEIGHT="23" CONTENT="онъ" WC="0.78" CC="060"/>
						<SP ID="P140_SP00193" HPOS="444" VPOS="1346" WIDTH="23"/>
						<String ID="P140_ST00224" HPOS="467" VPOS="1308" WIDTH="167" HEIGHT="40" CONTENT="набирался" WC="0.53" CC="690409641"/>
						<SP ID="P140_SP00194" HPOS="634" VPOS="1348" WIDTH="23"/>
						<String ID="P140_ST00225" HPOS="657" VPOS="1318" WIDTH="66" HEIGHT="22" CONTENT="того" WC="0.52" CC="9306"/>
						<SP ID="P140_SP00195" HPOS="723" VPOS="1348" WIDTH="25"/>
						<String ID="P140_ST00226" HPOS="748" VPOS="1318" WIDTH="160" HEIGHT="29" CONTENT="казацкаго" WC="0.67" CC="900029007"/>
						<SP ID="P140_SP00196" HPOS="908" VPOS="1348" WIDTH="33"/>
						<String ID="P140_ST00227" HPOS="941" VPOS="1319" WIDTH="85" HEIGHT="32" CONTENT="духа," WC="0.67" CC="70080"/>
						<SP ID="P140_SP00197" HPOS="1026" VPOS="1351" WIDTH="26"/>
						<String ID="P140_ST00228" HPOS="1052" VPOS="1319" WIDTH="157" HEIGHT="31" CONTENT="которымъ" WC="0.69" CC="07090520"/>
					</TextLine>
					<TextLine ID="P140_TL00030" HPOS="136" VPOS="1353" WIDTH="1073" HEIGHT="43">
						<String ID="P140_ST00229" HPOS="136" VPOS="1359" WIDTH="164" HEIGHT="22" CONTENT="славились" WC="0.52" CC="370456249"/>
						<SP ID="P140_SP00198" HPOS="300" VPOS="1381" WIDTH="24"/>
						<String ID="P140_ST00230" HPOS="324" VPOS="1359" WIDTH="99" HEIGHT="29" CONTENT="донцы" WC="0.65" CC="01509"/>
						<SP ID="P140_SP00199" HPOS="423" VPOS="1388" WIDTH="23"/>
						<String ID="P140_ST00231" HPOS="446" VPOS="1361" WIDTH="38" HEIGHT="21" CONTENT="въ" WC="0.82" CC="30"/>
						<SP ID="P140_SP00200" HPOS="484" VPOS="1388" WIDTH="24"/>
						<String ID="P140_ST00232" HPOS="508" VPOS="1360" WIDTH="141" HEIGHT="30" CONTENT="задавиее" WC="0.67" CC="60006723"/>
						<SP ID="P140_SP00201" HPOS="649" VPOS="1390" WIDTH="17"/>
						<String ID="P140_ST00233" HPOS="666" VPOS="1363" WIDTH="104" HEIGHT="30" CONTENT="время." WC="0.54" CC="490362"/>
						<SP ID="P140_SP00202" HPOS="770" VPOS="1393" WIDTH="27"/>
						<String ID="P140_ST00234" HPOS="797" VPOS="1353" WIDTH="173" HEIGHT="42" CONTENT="Бакланову" WC="0.48" CC="500657559"/>
						<SP ID="P140_SP00203" HPOS="970" VPOS="1395" WIDTH="18"/>
						<String ID="P140_ST00235" HPOS="988" VPOS="1355" WIDTH="77" HEIGHT="31" CONTENT="было" WC="0.58" CC="5063"/>
						<SP ID="P140_SP00204" HPOS="1065" VPOS="1395" WIDTH="19"/>
						<String ID="P140_ST00236" HPOS="1084" VPOS="1353" WIDTH="18" HEIGHT="33" CONTENT="7" WC="0.23" CC="7"/>
						<SP ID="P140_SP00205" HPOS="1102" VPOS="1395" WIDTH="16"/>
						<String ID="P140_ST00237" HPOS="1118" VPOS="1357" WIDTH="91" HEIGHT="39" CONTENT="летъ," WC="0.78" CC="60004"/>
					</TextLine>
					<TextLine ID="P140_TL00031" HPOS="136" VPOS="1398" WIDTH="1073" HEIGHT="41">
						<String ID="P140_ST00238" HPOS="136" VPOS="1404" WIDTH="87" HEIGHT="28" CONTENT="когда" WC="0.69" CC="54050"/>
						<SP ID="P140_SP00206" HPOS="223" VPOS="1432" WIDTH="23"/>
						<String ID="P140_ST00239" HPOS="246" VPOS="1403" WIDTH="110" HEIGHT="22" CONTENT="казаки" WC="0.64" CC="005095"/>
						<SP ID="P140_SP00207" HPOS="356" VPOS="1432" WIDTH="23"/>
						<String ID="P140_ST00240" HPOS="379" VPOS="1403" WIDTH="228" HEIGHT="33" CONTENT="возвращались" WC="0.75" CC="035000037604"/>
						<SP ID="P140_SP00208" HPOS="607" VPOS="1436" WIDTH="36"/>
						<String ID="P140_ST00241" HPOS="643" VPOS="1408" WIDTH="56" HEIGHT="21" CONTENT="и,зъ" WC="0.41" CC="6790"/>
						<SP ID="P140_SP00209" HPOS="699" VPOS="1436" WIDTH="35"/>
						<String ID="P140_ST00242" HPOS="734" VPOS="1408" WIDTH="215" HEIGHT="31" CONTENT="заграничнаго" WC="0.64" CC="100006667705"/>
						<SP ID="P140_SP00210" HPOS="949" VPOS="1439" WIDTH="36"/>
						<String ID="P140_ST00243" HPOS="985" VPOS="1408" WIDTH="122" HEIGHT="30" CONTENT="похода." WC="0.77" CC="3503003"/>
						<SP ID="P140_SP00211" HPOS="1107" VPOS="1439" WIDTH="39"/>
						<String ID="P140_ST00244" HPOS="1146" VPOS="1398" WIDTH="63" HEIGHT="32" CONTENT="Онъ" WC="0.76" CC="070"/>
					</TextLine>
					<TextLine ID="P140_TL00032" HPOS="136" VPOS="1447" WIDTH="1074" HEIGHT="37">
						<String ID="P140_ST00245" HPOS="136" VPOS="1448" WIDTH="127" HEIGHT="22" CONTENT="отлично" WC="0.42" CC="4075966"/>
						<SP ID="P140_SP00212" HPOS="263" VPOS="1470" WIDTH="25"/>
						<String ID="P140_ST00246" HPOS="288" VPOS="1448" WIDTH="152" HEIGHT="32" CONTENT="помнилъ," WC="0.54" CC="54583702"/>
						<SP ID="P140_SP00213" HPOS="440" VPOS="1480" WIDTH="26"/>
						<String ID="P140_ST00247" HPOS="466" VPOS="1450" WIDTH="76" HEIGHT="23" CONTENT="какъ" WC="0.75" CC="9000"/>
						<SP ID="P140_SP00214" HPOS="542" VPOS="1480" WIDTH="25"/>
						<String ID="P140_ST00248" HPOS="567" VPOS="1452" WIDTH="128" HEIGHT="31" CONTENT="старики" WC="0.64" CC="7060605"/>
						<SP ID="P140_SP00215" HPOS="695" VPOS="1483" WIDTH="25"/>
						<String ID="P140_ST00249" HPOS="720" VPOS="1452" WIDTH="156" HEIGHT="28" CONTENT="выходили" WC="0.59" CC="41043656"/>
						<SP ID="P140_SP00216" HPOS="876" VPOS="1483" WIDTH="24"/>
						<String ID="P140_ST00250" HPOS="900" VPOS="1447" WIDTH="165" HEIGHT="37" CONTENT="встречать" WC="0.91" CC="440000000"/>
						<SP ID="P140_SP00217" HPOS="1065" VPOS="1484" WIDTH="26"/>
						<String ID="P140_ST00251" HPOS="1091" VPOS="1453" WIDTH="61" HEIGHT="22" CONTENT="ихъ" WC="0.77" CC="600"/>
						<SP ID="P140_SP00218" HPOS="1152" VPOS="1484" WIDTH="27"/>
						<String ID="P140_ST00252" HPOS="1179" VPOS="1453" WIDTH="31" HEIGHT="22" CONTENT="за" WC="0.40" CC="65"/>
					</TextLine>
					<TextLine ID="P140_TL00033" HPOS="135" VPOS="1489" WIDTH="1073" HEIGHT="41">
						<String ID="P140_ST00253" HPOS="135" VPOS="1493" WIDTH="144" HEIGHT="31" CONTENT="околицу," WC="0.48" CC="69667004"/>
						<SP ID="P140_SP00219" HPOS="279" VPOS="1524" WIDTH="14"/>
						<String ID="P140_ST00254" HPOS="293" VPOS="1493" WIDTH="182" HEIGHT="31" CONTENT="крестились" WC="0.59" CC="9004067660"/>
						<SP ID="P140_SP00220" HPOS="475" VPOS="1524" WIDTH="14"/>
						<String ID="P140_ST00255" HPOS="489" VPOS="1496" WIDTH="31" HEIGHT="31" CONTENT="и," WC="0.53" CC="63"/>
						<SP ID="P140_SP00221" HPOS="520" VPOS="1527" WIDTH="19"/>
						<String ID="P140_ST00256" HPOS="539" VPOS="1496" WIDTH="152" HEIGHT="31" CONTENT="припадая" WC="0.65" CC="60576001"/>
						<SP ID="P140_SP00222" HPOS="691" VPOS="1527" WIDTH="24"/>
						<String ID="P140_ST00257" HPOS="715" VPOS="1497" WIDTH="40" HEIGHT="22" CONTENT="къ" WC="0.61" CC="07"/>
						<SP ID="P140_SP00223" HPOS="755" VPOS="1527" WIDTH="16"/>
						<String ID="P140_ST00258" HPOS="771" VPOS="1491" WIDTH="106" HEIGHT="38" CONTENT="земле," WC="0.64" CC="900604"/>
						<SP ID="P140_SP00224" HPOS="877" VPOS="1529" WIDTH="15"/>
						<String ID="P140_ST00259" HPOS="892" VPOS="1498" WIDTH="153" HEIGHT="32" CONTENT="говорили:" WC="0.63" CC="410605760"/>
						<SP ID="P140_SP00225" HPOS="1045" VPOS="1530" WIDTH="31"/>
						<String ID="P140_ST00260" HPOS="1076" VPOS="1489" WIDTH="71" HEIGHT="41" CONTENT="«Да," WC="0.81" CC="0070"/>
						<SP ID="P140_SP00226" HPOS="1147" VPOS="1530" WIDTH="16"/>
						<String ID="P140_ST00261" HPOS="1163" VPOS="1498" WIDTH="45" HEIGHT="22" CONTENT="за" SUBS_TYPE="HypPart1" SUBS_CONTENT="заслужили" WC="0.71" CC="404"/>
						<HYP CONTENT="-"/>
					</TextLine>
					<TextLine ID="P140_TL00034" HPOS="135" VPOS="1530" WIDTH="1073" HEIGHT="45">
						<String ID="P140_ST00262" HPOS="135" VPOS="1537" WIDTH="143" HEIGHT="32" CONTENT="служили" SUBS_TYPE="HypPart2" SUBS_CONTENT="заслужили" WC="0.46" CC="4590646"/>
						<SP ID="P140_SP00227" HPOS="278" VPOS="1569" WIDTH="23"/>
						<String ID="P140_ST00263" HPOS="301" VPOS="1538" WIDTH="86" HEIGHT="22" CONTENT="наши" WC="0.61" CC="4036"/>
						<SP ID="P140_SP00228" HPOS="387" VPOS="1569" WIDTH="25"/>
						<String ID="P140_ST00264" HPOS="412" VPOS="1539" WIDTH="110" HEIGHT="23" CONTENT="казаки" WC="0.50" CC="906094"/>
						<SP ID="P140_SP00229" HPOS="522" VPOS="1569" WIDTH="24"/>
						<String ID="P140_ST00265" HPOS="546" VPOS="1530" WIDTH="88" HEIGHT="44" CONTENT="Богу," WC="0.63" CC="52604"/>
						<SP ID="P140_SP00230" HPOS="634" VPOS="1574" WIDTH="26"/>
						<String ID="P140_ST00266" HPOS="660" VPOS="1532" WIDTH="156" HEIGHT="42" CONTENT="Государю" WC="0.63" CC="05390703"/>
						<SP ID="P140_SP00231" HPOS="816" VPOS="1574" WIDTH="26"/>
						<String ID="P140_ST00267" HPOS="842" VPOS="1543" WIDTH="17" HEIGHT="21" CONTENT="и" WC="1.00" CC="0"/>
						<SP ID="P140_SP00232" HPOS="859" VPOS="1574" WIDTH="17"/>
						<String ID="P140_ST00268" HPOS="876" VPOS="1543" WIDTH="207" HEIGHT="32" CONTENT="всевеликому" WC="0.67" CC="30020579500"/>
						<SP ID="P140_SP00233" HPOS="1083" VPOS="1575" WIDTH="17"/>
						<String ID="P140_ST00269" HPOS="1100" VPOS="1535" WIDTH="108" HEIGHT="39" CONTENT="войску" WC="0.83" CC="105300"/>
					</TextLine>
					<TextLine ID="P140_TL00035" HPOS="136" VPOS="1573" WIDTH="1073" HEIGHT="46">
						<String ID="P140_ST00270" HPOS="136" VPOS="1573" WIDTH="189" HEIGHT="40" CONTENT="Донскому»." WC="0.66" CC="0655061034"/>
						<SP ID="P140_SP00234" HPOS="325" VPOS="1613" WIDTH="25"/>
						<String ID="P140_ST00271" HPOS="350" VPOS="1574" WIDTH="60" HEIGHT="31" CONTENT="Все" WC="0.73" CC="700"/>
						<SP ID="P140_SP00235" HPOS="410" VPOS="1613" WIDTH="24"/>
						<String ID="P140_ST00272" HPOS="434" VPOS="1576" WIDTH="199" HEIGHT="39" CONTENT="подробности" WC="0.63" CC="34007076504"/>
						<SP ID="P140_SP00236" HPOS="633" VPOS="1615" WIDTH="24"/>
						<String ID="P140_ST00273" HPOS="657" VPOS="1579" WIDTH="242" HEIGHT="38" CONTENT="торжественной" WC="0.63" CC="0609340205562"/>
						<SP ID="P140_SP00237" HPOS="899" VPOS="1617" WIDTH="20"/>
						<String ID="P140_ST00274" HPOS="919" VPOS="1581" WIDTH="132" HEIGHT="38" CONTENT="встречи" WC="0.69" CC="2500084"/>
						<SP ID="P140_SP00238" HPOS="1051" VPOS="1619" WIDTH="26"/>
						<String ID="P140_ST00275" HPOS="1077" VPOS="1588" WIDTH="132" HEIGHT="23" CONTENT="атамана" WC="0.75" CC="0005055"/>
					</TextLine>
					<TextLine ID="P140_TL00036" HPOS="136" VPOS="1618" WIDTH="1073" HEIGHT="47">
						<String ID="P140_ST00276" HPOS="136" VPOS="1618" WIDTH="132" HEIGHT="31" CONTENT="Платова" WC="0.64" CC="0560660"/>
						<SP ID="P140_SP00239" HPOS="268" VPOS="1649" WIDTH="35"/>
						<String ID="P140_ST00277" HPOS="303" VPOS="1619" WIDTH="123" HEIGHT="40" CONTENT="глубоко" WC="0.50" CC="0607595"/>
						<SP ID="P140_SP00240" HPOS="426" VPOS="1659" WIDTH="36"/>
						<String ID="P140_ST00278" HPOS="462" VPOS="1629" WIDTH="109" HEIGHT="23" CONTENT="запали" WC="0.48" CC="193275"/>
						<SP ID="P140_SP00241" HPOS="571" VPOS="1659" WIDTH="35"/>
						<String ID="P140_ST00279" HPOS="606" VPOS="1631" WIDTH="39" HEIGHT="22" CONTENT="въ" WC="0.93" CC="10"/>
						<SP ID="P140_SP00242" HPOS="645" VPOS="1659" WIDTH="24"/>
						<String ID="P140_ST00280" HPOS="669" VPOS="1632" WIDTH="86" HEIGHT="32" CONTENT="душу" WC="0.86" CC="0050"/>
						<SP ID="P140_SP00243" HPOS="755" VPOS="1664" WIDTH="33"/>
						<String ID="P140_ST00281" HPOS="788" VPOS="1624" WIDTH="137" HEIGHT="38" CONTENT="ребенка." WC="0.61" CC="03707903"/>
						<SP ID="P140_SP00244" HPOS="925" VPOS="1664" WIDTH="39"/>
						<String ID="P140_ST00282" HPOS="964" VPOS="1624" WIDTH="24" HEIGHT="32" CONTENT="И" WC="0.43" CC="5"/>
						<SP ID="P140_SP00245" HPOS="988" VPOS="1664" WIDTH="24"/>
						<String ID="P140_ST00283" HPOS="1012" VPOS="1634" WIDTH="118" HEIGHT="31" CONTENT="выросъ" WC="0.45" CC="659640"/>
						<SP ID="P140_SP00246" HPOS="1130" VPOS="1665" WIDTH="26"/>
						<String ID="P140_ST00284" HPOS="1156" VPOS="1634" WIDTH="53" HEIGHT="22" CONTENT="изъ" WC="0.47" CC="654"/>
					</TextLine>
					<TextLine ID="P140_TL00037" HPOS="136" VPOS="1664" WIDTH="1073" HEIGHT="45">
						<String ID="P140_ST00285" HPOS="136" VPOS="1672" WIDTH="192" HEIGHT="30" CONTENT="мальчугана" WC="0.57" CC="3770091075"/>
						<SP ID="P140_SP00247" HPOS="328" VPOS="1702" WIDTH="24"/>
						<String ID="P140_ST00286" HPOS="352" VPOS="1664" WIDTH="284" HEIGHT="42" CONTENT="богатырь-казакъ," WC="0.70" CC="0017040006048904"/>
						<SP ID="P140_SP00248" HPOS="636" VPOS="1706" WIDTH="26"/>
						<String ID="P140_ST00287" HPOS="662" VPOS="1677" WIDTH="81" HEIGHT="21" CONTENT="силы" WC="0.39" CC="3577"/>
						<SP ID="P140_SP00249" HPOS="743" VPOS="1706" WIDTH="17"/>
						<String ID="P140_ST00288" HPOS="760" VPOS="1668" WIDTH="221" HEIGHT="41" CONTENT="необычайной," WC="0.50" CC="634609307944"/>
						<SP ID="P140_SP00250" HPOS="981" VPOS="1709" WIDTH="27"/>
						<String ID="P140_ST00289" HPOS="1008" VPOS="1679" WIDTH="73" HEIGHT="22" CONTENT="воли" WC="0.45" CC="5554"/>
						<SP ID="P140_SP00251" HPOS="1081" VPOS="1709" WIDTH="16"/>
						<String ID="P140_ST00290" HPOS="1097" VPOS="1672" WIDTH="112" HEIGHT="29" CONTENT="желез" SUBS_TYPE="HypPart1" SUBS_CONTENT="железной." WC="0.77" CC="006060"/>
						<HYP CONTENT="-"/>
					</TextLine>
					<TextLine ID="P140_TL00038" HPOS="136" VPOS="1707" WIDTH="1072" HEIGHT="48">
						<String ID="P140_ST00291" HPOS="136" VPOS="1709" WIDTH="68" HEIGHT="31" CONTENT="ной." SUBS_TYPE="HypPart2" SUBS_CONTENT="железной." WC="0.70" CC="5060"/>
						<SP ID="P140_SP00252" HPOS="204" VPOS="1740" WIDTH="39"/>
						<String ID="P140_ST00292" HPOS="243" VPOS="1707" WIDTH="153" HEIGHT="38" CONTENT="Изъ-подъ" WC="0.75" CC="63006011"/>
						<SP ID="P140_SP00253" HPOS="396" VPOS="1745" WIDTH="25"/>
						<String ID="P140_ST00293" HPOS="421" VPOS="1718" WIDTH="140" HEIGHT="32" CONTENT="густыхъ" WC="0.89" CC="0040300"/>
						<SP ID="P140_SP00254" HPOS="561" VPOS="1750" WIDTH="36"/>
						<String ID="P140_ST00294" HPOS="597" VPOS="1720" WIDTH="185" HEIGHT="24" CONTENT="нависшихъ" WC="0.62" CC="504663502"/>
						<SP ID="P140_SP00255" HPOS="782" VPOS="1750" WIDTH="24"/>
						<String ID="P140_ST00295" HPOS="806" VPOS="1713" WIDTH="106" HEIGHT="40" CONTENT="бровей" WC="0.70" CC="082403"/>
						<SP ID="P140_SP00256" HPOS="912" VPOS="1753" WIDTH="37"/>
						<String ID="P140_ST00296" HPOS="949" VPOS="1717" WIDTH="113" HEIGHT="38" CONTENT="горели" WC="0.44" CC="739075"/>
						<SP ID="P140_SP00257" HPOS="1062" VPOS="1755" WIDTH="24"/>
						<String ID="P140_ST00297" HPOS="1086" VPOS="1723" WIDTH="48" HEIGHT="23" CONTENT="его" WC="0.64" CC="505"/>
						<SP ID="P140_SP00258" HPOS="1134" VPOS="1755" WIDTH="23"/>
						<String ID="P140_ST00298" HPOS="1157" VPOS="1717" WIDTH="51" HEIGHT="29" CONTENT="се" SUBS_TYPE="HypPart1" SUBS_CONTENT="серые," WC="0.80" CC="600"/>
						<HYP CONTENT="-"/>
					</TextLine>
					<TextLine ID="P140_TL00039" HPOS="136" VPOS="1754" WIDTH="1073" HEIGHT="46">
						<String ID="P140_ST00299" HPOS="136" VPOS="1762" WIDTH="69" HEIGHT="30" CONTENT="рые," SUBS_TYPE="HypPart2" SUBS_CONTENT="серые," WC="0.72" CC="0434"/>
						<SP ID="P140_SP00259" HPOS="205" VPOS="1792" WIDTH="25"/>
						<String ID="P140_ST00300" HPOS="230" VPOS="1754" WIDTH="133" HEIGHT="40" CONTENT="глубоше" WC="0.68" CC="0096041"/>
						<SP ID="P140_SP00260" HPOS="363" VPOS="1794" WIDTH="25"/>
						<String ID="P140_ST00301" HPOS="388" VPOS="1762" WIDTH="96" HEIGHT="30" CONTENT="глаза," WC="0.58" CC="074560"/>
						<SP ID="P140_SP00261" HPOS="484" VPOS="1794" WIDTH="27"/>
						<String ID="P140_ST00302" HPOS="511" VPOS="1765" WIDTH="146" HEIGHT="23" CONTENT="метавппе" WC="0.68" CC="06002780"/>
						<SP ID="P140_SP00262" HPOS="657" VPOS="1794" WIDTH="25"/>
						<String ID="P140_ST00303" HPOS="682" VPOS="1766" WIDTH="111" HEIGHT="31" CONTENT="искры-" WC="0.54" CC="429054"/>
						<SP ID="P140_SP00263" HPOS="793" VPOS="1797" WIDTH="31"/>
						<String ID="P140_ST00304" HPOS="824" VPOS="1767" WIDTH="110" HEIGHT="33" CONTENT="густая" WC="0.85" CC="300004"/>
						<SP ID="P140_SP00264" HPOS="934" VPOS="1800" WIDTH="24"/>
						<String ID="P140_ST00305" HPOS="958" VPOS="1762" WIDTH="106" HEIGHT="38" CONTENT="борода" WC="0.61" CC="666400"/>
						<SP ID="P140_SP00265" HPOS="1064" VPOS="1800" WIDTH="33"/>
						<String ID="P140_ST00306" HPOS="1097" VPOS="1769" WIDTH="112" HEIGHT="31" CONTENT="покры" SUBS_TYPE="HypPart1" SUBS_CONTENT="покрывала" WC="0.80" CC="460000"/>
						<HYP CONTENT="-"/>
					</TextLine>
					<TextLine ID="P140_TL00040" HPOS="136" VPOS="1800" WIDTH="1075" HEIGHT="46">
						<String ID="P140_ST00307" HPOS="136" VPOS="1806" WIDTH="73" HEIGHT="23" CONTENT="вала" SUBS_TYPE="HypPart2" SUBS_CONTENT="покрывала" WC="0.71" CC="0560"/>
						<SP ID="P140_SP00266" HPOS="209" VPOS="1829" WIDTH="25"/>
						<String ID="P140_ST00308" HPOS="234" VPOS="1806" WIDTH="45" HEIGHT="22" CONTENT="его" WC="0.56" CC="066"/>
						<SP ID="P140_SP00267" HPOS="279" VPOS="1829" WIDTH="26"/>
						<String ID="P140_ST00309" HPOS="305" VPOS="1806" WIDTH="140" HEIGHT="33" CONTENT="могучую" WC="0.98" CC="0010000"/>
						<SP ID="P140_SP00268" HPOS="445" VPOS="1839" WIDTH="24"/>
						<String ID="P140_ST00310" HPOS="469" VPOS="1808" WIDTH="97" HEIGHT="32" CONTENT="грудь." WC="0.84" CC="300060"/>
						<SP ID="P140_SP00269" HPOS="566" VPOS="1840" WIDTH="37"/>
						<String ID="P140_ST00311" HPOS="603" VPOS="1800" WIDTH="152" HEIGHT="39" CONTENT="Одевался" WC="0.70" CC="50060723"/>
						<SP ID="P140_SP00270" HPOS="755" VPOS="1840" WIDTH="24"/>
						<String ID="P140_ST00312" HPOS="779" VPOS="1811" WIDTH="57" HEIGHT="22" CONTENT="онъ" WC="0.76" CC="070"/>
						<SP ID="P140_SP00271" HPOS="836" VPOS="1840" WIDTH="25"/>
						<String ID="P140_ST00313" HPOS="861" VPOS="1813" WIDTH="115" HEIGHT="33" CONTENT="просто," WC="0.78" CC="1044050"/>
						<SP ID="P140_SP00272" HPOS="976" VPOS="1846" WIDTH="39"/>
						<String ID="P140_ST00314" HPOS="1015" VPOS="1814" WIDTH="196" HEIGHT="30" CONTENT="по-казацки," WC="0.66" CC="46300400943"/>
					</TextLine>
					<TextLine ID="P140_TL00041" HPOS="136" VPOS="1847" WIDTH="1073" HEIGHT="45">
						<String ID="P140_ST00315" HPOS="136" VPOS="1851" WIDTH="38" HEIGHT="21" CONTENT="въ" WC="0.66" CC="60"/>
						<SP ID="P140_SP00273" HPOS="174" VPOS="1872" WIDTH="26"/>
						<String ID="P140_ST00316" HPOS="200" VPOS="1851" WIDTH="163" HEIGHT="32" CONTENT="шелковую" WC="0.71" CC="60600701"/>
						<SP ID="P140_SP00274" HPOS="363" VPOS="1883" WIDTH="25"/>
						<String ID="P140_ST00317" HPOS="388" VPOS="1851" WIDTH="137" HEIGHT="33" CONTENT="красную" WC="0.71" CC="9003700"/>
						<SP ID="P140_SP00275" HPOS="525" VPOS="1884" WIDTH="25"/>
						<String ID="P140_ST00318" HPOS="550" VPOS="1847" WIDTH="127" HEIGHT="40" CONTENT="рубаху," WC="0.79" CC="9040000"/>
						<SP ID="P140_SP00276" HPOS="677" VPOS="1887" WIDTH="28"/>
						<String ID="P140_ST00319" HPOS="705" VPOS="1856" WIDTH="187" HEIGHT="33" CONTENT="прикрытую" WC="0.85" CC="205004000"/>
						<SP ID="P140_SP00277" HPOS="892" VPOS="1889" WIDTH="34"/>
						<String ID="P140_ST00320" HPOS="926" VPOS="1851" WIDTH="196" HEIGHT="41" CONTENT="бешметомъ," WC="0.68" CC="5077106003"/>
						<SP ID="P140_SP00278" HPOS="1122" VPOS="1892" WIDTH="26"/>
						<String ID="P140_ST00321" HPOS="1148" VPOS="1859" WIDTH="61" HEIGHT="23" CONTENT="ши" SUBS_TYPE="HypPart1" SUBS_CONTENT="широшя" WC="0.49" CC="554"/>
						<HYP CONTENT="-"/>
					</TextLine>
					<TextLine ID="P140_TL00042" HPOS="136" VPOS="1895" WIDTH="1074" HEIGHT="36">
						<String ID="P140_ST00322" HPOS="136" VPOS="1896" WIDTH="80" HEIGHT="31" CONTENT="рошя" SUBS_TYPE="HypPart2" SUBS_CONTENT="широшя" WC="0.38" CC="9472"/>
						<SP ID="P140_SP00279" HPOS="216" VPOS="1927" WIDTH="25"/>
						<String ID="P140_ST00323" HPOS="241" VPOS="1895" WIDTH="162" HEIGHT="32" CONTENT="шаровары" WC="0.78" CC="00960000"/>
						<SP ID="P140_SP00280" HPOS="403" VPOS="1927" WIDTH="25"/>
						<String ID="P140_ST00324" HPOS="428" VPOS="1897" WIDTH="17" HEIGHT="21" CONTENT="и" WC="0.44" CC="5"/>
						<SP ID="P140_SP00281" HPOS="445" VPOS="1927" WIDTH="24"/>
						<String ID="P140_ST00325" HPOS="469" VPOS="1898" WIDTH="165" HEIGHT="31" CONTENT="черкесше" WC="0.52" CC="62096190"/>
						<SP ID="P140_SP00282" HPOS="634" VPOS="1929" WIDTH="25"/>
						<String ID="P140_ST00326" HPOS="659" VPOS="1900" WIDTH="118" HEIGHT="31" CONTENT="чевяки;" WC="0.49" CC="0266954"/>
						<SP ID="P140_SP00283" HPOS="777" VPOS="1931" WIDTH="38"/>
						<String ID="P140_ST00327" HPOS="815" VPOS="1902" WIDTH="37" HEIGHT="22" CONTENT="на" WC="0.71" CC="50"/>
						<SP ID="P140_SP00284" HPOS="852" VPOS="1931" WIDTH="24"/>
						<String ID="P140_ST00328" HPOS="876" VPOS="1897" WIDTH="107" HEIGHT="29" CONTENT="голове" WC="0.57" CC="496220"/>
						<SP ID="P140_SP00285" HPOS="983" VPOS="1931" WIDTH="34"/>
						<String ID="P140_ST00329" HPOS="1017" VPOS="1905" WIDTH="117" HEIGHT="22" CONTENT="носилъ" WC="0.62" CC="640360"/>
						<SP ID="P140_SP00286" HPOS="1134" VPOS="1931" WIDTH="23"/>
						<String ID="P140_ST00330" HPOS="1157" VPOS="1904" WIDTH="53" HEIGHT="23" CONTENT="па-" WC="0.66" CC="603"/>
					</TextLine>
				</TextBlock>
			</PrintSpace>
		</Page>
	</Layout>
</alto>
