<?xml version="1.0" encoding="UTF-8"?>
<alto xmlns:xsi="http://www.w3.org/2001/XMLSchema-instance" xsi:noNamespaceSchemaLocation="http://www.bl.uk/schemas/alto/alto-1-4.xsd" xmlns:xlink="http://www.w3.org/1999/xlink">
	<Description>
		<MeasurementUnit>mm10</MeasurementUnit>
		<sourceImageInformation>
			<fileName>//head1/IN/2008-36/A0011936310/008140.jp2</fileName>
		</sourceImageInformation>
		<OCRProcessing ID="OCRPROCESSING_1">
			<preProcessingStep>
				<processingSoftware>
					<softwareCreator>CCS Content Conversion Specialists GmbH, Germany</softwareCreator>
					<softwareName>CCS docWORKS</softwareName>
					<softwareVersion>6.1-0.67</softwareVersion>
				</processingSoftware>
			</preProcessingStep>
			<ocrProcessingStep>
				<processingSoftware>
					<softwareCreator>ABBYY (BIT Software), Russia</softwareCreator>
					<softwareName>Finereader</softwareName>
				</processingSoftware>
			</ocrProcessingStep>
		</OCRProcessing>
	</Description>
	<Styles>
		<TextStyle ID="TXT_0" FONTSIZE="10" FONTFAMILY="Courier New"/>
		<ParagraphStyle ID="PAR_RIGHT" ALIGN="Right"/>
		<ParagraphStyle ID="PAR_LEFT" ALIGN="Left"/>
	</Styles>
	<Layout>
		<Page ID="P122" PHYSICAL_IMG_NR="122" HEIGHT="2028" WIDTH="1261" PRINTED_IMG_NR="110" POSITION="Left" ACCURACY="64.35">
			<TopMargin ID="P122_TM00001" HPOS="0" VPOS="0" WIDTH="1260" HEIGHT="81">
				<TextBlock ID="P122_TB00001" HPOS="552" VPOS="56" WIDTH="170" HEIGHT="23" STYLEREFS="TXT_0 PAR_RIGHT">
					<TextLine ID="P122_TL00001" HPOS="652" VPOS="67" WIDTH="70" HEIGHT="12">
						<String ID="P122_ST00001" HPOS="652" VPOS="67" WIDTH="70" HEIGHT="12" CONTENT="110" WC="1.00" CC="000"/>
					</TextLine>
				</TextBlock>
			</TopMargin>
			<LeftMargin ID="P122_LM00001" HPOS="0" VPOS="81" WIDTH="97" HEIGHT="1893"/>
			<RightMargin ID="P122_RM00001" HPOS="1181" VPOS="81" WIDTH="79" HEIGHT="1893"/>
			<BottomMargin ID="P122_BM00001" HPOS="0" VPOS="1974" WIDTH="1260" HEIGHT="53"/>
			<PrintSpace ID="P122_PS00001" HPOS="97" VPOS="81" WIDTH="1084" HEIGHT="1893">
				<TextBlock ID="P122_TB00002" HPOS="97" VPOS="125" WIDTH="1084" HEIGHT="1849" STYLEREFS="TXT_0 PAR_LEFT">
					<TextLine ID="P122_TL00002" HPOS="97" VPOS="125" WIDTH="1075" HEIGHT="49">
						<String ID="P122_ST00002" HPOS="97" VPOS="145" WIDTH="90" HEIGHT="28" CONTENT="линь," WC="0.56" CC="64704"/>
						<SP ID="P122_SP00001" HPOS="187" VPOS="173" WIDTH="37"/>
						<String ID="P122_ST00003" HPOS="224" VPOS="144" WIDTH="129" HEIGHT="28" CONTENT="столица" WC="0.68" CC="6035600"/>
						<SP ID="P122_SP00002" HPOS="353" VPOS="173" WIDTH="31"/>
						<String ID="P122_ST00004" HPOS="384" VPOS="134" WIDTH="168" HEIGHT="40" CONTENT="Прусскаго" WC="0.69" CC="609430030"/>
						<SP ID="P122_SP00003" HPOS="552" VPOS="174" WIDTH="37"/>
						<String ID="P122_ST00005" HPOS="589" VPOS="137" WIDTH="206" HEIGHT="33" CONTENT="коро,1евства." WC="0.70" CC="4004180230580"/>
						<SP ID="P122_SP00004" HPOS="795" VPOS="174" WIDTH="32"/>
						<String ID="P122_ST00006" HPOS="827" VPOS="127" WIDTH="40" HEIGHT="31" CONTENT="Въ" WC="0.44" CC="73"/>
						<SP ID="P122_SP00005" HPOS="867" VPOS="174" WIDTH="26"/>
						<String ID="P122_ST00007" HPOS="893" VPOS="127" WIDTH="117" HEIGHT="30" CONTENT="начале" WC="0.58" CC="606560"/>
						<SP ID="P122_SP00006" HPOS="1010" VPOS="174" WIDTH="27"/>
						<String ID="P122_ST00008" HPOS="1037" VPOS="125" WIDTH="135" HEIGHT="38" CONTENT="февраля" WC="0.63" CC="0029066"/>
					</TextLine>
					<TextLine ID="P122_TL00003" HPOS="98" VPOS="170" WIDTH="1077" HEIGHT="52">
						<String ID="P122_ST00009" HPOS="98" VPOS="190" WIDTH="117" HEIGHT="32" CONTENT="руссте" WC="0.71" CC="002292"/>
						<SP ID="P122_SP00007" HPOS="215" VPOS="222" WIDTH="25"/>
						<String ID="P122_ST00010" HPOS="240" VPOS="189" WIDTH="138" HEIGHT="31" CONTENT="перешли" WC="0.52" CC="5484406"/>
						<SP ID="P122_SP00008" HPOS="378" VPOS="222" WIDTH="25"/>
						<String ID="P122_ST00011" HPOS="403" VPOS="189" WIDTH="39" HEIGHT="21" CONTENT="въ" WC="0.69" CC="60"/>
						<SP ID="P122_SP00009" HPOS="442" VPOS="222" WIDTH="27"/>
						<String ID="P122_ST00012" HPOS="469" VPOS="185" WIDTH="139" HEIGHT="33" CONTENT="разныхъ" WC="0.52" CC="9765400"/>
						<SP ID="P122_SP00010" HPOS="608" VPOS="222" WIDTH="26"/>
						<String ID="P122_ST00013" HPOS="634" VPOS="177" WIDTH="139" HEIGHT="29" CONTENT="местахъ" WC="0.86" CC="6020000"/>
						<SP ID="P122_SP00011" HPOS="773" VPOS="222" WIDTH="24"/>
						<String ID="P122_ST00014" HPOS="797" VPOS="173" WIDTH="107" HEIGHT="39" CONTENT="Одеръ." WC="0.92" CC="400000"/>
						<SP ID="P122_SP00012" HPOS="904" VPOS="222" WIDTH="29"/>
						<String ID="P122_ST00015" HPOS="933" VPOS="170" WIDTH="78" HEIGHT="37" CONTENT="Ледъ" WC="0.86" CC="0050"/>
						<SP ID="P122_SP00013" HPOS="1011" VPOS="222" WIDTH="26"/>
						<String ID="P122_ST00016" HPOS="1037" VPOS="180" WIDTH="38" HEIGHT="21" CONTENT="на" WC="0.41" CC="64"/>
						<SP ID="P122_SP00014" HPOS="1075" VPOS="222" WIDTH="19"/>
						<String ID="P122_ST00017" HPOS="1094" VPOS="172" WIDTH="81" HEIGHT="37" CONTENT="реке" WC="0.75" CC="0090"/>
					</TextLine>
					<TextLine ID="P122_TL00004" HPOS="99" VPOS="217" WIDTH="1077" HEIGHT="48">
						<String ID="P122_ST00018" HPOS="99" VPOS="227" WIDTH="82" HEIGHT="30" CONTENT="былъ" WC="0.64" CC="7070"/>
						<SP ID="P122_SP00015" HPOS="181" VPOS="257" WIDTH="23"/>
						<String ID="P122_ST00019" HPOS="204" VPOS="235" WIDTH="77" HEIGHT="22" CONTENT="такъ" WC="0.68" CC="5700"/>
						<SP ID="P122_SP00016" HPOS="281" VPOS="257" WIDTH="23"/>
						<String ID="P122_ST00020" HPOS="304" VPOS="234" WIDTH="121" HEIGHT="31" CONTENT="тонокъ," WC="0.60" CC="0545802"/>
						<SP ID="P122_SP00017" HPOS="425" VPOS="265" WIDTH="27"/>
						<String ID="P122_ST00021" HPOS="452" VPOS="233" WIDTH="50" HEIGHT="22" CONTENT="что" WC="0.30" CC="595"/>
						<SP ID="P122_SP00018" HPOS="502" VPOS="265" WIDTH="27"/>
						<String ID="P122_ST00022" HPOS="529" VPOS="230" WIDTH="104" HEIGHT="31" CONTENT="черезъ" WC="0.75" CC="900040"/>
						<SP ID="P122_SP00019" HPOS="633" VPOS="265" WIDTH="26"/>
						<String ID="P122_ST00023" HPOS="659" VPOS="219" WIDTH="17" HEIGHT="32" CONTENT="2" WC="1.00" CC="0"/>
						<SP ID="P122_SP00020" HPOS="676" VPOS="265" WIDTH="26"/>
						<String ID="P122_ST00024" HPOS="702" VPOS="228" WIDTH="55" HEIGHT="27" CONTENT="дня" WC="0.47" CC="267"/>
						<SP ID="P122_SP00021" HPOS="757" VPOS="265" WIDTH="25"/>
						<String ID="P122_ST00025" HPOS="782" VPOS="220" WIDTH="96" HEIGHT="30" CONTENT="после" WC="0.57" CC="56350"/>
						<SP ID="P122_SP00022" HPOS="878" VPOS="265" WIDTH="24"/>
						<String ID="P122_ST00026" HPOS="902" VPOS="224" WIDTH="177" HEIGHT="32" CONTENT="переправы" WC="0.67" CC="540540044"/>
						<SP ID="P122_SP00023" HPOS="1079" VPOS="265" WIDTH="20"/>
						<String ID="P122_ST00027" HPOS="1099" VPOS="217" WIDTH="77" HEIGHT="37" CONTENT="река" WC="0.76" CC="0090"/>
					</TextLine>
					<TextLine ID="P122_TL00005" HPOS="98" VPOS="262" WIDTH="1078" HEIGHT="49">
						<String ID="P122_ST00028" HPOS="98" VPOS="279" WIDTH="178" HEIGHT="32" CONTENT="вскрылась." WC="0.76" CC="5500600150"/>
						<SP ID="P122_SP00024" HPOS="276" VPOS="311" WIDTH="38"/>
						<String ID="P122_ST00029" HPOS="314" VPOS="270" WIDTH="199" HEIGHT="39" CONTENT="Чернышевъ," WC="0.59" CC="4007268424"/>
						<SP ID="P122_SP00025" HPOS="513" VPOS="311" WIDTH="39"/>
						<String ID="P122_ST00030" HPOS="552" VPOS="268" WIDTH="82" HEIGHT="29" CONTENT="имея" WC="0.40" CC="6907"/>
						<SP ID="P122_SP00026" HPOS="634" VPOS="311" WIDTH="33"/>
						<String ID="P122_ST00031" HPOS="667" VPOS="274" WIDTH="75" HEIGHT="27" CONTENT="подъ" WC="0.79" CC="4300"/>
						<SP ID="P122_SP00027" HPOS="742" VPOS="311" WIDTH="31"/>
						<String ID="P122_ST00032" HPOS="773" VPOS="264" WIDTH="151" HEIGHT="36" CONTENT="командой" WC="0.47" CC="93907055"/>
						<SP ID="P122_SP00028" HPOS="924" VPOS="311" WIDTH="33"/>
						<String ID="P122_ST00033" HPOS="957" VPOS="262" WIDTH="16" HEIGHT="31" CONTENT="6" WC="0.43" CC="5"/>
						<SP ID="P122_SP00029" HPOS="973" VPOS="311" WIDTH="32"/>
						<String ID="P122_ST00034" HPOS="1005" VPOS="269" WIDTH="171" HEIGHT="23" CONTENT="казачьихъ" WC="0.54" CC="975093400"/>
					</TextLine>
					<TextLine ID="P122_TL00006" HPOS="99" VPOS="314" WIDTH="1073" HEIGHT="41">
						<String ID="P122_ST00035" HPOS="99" VPOS="325" WIDTH="140" HEIGHT="30" CONTENT="полковъ," WC="0.60" CC="62603704"/>
						<SP ID="P122_SP00030" HPOS="239" VPOS="355" WIDTH="30"/>
						<String ID="P122_ST00036" HPOS="269" VPOS="316" WIDTH="16" HEIGHT="30" CONTENT="6" WC="0.70" CC="2"/>
						<SP ID="P122_SP00031" HPOS="285" VPOS="355" WIDTH="27"/>
						<String ID="P122_ST00037" HPOS="312" VPOS="323" WIDTH="201" HEIGHT="31" CONTENT="эскадроновъ" WC="0.70" CC="20200084740"/>
						<SP ID="P122_SP00032" HPOS="513" VPOS="355" WIDTH="24"/>
						<String ID="P122_ST00038" HPOS="537" VPOS="320" WIDTH="112" HEIGHT="31" CONTENT="гусаръ" WC="0.73" CC="702302"/>
						<SP ID="P122_SP00033" HPOS="649" VPOS="355" WIDTH="25"/>
						<String ID="P122_ST00039" HPOS="674" VPOS="320" WIDTH="17" HEIGHT="26" CONTENT="р" WC="0.24" CC="7"/>
						<SP ID="P122_SP00034" HPOS="691" VPOS="355" WIDTH="27"/>
						<String ID="P122_ST00040" HPOS="718" VPOS="318" WIDTH="143" HEIGHT="32" CONTENT="драгунъ," WC="0.81" CC="30000704"/>
						<SP ID="P122_SP00035" HPOS="861" VPOS="355" WIDTH="36"/>
						<String ID="P122_ST00041" HPOS="897" VPOS="317" WIDTH="58" HEIGHT="30" CONTENT="при" WC="0.39" CC="098"/>
						<SP ID="P122_SP00036" HPOS="955" VPOS="355" WIDTH="26"/>
						<String ID="P122_ST00042" HPOS="981" VPOS="315" WIDTH="99" HEIGHT="32" CONTENT="двухъ" WC="0.85" CC="15000"/>
						<SP ID="P122_SP00037" HPOS="1080" VPOS="355" WIDTH="24"/>
						<String ID="P122_ST00043" HPOS="1104" VPOS="314" WIDTH="68" HEIGHT="31" CONTENT="ору" SUBS_TYPE="HypPart1" SUBS_CONTENT="орузцяхъ," WC="0.75" CC="5004"/>
						<HYP CONTENT="-"/>
					</TextLine>
					<TextLine ID="P122_TL00007" HPOS="100" VPOS="356" WIDTH="1074" HEIGHT="45">
						<String ID="P122_ST00044" HPOS="100" VPOS="370" WIDTH="99" HEIGHT="31" CONTENT="зцяхъ," SUBS_TYPE="HypPart2" SUBS_CONTENT="орузцяхъ," WC="0.68" CC="184004"/>
						<SP ID="P122_SP00038" HPOS="199" VPOS="401" WIDTH="27"/>
						<String ID="P122_ST00045" HPOS="226" VPOS="368" WIDTH="187" HEIGHT="33" CONTENT="пригласилъ" WC="0.71" CC="6000707052"/>
						<SP ID="P122_SP00039" HPOS="413" VPOS="401" WIDTH="24"/>
						<String ID="P122_ST00046" HPOS="437" VPOS="367" WIDTH="61" HEIGHT="28" CONTENT="еще" WC="0.83" CC="040"/>
						<SP ID="P122_SP00040" HPOS="498" VPOS="401" WIDTH="37"/>
						<String ID="P122_ST00047" HPOS="535" VPOS="356" WIDTH="185" HEIGHT="39" CONTENT="Тетенборна" WC="0.68" CC="0000654059"/>
						<SP ID="P122_SP00041" HPOS="720" VPOS="401" WIDTH="25"/>
						<String ID="P122_ST00048" HPOS="745" VPOS="362" WIDTH="134" HEIGHT="32" CONTENT="принять" WC="0.76" CC="4056000"/>
						<SP ID="P122_SP00042" HPOS="879" VPOS="401" WIDTH="35"/>
						<String ID="P122_ST00049" HPOS="914" VPOS="361" WIDTH="119" HEIGHT="33" CONTENT="учасие" WC="0.61" CC="750080"/>
						<SP ID="P122_SP00043" HPOS="1033" VPOS="401" WIDTH="25"/>
						<String ID="P122_ST00050" HPOS="1058" VPOS="360" WIDTH="40" HEIGHT="22" CONTENT="въ" WC="0.69" CC="60"/>
						<SP ID="P122_SP00044" HPOS="1098" VPOS="401" WIDTH="24"/>
						<String ID="P122_ST00051" HPOS="1122" VPOS="359" WIDTH="52" HEIGHT="22" CONTENT="на" SUBS_TYPE="HypPart1" SUBS_CONTENT="набег*." WC="0.70" CC="502"/>
						<HYP CONTENT="-"/>
					</TextLine>
					<TextLine ID="P122_TL00008" HPOS="100" VPOS="405" WIDTH="1071" HEIGHT="40">
						<String ID="P122_ST00052" HPOS="100" VPOS="406" WIDTH="85" HEIGHT="31" CONTENT="бег*." SUBS_TYPE="HypPart2" SUBS_CONTENT="набег*." WC="0.49" CC="79043"/>
						<SP ID="P122_SP00045" HPOS="185" VPOS="437" WIDTH="30"/>
						<String ID="P122_ST00053" HPOS="215" VPOS="405" WIDTH="41" HEIGHT="31" CONTENT="Въ" WC="0.45" CC="91"/>
						<SP ID="P122_SP00046" HPOS="256" VPOS="437" WIDTH="25"/>
						<String ID="P122_ST00054" HPOS="281" VPOS="405" WIDTH="138" HEIGHT="40" CONTENT="Берлине" WC="0.32" CC="4099679"/>
						<SP ID="P122_SP00047" HPOS="419" VPOS="445" WIDTH="25"/>
						<String ID="P122_ST00055" HPOS="444" VPOS="405" WIDTH="97" HEIGHT="29" CONTENT="менее" WC="0.73" CC="41700"/>
						<SP ID="P122_SP00048" HPOS="541" VPOS="445" WIDTH="24"/>
						<String ID="P122_ST00056" HPOS="565" VPOS="410" WIDTH="82" HEIGHT="23" CONTENT="всего" WC="0.82" CC="50030"/>
						<SP ID="P122_SP00049" HPOS="647" VPOS="445" WIDTH="26"/>
						<String ID="P122_ST00057" HPOS="673" VPOS="409" WIDTH="100" HEIGHT="29" CONTENT="Ягдали" WC="0.53" CC="860606"/>
						<SP ID="P122_SP00050" HPOS="773" VPOS="445" WIDTH="26"/>
						<String ID="P122_ST00058" HPOS="799" VPOS="407" WIDTH="161" HEIGHT="23" CONTENT="появлешя" WC="0.55" CC="40276086"/>
						<SP ID="P122_SP00051" HPOS="960" VPOS="445" WIDTH="36"/>
						<String ID="P122_ST00059" HPOS="996" VPOS="405" WIDTH="175" HEIGHT="32" CONTENT="русскихъ:" WC="0.83" CC="001036030"/>
					</TextLine>
					<TextLine ID="P122_TL00009" HPOS="101" VPOS="446" WIDTH="1075" HEIGHT="44">
						<String ID="P122_ST00060" HPOS="101" VPOS="460" WIDTH="143" HEIGHT="30" CONTENT="генералъ" WC="0.88" CC="20700000"/>
						<SP ID="P122_SP00052" HPOS="244" VPOS="490" WIDTH="37"/>
						<String ID="P122_ST00061" HPOS="281" VPOS="450" WIDTH="100" HEIGHT="39" CONTENT="Ожеро" WC="0.70" CC="19003"/>
						<SP ID="P122_SP00053" HPOS="381" VPOS="490" WIDTH="33"/>
						<String ID="P122_ST00062" HPOS="414" VPOS="450" WIDTH="82" HEIGHT="30" CONTENT="былъ" WC="0.65" CC="7600"/>
						<SP ID="P122_SP00054" HPOS="496" VPOS="490" WIDTH="23"/>
						<String ID="P122_ST00063" HPOS="519" VPOS="449" WIDTH="149" HEIGHT="39" CONTENT="уверенъ," WC="0.72" CC="00900704"/>
						<SP ID="P122_SP00055" HPOS="668" VPOS="490" WIDTH="35"/>
						<String ID="P122_ST00064" HPOS="703" VPOS="455" WIDTH="50" HEIGHT="21" CONTENT="что" WC="0.82" CC="005"/>
						<SP ID="P122_SP00056" HPOS="753" VPOS="490" WIDTH="35"/>
						<String ID="P122_ST00065" HPOS="788" VPOS="446" WIDTH="55" HEIGHT="30" CONTENT="все" WC="0.66" CC="540"/>
						<SP ID="P122_SP00057" HPOS="843" VPOS="490" WIDTH="25"/>
						<String ID="P122_ST00066" HPOS="868" VPOS="451" WIDTH="176" HEIGHT="32" CONTENT="переправы" WC="0.84" CC="010070005"/>
						<SP ID="P122_SP00058" HPOS="1044" VPOS="490" WIDTH="25"/>
						<String ID="P122_ST00067" HPOS="1069" VPOS="450" WIDTH="107" HEIGHT="30" CONTENT="черезъ" WC="0.84" CC="300140"/>
					</TextLine>
					<TextLine ID="P122_TL00010" HPOS="99" VPOS="487" WIDTH="1076" HEIGHT="48">
						<String ID="P122_ST00068" HPOS="99" VPOS="495" WIDTH="94" HEIGHT="40" CONTENT="Одеръ" WC="0.86" CC="31002"/>
						<SP ID="P122_SP00059" HPOS="193" VPOS="535" WIDTH="24"/>
						<String ID="P122_ST00069" HPOS="217" VPOS="503" WIDTH="165" HEIGHT="28" CONTENT="находятся" WC="0.75" CC="400135014"/>
						<SP ID="P122_SP00060" HPOS="382" VPOS="535" WIDTH="24"/>
						<String ID="P122_ST00070" HPOS="406" VPOS="503" WIDTH="38" HEIGHT="22" CONTENT="въ" WC="0.68" CC="60"/>
						<SP ID="P122_SP00061" HPOS="444" VPOS="535" WIDTH="25"/>
						<String ID="P122_ST00071" HPOS="469" VPOS="501" WIDTH="121" HEIGHT="32" CONTENT="рукахъ" WC="0.83" CC="090000"/>
						<SP ID="P122_SP00062" HPOS="590" VPOS="535" WIDTH="24"/>
						<String ID="P122_ST00072" HPOS="614" VPOS="491" WIDTH="206" HEIGHT="40" CONTENT="французовъ." WC="0.62" CC="90670943000"/>
						<SP ID="P122_SP00063" HPOS="820" VPOS="535" WIDTH="29"/>
						<String ID="P122_ST00073" HPOS="849" VPOS="489" WIDTH="44" HEIGHT="31" CONTENT="Въ" WC="0.65" CC="70"/>
						<SP ID="P122_SP00064" HPOS="893" VPOS="535" WIDTH="27"/>
						<String ID="P122_ST00074" HPOS="920" VPOS="489" WIDTH="19" HEIGHT="30" CONTENT="4" WC="0.76" CC="2"/>
						<SP ID="P122_SP00065" HPOS="939" VPOS="535" WIDTH="27"/>
						<String ID="P122_ST00075" HPOS="966" VPOS="497" WIDTH="28" HEIGHT="22" CONTENT="ч." WC="0.50" CC="90"/>
						<SP ID="P122_SP00066" HPOS="994" VPOS="535" WIDTH="28"/>
						<String ID="P122_ST00076" HPOS="1022" VPOS="495" WIDTH="75" HEIGHT="33" CONTENT="утра" WC="0.75" CC="9000"/>
						<SP ID="P122_SP00067" HPOS="1097" VPOS="535" WIDTH="27"/>
						<String ID="P122_ST00077" HPOS="1124" VPOS="487" WIDTH="51" HEIGHT="30" CONTENT="оба" WC="0.54" CC="670"/>
					</TextLine>
					<TextLine ID="P122_TL00011" HPOS="99" VPOS="533" WIDTH="1077" HEIGHT="47">
						<String ID="P122_ST00078" HPOS="99" VPOS="549" WIDTH="105" HEIGHT="31" CONTENT="отряда" WC="0.73" CC="020606"/>
						<SP ID="P122_SP00068" HPOS="204" VPOS="580" WIDTH="33"/>
						<String ID="P122_ST00079" HPOS="237" VPOS="542" WIDTH="167" HEIGHT="29" CONTENT="незаметно" WC="0.77" CC="606000034"/>
						<SP ID="P122_SP00069" HPOS="404" VPOS="580" WIDTH="32"/>
						<String ID="P122_ST00080" HPOS="436" VPOS="546" WIDTH="138" HEIGHT="30" CONTENT="подошли" WC="0.63" CC="3202664"/>
						<SP ID="P122_SP00070" HPOS="574" VPOS="580" WIDTH="28"/>
						<String ID="P122_ST00081" HPOS="602" VPOS="545" WIDTH="38" HEIGHT="22" CONTENT="къ" WC="1.00" CC="00"/>
						<SP ID="P122_SP00071" HPOS="640" VPOS="580" WIDTH="25"/>
						<String ID="P122_ST00082" HPOS="665" VPOS="544" WIDTH="117" HEIGHT="32" CONTENT="городу." WC="0.80" CC="0605001"/>
						<SP ID="P122_SP00072" HPOS="782" VPOS="580" WIDTH="37"/>
						<String ID="P122_ST00083" HPOS="819" VPOS="533" WIDTH="197" HEIGHT="33" CONTENT="Полковникъ" WC="0.61" CC="5460555600"/>
						<SP ID="P122_SP00073" HPOS="1016" VPOS="580" WIDTH="25"/>
						<String ID="P122_ST00084" HPOS="1041" VPOS="533" WIDTH="135" HEIGHT="30" CONTENT="Власовъ" WC="0.81" CC="7600000"/>
					</TextLine>
					<TextLine ID="P122_TL00012" HPOS="99" VPOS="576" WIDTH="1074" HEIGHT="49">
						<String ID="P122_ST00085" HPOS="99" VPOS="594" WIDTH="36" HEIGHT="22" CONTENT="съ" WC="0.53" CC="54"/>
						<SP ID="P122_SP00074" HPOS="135" VPOS="616" WIDTH="25"/>
						<String ID="P122_ST00086" HPOS="160" VPOS="594" WIDTH="96" HEIGHT="31" CONTENT="двумя" WC="0.77" CC="05006"/>
						<SP ID="P122_SP00075" HPOS="256" VPOS="625" WIDTH="24"/>
						<String ID="P122_ST00087" HPOS="280" VPOS="593" WIDTH="169" HEIGHT="23" CONTENT="казачьими" WC="0.60" CC="900660604"/>
						<SP ID="P122_SP00076" HPOS="449" VPOS="625" WIDTH="25"/>
						<String ID="P122_ST00088" HPOS="474" VPOS="591" WIDTH="135" HEIGHT="23" CONTENT="полками" WC="0.60" CC="5660026"/>
						<SP ID="P122_SP00077" HPOS="609" VPOS="625" WIDTH="18"/>
						<String ID="P122_ST00089" HPOS="627" VPOS="590" WIDTH="138" HEIGHT="27" CONTENT="доля^енъ" WC="0.51" CC="09498070"/>
						<SP ID="P122_SP00078" HPOS="765" VPOS="625" WIDTH="17"/>
						<String ID="P122_ST00090" HPOS="782" VPOS="582" WIDTH="81" HEIGHT="29" CONTENT="былъ" WC="0.50" CC="7660"/>
						<SP ID="P122_SP00079" HPOS="863" VPOS="625" WIDTH="18"/>
						<String ID="P122_ST00091" HPOS="881" VPOS="587" WIDTH="132" HEIGHT="23" CONTENT="напасть" WC="0.66" CC="6050442"/>
						<SP ID="P122_SP00080" HPOS="1013" VPOS="625" WIDTH="20"/>
						<String ID="P122_ST00092" HPOS="1033" VPOS="587" WIDTH="37" HEIGHT="21" CONTENT="на" WC="0.53" CC="72"/>
						<SP ID="P122_SP00081" HPOS="1070" VPOS="625" WIDTH="18"/>
						<String ID="P122_ST00093" HPOS="1088" VPOS="576" WIDTH="85" HEIGHT="40" CONTENT="Шар" SUBS_TYPE="HypPart1" SUBS_CONTENT="Шарлотенбургъ," WC="0.92" CC="3000"/>
						<HYP CONTENT="-"/>
					</TextLine>
					<TextLine ID="P122_TL00013" HPOS="98" VPOS="624" WIDTH="1075" HEIGHT="46">
						<String ID="P122_ST00094" HPOS="98" VPOS="633" WIDTH="197" HEIGHT="37" CONTENT="лотенбургъ," SUBS_TYPE="HypPart2" SUBS_CONTENT="Шарлотенбургъ," WC="0.71" CC="53006700222"/>
						<SP ID="P122_SP00082" HPOS="295" VPOS="670" WIDTH="36"/>
						<String ID="P122_ST00095" HPOS="331" VPOS="631" WIDTH="52" HEIGHT="35" CONTENT="где" WC="1.00" CC="000"/>
						<SP ID="P122_SP00083" HPOS="383" VPOS="670" WIDTH="25"/>
						<String ID="P122_ST00096" HPOS="408" VPOS="637" WIDTH="107" HEIGHT="23" CONTENT="стояла" WC="0.61" CC="401772"/>
						<SP ID="P122_SP00084" HPOS="515" VPOS="670" WIDTH="26"/>
						<String ID="P122_ST00097" HPOS="541" VPOS="628" WIDTH="138" HEIGHT="31" CONTENT="большая" WC="0.57" CC="9560305"/>
						<SP ID="P122_SP00085" HPOS="679" VPOS="670" WIDTH="31"/>
						<String ID="P122_ST00098" HPOS="710" VPOS="635" WIDTH="88" HEIGHT="22" CONTENT="часть" WC="0.81" CC="08100"/>
						<SP ID="P122_SP00086" HPOS="798" VPOS="670" WIDTH="25"/>
						<String ID="P122_ST00099" HPOS="823" VPOS="624" WIDTH="213" HEIGHT="41" CONTENT="французской" WC="0.58" CC="00361932945"/>
						<SP ID="P122_SP00087" HPOS="1036" VPOS="670" WIDTH="33"/>
						<String ID="P122_ST00100" HPOS="1069" VPOS="632" WIDTH="104" HEIGHT="30" CONTENT="артил" SUBS_TYPE="HypPart1" SUBS_CONTENT="артиллерш," WC="0.80" CC="000371"/>
						<HYP CONTENT="-"/>
					</TextLine>
					<TextLine ID="P122_TL00014" HPOS="99" VPOS="671" WIDTH="1075" HEIGHT="44">
						<String ID="P122_ST00101" HPOS="99" VPOS="684" WIDTH="92" HEIGHT="31" CONTENT="лерш," SUBS_TYPE="HypPart2" SUBS_CONTENT="артиллерш," WC="0.60" CC="53083"/>
						<SP ID="P122_SP00088" HPOS="191" VPOS="715" WIDTH="26"/>
						<String ID="P122_ST00102" HPOS="217" VPOS="684" WIDTH="17" HEIGHT="21" CONTENT="а" WC="0.32" CC="6"/>
						<SP ID="P122_SP00089" HPOS="234" VPOS="715" WIDTH="24"/>
						<String ID="P122_ST00103" HPOS="258" VPOS="684" WIDTH="38" HEIGHT="20" CONTENT="въ" WC="0.68" CC="60"/>
						<SP ID="P122_SP00090" HPOS="296" VPOS="715" WIDTH="26"/>
						<String ID="P122_ST00104" HPOS="322" VPOS="682" WIDTH="50" HEIGHT="23" CONTENT="это" WC="0.61" CC="506"/>
						<SP ID="P122_SP00091" HPOS="372" VPOS="715" WIDTH="25"/>
						<String ID="P122_ST00105" HPOS="397" VPOS="682" WIDTH="94" HEIGHT="31" CONTENT="время" WC="0.62" CC="60164"/>
						<SP ID="P122_SP00092" HPOS="491" VPOS="715" WIDTH="30"/>
						<String ID="P122_ST00106" HPOS="521" VPOS="680" WIDTH="174" HEIGHT="24" CONTENT="остальныя" WC="0.67" CC="400064706"/>
						<SP ID="P122_SP00093" HPOS="695" VPOS="715" WIDTH="25"/>
						<String ID="P122_ST00107" HPOS="720" VPOS="671" WIDTH="110" HEIGHT="30" CONTENT="войска" WC="0.49" CC="175068"/>
						<SP ID="P122_SP00094" HPOS="830" VPOS="715" WIDTH="9"/>
						<String ID="P122_ST00108" HPOS="839" VPOS="688" WIDTH="44" HEIGHT="3" CONTENT="—" WC="0.20" CC="8"/>
						<SP ID="P122_SP00095" HPOS="883" VPOS="715" WIDTH="11"/>
						<String ID="P122_ST00109" HPOS="894" VPOS="677" WIDTH="147" HEIGHT="23" CONTENT="вскочить" WC="0.46" CC="42939606"/>
						<SP ID="P122_SP00096" HPOS="1041" VPOS="715" WIDTH="25"/>
						<String ID="P122_ST00110" HPOS="1066" VPOS="677" WIDTH="38" HEIGHT="21" CONTENT="въ" WC="0.80" CC="40"/>
						<SP ID="P122_SP00097" HPOS="1104" VPOS="715" WIDTH="24"/>
						<String ID="P122_ST00111" HPOS="1128" VPOS="677" WIDTH="46" HEIGHT="21" CONTENT="го" SUBS_TYPE="HypPart1" SUBS_CONTENT="городъ." WC="0.55" CC="670"/>
						<HYP CONTENT="-"/>
					</TextLine>
					<TextLine ID="P122_TL00015" HPOS="99" VPOS="716" WIDTH="1076" HEIGHT="44">
						<String ID="P122_ST00112" HPOS="99" VPOS="729" WIDTH="81" HEIGHT="31" CONTENT="родъ." SUBS_TYPE="HypPart2" SUBS_CONTENT="городъ." WC="0.70" CC="07304"/>
						<SP ID="P122_SP00098" HPOS="180" VPOS="760" WIDTH="14"/>
						<String ID="P122_ST00113" HPOS="194" VPOS="719" WIDTH="79" HEIGHT="40" CONTENT="Дело" WC="0.33" CC="6954"/>
						<SP ID="P122_SP00099" HPOS="273" VPOS="760" WIDTH="18"/>
						<String ID="P122_ST00114" HPOS="291" VPOS="728" WIDTH="108" HEIGHT="21" CONTENT="вышло" WC="0.70" CC="64003"/>
						<SP ID="P122_SP00100" HPOS="399" VPOS="760" WIDTH="17"/>
						<String ID="P122_ST00115" HPOS="416" VPOS="727" WIDTH="104" HEIGHT="22" CONTENT="иначе." WC="0.83" CC="050003"/>
						<SP ID="P122_SP00101" HPOS="520" VPOS="760" WIDTH="18"/>
						<String ID="P122_ST00116" HPOS="538" VPOS="716" WIDTH="80" HEIGHT="33" CONTENT="Пока" WC="0.96" CC="1000"/>
						<SP ID="P122_SP00102" HPOS="618" VPOS="760" WIDTH="17"/>
						<String ID="P122_ST00117" HPOS="635" VPOS="727" WIDTH="18" HEIGHT="30" CONTENT="у" WC="1.00" CC="0"/>
						<SP ID="P122_SP00103" HPOS="653" VPOS="760" WIDTH="18"/>
						<String ID="P122_ST00118" HPOS="671" VPOS="725" WIDTH="77" HEIGHT="22" CONTENT="насъ" WC="0.71" CC="6040"/>
						<SP ID="P122_SP00104" HPOS="748" VPOS="760" WIDTH="25"/>
						<String ID="P122_ST00119" HPOS="773" VPOS="717" WIDTH="152" HEIGHT="33" CONTENT="делались" WC="0.63" CC="00508726"/>
						<SP ID="P122_SP00105" HPOS="925" VPOS="760" WIDTH="18"/>
						<String ID="P122_ST00120" HPOS="943" VPOS="721" WIDTH="232" HEIGHT="33" CONTENT="распоряжешя," WC="0.66" CC="004670090804"/>
					</TextLine>
					<TextLine ID="P122_TL00016" HPOS="98" VPOS="760" WIDTH="1074" HEIGHT="44">
						<String ID="P122_ST00121" HPOS="98" VPOS="774" WIDTH="38" HEIGHT="21" CONTENT="въ" WC="0.40" CC="65"/>
						<SP ID="P122_SP00106" HPOS="136" VPOS="795" WIDTH="24"/>
						<String ID="P122_ST00122" HPOS="160" VPOS="773" WIDTH="182" HEIGHT="31" CONTENT="городскнхъ" WC="0.60" CC="0704249802"/>
						<SP ID="P122_SP00107" HPOS="342" VPOS="804" WIDTH="37"/>
						<String ID="P122_ST00123" HPOS="379" VPOS="771" WIDTH="147" HEIGHT="32" CONTENT="воротахъ" WC="0.89" CC="20002004"/>
						<SP ID="P122_SP00108" HPOS="526" VPOS="804" WIDTH="25"/>
						<String ID="P122_ST00124" HPOS="551" VPOS="771" WIDTH="180" HEIGHT="22" CONTENT="показалось" WC="0.58" CC="5685580200"/>
						<SP ID="P122_SP00109" HPOS="731" VPOS="804" WIDTH="28"/>
						<String ID="P122_ST00125" HPOS="759" VPOS="760" WIDTH="41" HEIGHT="32" CONTENT="30" WC="0.30" CC="75"/>
						<SP ID="P122_SP00110" HPOS="800" VPOS="804" WIDTH="25"/>
						<String ID="P122_ST00126" HPOS="825" VPOS="762" WIDTH="240" HEIGHT="38" CONTENT="французскихъ" WC="0.54" CC="900639609800"/>
						<SP ID="P122_SP00111" HPOS="1065" VPOS="804" WIDTH="24"/>
						<String ID="P122_ST00127" HPOS="1089" VPOS="766" WIDTH="83" HEIGHT="28" CONTENT="всад" SUBS_TYPE="HypPart1" SUBS_CONTENT="всаднпковъ." WC="0.80" CC="72000"/>
						<HYP CONTENT="-"/>
					</TextLine>
					<TextLine ID="P122_TL00017" HPOS="101" VPOS="805" WIDTH="1074" HEIGHT="40">
						<String ID="P122_ST00128" HPOS="101" VPOS="819" WIDTH="125" HEIGHT="21" CONTENT="нпковъ." SUBS_TYPE="HypPart2" SUBS_CONTENT="всаднпковъ." WC="0.72" CC="4730003"/>
						<SP ID="P122_SP00112" HPOS="226" VPOS="840" WIDTH="28"/>
						<String ID="P122_ST00129" HPOS="254" VPOS="809" WIDTH="42" HEIGHT="30" CONTENT="Въ" WC="0.68" CC="60"/>
						<SP ID="P122_SP00113" HPOS="296" VPOS="840" WIDTH="25"/>
						<String ID="P122_ST00130" HPOS="321" VPOS="818" WIDTH="94" HEIGHT="27" CONTENT="одинъ" WC="0.70" CC="05270"/>
						<SP ID="P122_SP00114" HPOS="415" VPOS="845" WIDTH="25"/>
						<String ID="P122_ST00131" HPOS="440" VPOS="817" WIDTH="78" HEIGHT="21" CONTENT="мпгъ" WC="0.67" CC="5700"/>
						<SP ID="P122_SP00115" HPOS="518" VPOS="845" WIDTH="25"/>
						<String ID="P122_ST00132" HPOS="543" VPOS="807" WIDTH="118" HEIGHT="31" CONTENT="казачШ" WC="0.56" CC="904308"/>
						<SP ID="P122_SP00116" HPOS="661" VPOS="845" WIDTH="17"/>
						<String ID="P122_ST00133" HPOS="678" VPOS="815" WIDTH="95" HEIGHT="22" CONTENT="полкъ" WC="0.70" CC="25600"/>
						<SP ID="P122_SP00117" HPOS="773" VPOS="845" WIDTH="17"/>
						<String ID="P122_ST00134" HPOS="790" VPOS="805" WIDTH="153" HEIGHT="32" CONTENT="Киселева" WC="0.63" CC="08347050"/>
						<SP ID="P122_SP00118" HPOS="943" VPOS="845" WIDTH="21"/>
						<String ID="P122_ST00135" HPOS="964" VPOS="805" WIDTH="145" HEIGHT="40" CONTENT="бросился" WC="0.49" CC="59628016"/>
						<SP ID="P122_SP00119" HPOS="1109" VPOS="845" WIDTH="17"/>
						<String ID="P122_ST00136" HPOS="1126" VPOS="811" WIDTH="49" HEIGHT="22" CONTENT="на" SUBS_TYPE="HypPart1" SUBS_CONTENT="навстречу" WC="0.77" CC="501"/>
						<HYP CONTENT="-"/>
					</TextLine>
					<TextLine ID="P122_TL00018" HPOS="99" VPOS="848" WIDTH="1077" HEIGHT="46">
						<String ID="P122_ST00137" HPOS="99" VPOS="856" WIDTH="129" HEIGHT="38" CONTENT="встречу" SUBS_TYPE="HypPart2" SUBS_CONTENT="навстречу" WC="0.87" CC="5300000"/>
						<SP ID="P122_SP00120" HPOS="228" VPOS="894" WIDTH="26"/>
						<String ID="P122_ST00138" HPOS="254" VPOS="864" WIDTH="18" HEIGHT="20" CONTENT="и" WC="0.53" CC="4"/>
						<SP ID="P122_SP00121" HPOS="272" VPOS="894" WIDTH="26"/>
						<String ID="P122_ST00139" HPOS="298" VPOS="863" WIDTH="36" HEIGHT="22" CONTENT="по" WC="0.72" CC="50"/>
						<SP ID="P122_SP00122" HPOS="334" VPOS="894" WIDTH="26"/>
						<String ID="P122_ST00140" HPOS="360" VPOS="863" WIDTH="60" HEIGHT="21" CONTENT="ихъ" WC="0.81" CC="500"/>
						<SP ID="P122_SP00123" HPOS="420" VPOS="894" WIDTH="25"/>
						<String ID="P122_ST00141" HPOS="445" VPOS="855" WIDTH="137" HEIGHT="33" CONTENT="следамъ" WC="0.64" CC="4095040"/>
						<SP ID="P122_SP00124" HPOS="582" VPOS="894" WIDTH="33"/>
						<String ID="P122_ST00142" HPOS="615" VPOS="860" WIDTH="145" HEIGHT="31" CONTENT="ворвался" WC="0.53" CC="50972704"/>
						<SP ID="P122_SP00125" HPOS="760" VPOS="894" WIDTH="24"/>
						<String ID="P122_ST00143" HPOS="784" VPOS="860" WIDTH="39" HEIGHT="21" CONTENT="въ" WC="0.65" CC="70"/>
						<SP ID="P122_SP00126" HPOS="823" VPOS="894" WIDTH="25"/>
						<String ID="P122_ST00144" HPOS="848" VPOS="859" WIDTH="119" HEIGHT="31" CONTENT="городъ." WC="0.72" CC="3403043"/>
						<SP ID="P122_SP00127" HPOS="967" VPOS="894" WIDTH="38"/>
						<String ID="P122_ST00145" HPOS="1005" VPOS="848" WIDTH="82" HEIGHT="41" CONTENT="Тутъ" WC="1.00" CC="0000"/>
						<SP ID="P122_SP00128" HPOS="1087" VPOS="894" WIDTH="25"/>
						<String ID="P122_ST00146" HPOS="1112" VPOS="857" WIDTH="64" HEIGHT="31" CONTENT="ужь" WC="0.58" CC="092"/>
					</TextLine>
					<TextLine ID="P122_TL00019" HPOS="99" VPOS="897" WIDTH="1077" HEIGHT="40">
						<String ID="P122_ST00147" HPOS="99" VPOS="909" WIDTH="131" HEIGHT="27" CONTENT="медлить" WC="0.58" CC="9500607"/>
						<SP ID="P122_SP00129" HPOS="230" VPOS="936" WIDTH="25"/>
						<String ID="P122_ST00148" HPOS="255" VPOS="901" WIDTH="78" HEIGHT="29" CONTENT="было" WC="0.34" CC="4776"/>
						<SP ID="P122_SP00130" HPOS="333" VPOS="936" WIDTH="26"/>
						<String ID="P122_ST00149" HPOS="359" VPOS="907" WIDTH="118" HEIGHT="24" CONTENT="нельзя." WC="0.48" CC="6580654"/>
						<SP ID="P122_SP00131" HPOS="477" VPOS="936" WIDTH="20"/>
						<String ID="P122_ST00150" HPOS="497" VPOS="898" WIDTH="190" HEIGHT="39" CONTENT="Чернышевъ" WC="0.47" CC="079778060"/>
						<SP ID="P122_SP00132" HPOS="687" VPOS="937" WIDTH="16"/>
						<String ID="P122_ST00151" HPOS="703" VPOS="905" WIDTH="131" HEIGHT="27" CONTENT="подвелъ" WC="0.51" CC="4585090"/>
						<SP ID="P122_SP00133" HPOS="834" VPOS="937" WIDTH="16"/>
						<String ID="P122_ST00152" HPOS="850" VPOS="905" WIDTH="41" HEIGHT="21" CONTENT="къ" WC="1.00" CC="00"/>
						<SP ID="P122_SP00134" HPOS="891" VPOS="937" WIDTH="17"/>
						<String ID="P122_ST00153" HPOS="908" VPOS="897" WIDTH="129" HEIGHT="28" CONTENT="застав*" WC="0.73" CC="5020064"/>
						<SP ID="P122_SP00135" HPOS="1037" VPOS="937" WIDTH="18"/>
						<String ID="P122_ST00154" HPOS="1055" VPOS="902" WIDTH="121" HEIGHT="23" CONTENT="осталь" SUBS_TYPE="HypPart1" SUBS_CONTENT="остальная" WC="0.69" CC="7500700"/>
						<HYP CONTENT="-"/>
					</TextLine>
					<TextLine ID="P122_TL00020" HPOS="99" VPOS="942" WIDTH="1073" HEIGHT="39">
						<String ID="P122_ST00155" HPOS="99" VPOS="953" WIDTH="62" HEIGHT="22" CONTENT="ная" SUBS_TYPE="HypPart2" SUBS_CONTENT="остальная" WC="0.48" CC="870"/>
						<SP ID="P122_SP00136" HPOS="161" VPOS="975" WIDTH="26"/>
						<String ID="P122_ST00156" HPOS="187" VPOS="945" WIDTH="115" HEIGHT="36" CONTENT="войска," WC="0.71" CC="6413002"/>
						<SP ID="P122_SP00137" HPOS="302" VPOS="981" WIDTH="28"/>
						<String ID="P122_ST00157" HPOS="330" VPOS="953" WIDTH="56" HEIGHT="21" CONTENT="изъ" WC="0.61" CC="640"/>
						<SP ID="P122_SP00138" HPOS="386" VPOS="981" WIDTH="17"/>
						<String ID="P122_ST00158" HPOS="403" VPOS="952" WIDTH="97" HEIGHT="22" CONTENT="коихъ" WC="0.76" CC="91000"/>
						<SP ID="P122_SP00139" HPOS="500" VPOS="981" WIDTH="19"/>
						<String ID="P122_ST00159" HPOS="519" VPOS="942" WIDTH="16" HEIGHT="32" CONTENT="3" WC="0.04" CC="9"/>
						<SP ID="P122_SP00140" HPOS="535" VPOS="981" WIDTH="19"/>
						<String ID="P122_ST00160" HPOS="554" VPOS="951" WIDTH="93" HEIGHT="22" CONTENT="полка" WC="0.49" CC="46606"/>
						<SP ID="P122_SP00141" HPOS="647" VPOS="981" WIDTH="18"/>
						<String ID="P122_ST00161" HPOS="665" VPOS="951" WIDTH="132" HEIGHT="22" CONTENT="послалъ" WC="0.67" CC="5307070"/>
						<SP ID="P122_SP00142" HPOS="797" VPOS="981" WIDTH="16"/>
						<String ID="P122_ST00162" HPOS="813" VPOS="950" WIDTH="76" HEIGHT="31" CONTENT="туда" WC="1.00" CC="0000"/>
						<SP ID="P122_SP00143" HPOS="889" VPOS="981" WIDTH="20"/>
						<String ID="P122_ST00163" HPOS="909" VPOS="949" WIDTH="52" HEIGHT="29" CONTENT="же," WC="0.52" CC="904"/>
						<SP ID="P122_SP00144" HPOS="961" VPOS="981" WIDTH="21"/>
						<String ID="P122_ST00164" HPOS="982" VPOS="949" WIDTH="34" HEIGHT="21" CONTENT="иа" WC="0.69" CC="60"/>
						<SP ID="P122_SP00145" HPOS="1016" VPOS="981" WIDTH="18"/>
						<String ID="P122_ST00165" HPOS="1034" VPOS="948" WIDTH="138" HEIGHT="27" CONTENT="помощь." WC="0.45" CC="6565347"/>
					</TextLine>
					<TextLine ID="P122_TL00021" HPOS="99" VPOS="988" WIDTH="1075" HEIGHT="41">
						<String ID="P122_ST00166" HPOS="99" VPOS="988" WIDTH="61" HEIGHT="31" CONTENT="Они" WC="0.54" CC="058"/>
						<SP ID="P122_SP00146" HPOS="160" VPOS="1019" WIDTH="25"/>
						<String ID="P122_ST00167" HPOS="185" VPOS="997" WIDTH="189" HEIGHT="32" CONTENT="промчались" WC="0.75" CC="0064800400"/>
						<SP ID="P122_SP00147" HPOS="374" VPOS="1029" WIDTH="33"/>
						<String ID="P122_ST00168" HPOS="407" VPOS="997" WIDTH="35" HEIGHT="22" CONTENT="по" WC="0.70" CC="05"/>
						<SP ID="P122_SP00148" HPOS="442" VPOS="1029" WIDTH="26"/>
						<String ID="P122_ST00169" HPOS="468" VPOS="997" WIDTH="143" HEIGHT="31" CONTENT="улицамъ" WC="0.70" CC="0630360"/>
						<SP ID="P122_SP00149" HPOS="611" VPOS="1029" WIDTH="33"/>
						<String ID="P122_ST00170" HPOS="644" VPOS="996" WIDTH="75" HEIGHT="27" CONTENT="подъ" WC="0.58" CC="2607"/>
						<SP ID="P122_SP00150" HPOS="719" VPOS="1029" WIDTH="35"/>
						<String ID="P122_ST00171" HPOS="754" VPOS="988" WIDTH="196" HEIGHT="37" CONTENT="выстрелами" WC="0.40" CC="0740997656"/>
						<SP ID="P122_SP00151" HPOS="950" VPOS="1029" WIDTH="33"/>
						<String ID="P122_ST00172" HPOS="983" VPOS="992" WIDTH="191" HEIGHT="32" CONTENT="неирштзль" SUBS_TYPE="HypPart1" SUBS_CONTENT="неирштзльскихъ" WC="0.54" CC="2070898700"/>
						<HYP CONTENT="-"/>
					</TextLine>
					<TextLine ID="P122_TL00022" HPOS="100" VPOS="1028" WIDTH="1074" HEIGHT="43">
						<String ID="P122_ST00173" HPOS="100" VPOS="1042" WIDTH="96" HEIGHT="22" CONTENT="скихъ" SUBS_TYPE="HypPart2" SUBS_CONTENT="неирштзльскихъ" WC="0.73" CC="70500"/>
						<SP ID="P122_SP00152" HPOS="196" VPOS="1064" WIDTH="25"/>
						<String ID="P122_ST00174" HPOS="221" VPOS="1042" WIDTH="134" HEIGHT="28" CONTENT="командъ" WC="0.67" CC="0650604"/>
						<SP ID="P122_SP00153" HPOS="355" VPOS="1070" WIDTH="26"/>
						<String ID="P122_ST00175" HPOS="381" VPOS="1043" WIDTH="17" HEIGHT="21" CONTENT="и" WC="0.58" CC="4"/>
						<SP ID="P122_SP00154" HPOS="398" VPOS="1070" WIDTH="25"/>
						<String ID="P122_ST00176" HPOS="423" VPOS="1041" WIDTH="220" HEIGHT="23" CONTENT="остановились" WC="0.69" CC="600460009045"/>
						<SP ID="P122_SP00155" HPOS="643" VPOS="1070" WIDTH="25"/>
						<String ID="P122_ST00177" HPOS="668" VPOS="1041" WIDTH="38" HEIGHT="22" CONTENT="на" WC="0.27" CC="67"/>
						<SP ID="P122_SP00156" HPOS="706" VPOS="1070" WIDTH="24"/>
						<String ID="P122_ST00178" HPOS="730" VPOS="1031" WIDTH="103" HEIGHT="40" CONTENT="берегу" WC="0.88" CC="600000"/>
						<SP ID="P122_SP00157" HPOS="833" VPOS="1071" WIDTH="28"/>
						<String ID="P122_ST00179" HPOS="861" VPOS="1028" WIDTH="106" HEIGHT="42" CONTENT="Шпре;" WC="0.53" CC="76044"/>
						<SP ID="P122_SP00158" HPOS="967" VPOS="1071" WIDTH="27"/>
						<String ID="P122_ST00180" HPOS="994" VPOS="1033" WIDTH="56" HEIGHT="28" CONTENT="все" WC="0.79" CC="230"/>
						<SP ID="P122_SP00159" HPOS="1050" VPOS="1071" WIDTH="25"/>
						<String ID="P122_ST00181" HPOS="1075" VPOS="1038" WIDTH="99" HEIGHT="22" CONTENT="мосты" WC="0.74" CC="25005"/>
					</TextLine>
					<TextLine ID="P122_TL00023" HPOS="102" VPOS="1074" WIDTH="1073" HEIGHT="44">
						<String ID="P122_ST00182" HPOS="102" VPOS="1080" WIDTH="80" HEIGHT="29" CONTENT="были" WC="0.48" CC="0776"/>
						<SP ID="P122_SP00160" HPOS="182" VPOS="1109" WIDTH="34"/>
						<String ID="P122_ST00183" HPOS="216" VPOS="1087" WIDTH="149" HEIGHT="30" CONTENT="сломаны," WC="0.66" CC="06330444"/>
						<SP ID="P122_SP00161" HPOS="365" VPOS="1117" WIDTH="33"/>
						<String ID="P122_ST00184" HPOS="398" VPOS="1080" WIDTH="97" HEIGHT="38" CONTENT="кроме" WC="0.59" CC="90360"/>
						<SP ID="P122_SP00162" HPOS="495" VPOS="1118" WIDTH="25"/>
						<String ID="P122_ST00185" HPOS="520" VPOS="1086" WIDTH="179" HEIGHT="28" CONTENT="каменнаго," WC="0.74" CC="0063660001"/>
						<SP ID="P122_SP00163" HPOS="699" VPOS="1118" WIDTH="30"/>
						<String ID="P122_ST00186" HPOS="729" VPOS="1079" WIDTH="52" HEIGHT="32" CONTENT="где" WC="0.63" CC="109"/>
						<SP ID="P122_SP00164" HPOS="781" VPOS="1118" WIDTH="25"/>
						<String ID="P122_ST00187" HPOS="806" VPOS="1085" WIDTH="109" HEIGHT="22" CONTENT="стояла" WC="0.55" CC="004686"/>
						<SP ID="P122_SP00165" HPOS="915" VPOS="1118" WIDTH="27"/>
						<String ID="P122_ST00188" HPOS="942" VPOS="1077" WIDTH="126" HEIGHT="37" CONTENT="батарея" WC="0.73" CC="7005006"/>
						<SP ID="P122_SP00166" HPOS="1068" VPOS="1118" WIDTH="24"/>
						<String ID="P122_ST00189" HPOS="1092" VPOS="1083" WIDTH="39" HEIGHT="21" CONTENT="въ" WC="0.96" CC="00"/>
						<SP ID="P122_SP00167" HPOS="1131" VPOS="1118" WIDTH="27"/>
						<String ID="P122_ST00190" HPOS="1158" VPOS="1074" WIDTH="17" HEIGHT="31" CONTENT="6" WC="0.65" CC="3"/>
					</TextLine>
					<TextLine ID="P122_TL00024" HPOS="100" VPOS="1120" WIDTH="1075" HEIGHT="43">
						<String ID="P122_ST00191" HPOS="100" VPOS="1124" WIDTH="116" HEIGHT="39" CONTENT="орудШ;" WC="0.61" CC="900084"/>
						<SP ID="P122_SP00168" HPOS="216" VPOS="1163" WIDTH="28"/>
						<String ID="P122_ST00192" HPOS="244" VPOS="1132" WIDTH="96" HEIGHT="22" CONTENT="полкъ" WC="0.65" CC="36600"/>
						<SP ID="P122_SP00169" HPOS="340" VPOS="1163" WIDTH="24"/>
						<String ID="P122_ST00193" HPOS="364" VPOS="1123" WIDTH="154" HEIGHT="32" CONTENT="Киселева" WC="0.83" CC="00006060"/>
						<SP ID="P122_SP00170" HPOS="518" VPOS="1163" WIDTH="23"/>
						<String ID="P122_ST00194" HPOS="541" VPOS="1124" WIDTH="84" HEIGHT="29" CONTENT="былъ" WC="0.44" CC="6374"/>
						<SP ID="P122_SP00171" HPOS="625" VPOS="1163" WIDTH="25"/>
						<String ID="P122_ST00195" HPOS="650" VPOS="1124" WIDTH="169" HEIGHT="38" CONTENT="встреченъ" WC="0.76" CC="660000070"/>
						<SP ID="P122_SP00172" HPOS="819" VPOS="1163" WIDTH="17"/>
						<String ID="P122_ST00196" HPOS="836" VPOS="1130" WIDTH="37" HEIGHT="22" CONTENT="на" WC="0.67" CC="60"/>
						<SP ID="P122_SP00173" HPOS="873" VPOS="1163" WIDTH="19"/>
						<String ID="P122_ST00197" HPOS="892" VPOS="1120" WIDTH="283" HEIGHT="39" CONTENT="Александровской" WC="0.71" CC="004650600605006"/>
					</TextLine>
					<TextLine ID="P122_TL00025" HPOS="102" VPOS="1164" WIDTH="1071" HEIGHT="43">
						<String ID="P122_ST00198" HPOS="102" VPOS="1176" WIDTH="138" HEIGHT="30" CONTENT="площади" WC="0.52" CC="5626075"/>
						<SP ID="P122_SP00174" HPOS="240" VPOS="1206" WIDTH="26"/>
						<String ID="P122_ST00199" HPOS="266" VPOS="1177" WIDTH="111" HEIGHT="22" CONTENT="огнемъ" WC="0.66" CC="504090"/>
						<SP ID="P122_SP00175" HPOS="377" VPOS="1206" WIDTH="26"/>
						<String ID="P122_ST00200" HPOS="403" VPOS="1177" WIDTH="55" HEIGHT="22" CONTENT="изъ" WC="0.72" CC="502"/>
						<SP ID="P122_SP00176" HPOS="458" VPOS="1206" WIDTH="26"/>
						<String ID="P122_ST00201" HPOS="484" VPOS="1170" WIDTH="167" HEIGHT="28" CONTENT="п*хотнаго" WC="0.63" CC="140608056"/>
						<SP ID="P122_SP00177" HPOS="651" VPOS="1206" WIDTH="24"/>
						<String ID="P122_ST00202" HPOS="675" VPOS="1175" WIDTH="99" HEIGHT="32" CONTENT="карре." WC="0.76" CC="670000"/>
						<SP ID="P122_SP00178" HPOS="774" VPOS="1207" WIDTH="26"/>
						<String ID="P122_ST00203" HPOS="800" VPOS="1164" WIDTH="55" HEIGHT="33" CONTENT="Это" WC="0.56" CC="706"/>
						<SP ID="P122_SP00179" HPOS="855" VPOS="1207" WIDTH="26"/>
						<String ID="P122_ST00204" HPOS="881" VPOS="1174" WIDTH="35" HEIGHT="22" CONTENT="не" WC="0.64" CC="51"/>
						<SP ID="P122_SP00180" HPOS="916" VPOS="1207" WIDTH="25"/>
						<String ID="P122_ST00205" HPOS="941" VPOS="1168" WIDTH="166" HEIGHT="28" CONTENT="помешало" WC="0.48" CC="47504666"/>
						<SP ID="P122_SP00181" HPOS="1107" VPOS="1207" WIDTH="20"/>
						<String ID="P122_ST00206" HPOS="1127" VPOS="1174" WIDTH="46" HEIGHT="21" CONTENT="ка" SUBS_TYPE="HypPart1" SUBS_CONTENT="казакамъ" WC="0.69" CC="900"/>
						<HYP CONTENT="-"/>
					</TextLine>
					<TextLine ID="P122_TL00026" HPOS="100" VPOS="1218" WIDTH="1076" HEIGHT="35">
						<String ID="P122_ST00207" HPOS="100" VPOS="1223" WIDTH="112" HEIGHT="22" CONTENT="закамъ" SUBS_TYPE="HypPart2" SUBS_CONTENT="казакамъ" WC="0.33" CC="849736"/>
						<SP ID="P122_SP00182" HPOS="212" VPOS="1245" WIDTH="26"/>
						<String ID="P122_ST00208" HPOS="238" VPOS="1222" WIDTH="145" HEIGHT="22" CONTENT="носиться" WC="0.65" CC="75060602"/>
						<SP ID="P122_SP00183" HPOS="383" VPOS="1245" WIDTH="24"/>
						<String ID="P122_ST00209" HPOS="407" VPOS="1222" WIDTH="87" HEIGHT="27" CONTENT="вдоль" WC="0.62" CC="50462"/>
						<SP ID="P122_SP00184" HPOS="494" VPOS="1249" WIDTH="25"/>
						<String ID="P122_ST00210" HPOS="519" VPOS="1222" WIDTH="116" HEIGHT="31" CONTENT="улицъ," WC="0.52" CC="977004"/>
						<SP ID="P122_SP00185" HPOS="635" VPOS="1253" WIDTH="27"/>
						<String ID="P122_ST00211" HPOS="662" VPOS="1221" WIDTH="162" HEIGHT="30" CONTENT="гарцовать" WC="0.69" CC="109027006"/>
						<SP ID="P122_SP00186" HPOS="824" VPOS="1253" WIDTH="20"/>
						<String ID="P122_ST00212" HPOS="844" VPOS="1220" WIDTH="35" HEIGHT="22" CONTENT="на" WC="0.27" CC="77"/>
						<SP ID="P122_SP00187" HPOS="879" VPOS="1253" WIDTH="18"/>
						<String ID="P122_ST00213" HPOS="897" VPOS="1219" WIDTH="195" HEIGHT="29" CONTENT="пдощадяхъ," WC="0.73" CC="4750005004"/>
						<SP ID="P122_SP00188" HPOS="1092" VPOS="1253" WIDTH="20"/>
						<String ID="P122_ST00214" HPOS="1112" VPOS="1218" WIDTH="64" HEIGHT="22" CONTENT="осо" SUBS_TYPE="HypPart1" SUBS_CONTENT="особенно" WC="0.66" CC="5043"/>
						<HYP CONTENT="-"/>
					</TextLine>
					<TextLine ID="P122_TL00027" HPOS="101" VPOS="1254" WIDTH="1075" HEIGHT="44">
						<String ID="P122_ST00215" HPOS="101" VPOS="1262" WIDTH="87" HEIGHT="28" CONTENT="бенно" SUBS_TYPE="HypPart2" SUBS_CONTENT="особенно" WC="0.48" CC="94460"/>
						<SP ID="P122_SP00189" HPOS="188" VPOS="1290" WIDTH="33"/>
						<String ID="P122_ST00216" HPOS="221" VPOS="1267" WIDTH="93" HEIGHT="30" CONTENT="тамъ," WC="0.71" CC="00904"/>
						<SP ID="P122_SP00190" HPOS="314" VPOS="1297" WIDTH="26"/>
						<String ID="P122_ST00217" HPOS="340" VPOS="1261" WIDTH="52" HEIGHT="33" CONTENT="где" WC="0.67" CC="009"/>
						<SP ID="P122_SP00191" HPOS="392" VPOS="1297" WIDTH="25"/>
						<String ID="P122_ST00218" HPOS="417" VPOS="1259" WIDTH="179" HEIGHT="38" CONTENT="собирались" WC="0.63" CC="0710709640"/>
						<SP ID="P122_SP00192" HPOS="596" VPOS="1297" WIDTH="25"/>
						<String ID="P122_ST00219" HPOS="621" VPOS="1267" WIDTH="79" HEIGHT="31" CONTENT="кучи" WC="0.60" CC="9050"/>
						<SP ID="P122_SP00193" HPOS="700" VPOS="1298" WIDTH="33"/>
						<String ID="P122_ST00220" HPOS="733" VPOS="1257" WIDTH="245" HEIGHT="31" CONTENT="любопытныхъ." WC="0.82" CC="700040062000"/>
						<SP ID="P122_SP00194" HPOS="978" VPOS="1298" WIDTH="36"/>
						<String ID="P122_ST00221" HPOS="1014" VPOS="1254" WIDTH="162" HEIGHT="41" CONTENT="Берлинцы" WC="0.66" CC="41008804"/>
					</TextLine>
					<TextLine ID="P122_TL00028" HPOS="100" VPOS="1306" WIDTH="1076" HEIGHT="36">
						<String ID="P122_ST00222" HPOS="100" VPOS="1312" WIDTH="34" HEIGHT="22" CONTENT="не" WC="0.47" CC="72"/>
						<SP ID="P122_SP00195" HPOS="134" VPOS="1334" WIDTH="25"/>
						<String ID="P122_ST00223" HPOS="159" VPOS="1306" WIDTH="117" HEIGHT="36" CONTENT="верили" WC="0.50" CC="008578"/>
						<SP ID="P122_SP00196" HPOS="276" VPOS="1342" WIDTH="25"/>
						<String ID="P122_ST00224" HPOS="301" VPOS="1312" WIDTH="115" HEIGHT="22" CONTENT="своимъ" WC="0.65" CC="274410"/>
						<SP ID="P122_SP00197" HPOS="416" VPOS="1342" WIDTH="25"/>
						<String ID="P122_ST00225" HPOS="441" VPOS="1312" WIDTH="142" HEIGHT="28" CONTENT="глазамъ," WC="0.57" CC="57008603"/>
						<SP ID="P122_SP00198" HPOS="583" VPOS="1342" WIDTH="29"/>
						<String ID="P122_ST00226" HPOS="612" VPOS="1312" WIDTH="72" HEIGHT="26" CONTENT="видя" WC="0.62" CC="3605"/>
						<SP ID="P122_SP00199" HPOS="684" VPOS="1342" WIDTH="24"/>
						<String ID="P122_ST00227" HPOS="708" VPOS="1311" WIDTH="88" HEIGHT="22" CONTENT="такое" WC="0.73" CC="09030"/>
						<SP ID="P122_SP00200" HPOS="796" VPOS="1342" WIDTH="26"/>
						<String ID="P122_ST00228" HPOS="822" VPOS="1311" WIDTH="89" HEIGHT="31" CONTENT="чудо;" WC="0.38" CC="98074"/>
						<SP ID="P122_SP00201" HPOS="911" VPOS="1342" WIDTH="28"/>
						<String ID="P122_ST00229" HPOS="939" VPOS="1310" WIDTH="55" HEIGHT="22" CONTENT="они" WC="0.41" CC="376"/>
						<SP ID="P122_SP00202" HPOS="994" VPOS="1342" WIDTH="26"/>
						<String ID="P122_ST00230" HPOS="1020" VPOS="1309" WIDTH="36" HEIGHT="22" CONTENT="не" WC="0.62" CC="70"/>
						<SP ID="P122_SP00203" HPOS="1056" VPOS="1342" WIDTH="17"/>
						<String ID="P122_ST00231" HPOS="1073" VPOS="1309" WIDTH="103" HEIGHT="30" CONTENT="знали," WC="0.50" CC="654650"/>
					</TextLine>
					<TextLine ID="P122_TL00029" HPOS="100" VPOS="1348" WIDTH="1076" HEIGHT="41">
						<String ID="P122_ST00232" HPOS="100" VPOS="1351" WIDTH="84" HEIGHT="28" CONTENT="чемъ" WC="0.41" CC="9066"/>
						<SP ID="P122_SP00204" HPOS="184" VPOS="1379" WIDTH="24"/>
						<String ID="P122_ST00233" HPOS="208" VPOS="1356" WIDTH="152" HEIGHT="31" CONTENT="выразить" WC="0.80" CC="40004700"/>
						<SP ID="P122_SP00205" HPOS="360" VPOS="1387" WIDTH="26"/>
						<String ID="P122_ST00234" HPOS="386" VPOS="1357" WIDTH="77" HEIGHT="22" CONTENT="свою" WC="0.77" CC="0450"/>
						<SP ID="P122_SP00206" HPOS="463" VPOS="1387" WIDTH="28"/>
						<String ID="P122_ST00235" HPOS="491" VPOS="1356" WIDTH="135" HEIGHT="33" CONTENT="радость;" WC="0.89" CC="00003050"/>
						<SP ID="P122_SP00207" HPOS="626" VPOS="1389" WIDTH="26"/>
						<String ID="P122_ST00236" HPOS="652" VPOS="1356" WIDTH="100" HEIGHT="22" CONTENT="мнопе" WC="0.61" CC="26280"/>
						<SP ID="P122_SP00208" HPOS="752" VPOS="1389" WIDTH="25"/>
						<String ID="P122_ST00237" HPOS="777" VPOS="1348" WIDTH="82" HEIGHT="30" CONTENT="были" WC="0.52" CC="5076"/>
						<SP ID="P122_SP00209" HPOS="859" VPOS="1389" WIDTH="24"/>
						<String ID="P122_ST00238" HPOS="883" VPOS="1349" WIDTH="43" HEIGHT="29" CONTENT="бы" WC="0.54" CC="71"/>
						<SP ID="P122_SP00210" HPOS="926" VPOS="1389" WIDTH="18"/>
						<String ID="P122_ST00239" HPOS="944" VPOS="1356" WIDTH="35" HEIGHT="22" CONTENT="не" WC="0.47" CC="63"/>
						<SP ID="P122_SP00211" HPOS="979" VPOS="1389" WIDTH="17"/>
						<String ID="P122_ST00240" HPOS="996" VPOS="1355" WIDTH="91" HEIGHT="31" CONTENT="прочь" WC="0.70" CC="50360"/>
						<SP ID="P122_SP00212" HPOS="1087" VPOS="1389" WIDTH="17"/>
						<String ID="P122_ST00241" HPOS="1104" VPOS="1355" WIDTH="72" HEIGHT="30" CONTENT="при" SUBS_TYPE="HypPart1" SUBS_CONTENT="присоединиться," WC="0.70" CC="1064"/>
						<HYP CONTENT="-"/>
					</TextLine>
					<TextLine ID="P122_TL00030" HPOS="100" VPOS="1400" WIDTH="1076" HEIGHT="33">
						<String ID="P122_ST00242" HPOS="100" VPOS="1401" WIDTH="208" HEIGHT="27" CONTENT="соединиться," SUBS_TYPE="HypPart2" SUBS_CONTENT="присоединиться," WC="0.62" CC="803066800706"/>
						<SP ID="P122_SP00213" HPOS="308" VPOS="1428" WIDTH="37"/>
						<String ID="P122_ST00243" HPOS="345" VPOS="1402" WIDTH="108" HEIGHT="27" CONTENT="подать" WC="0.76" CC="020740"/>
						<SP ID="P122_SP00214" HPOS="453" VPOS="1429" WIDTH="38"/>
						<String ID="P122_ST00244" HPOS="491" VPOS="1402" WIDTH="138" HEIGHT="31" CONTENT="помощь," WC="0.60" CC="5943004"/>
						<SP ID="P122_SP00215" HPOS="629" VPOS="1433" WIDTH="34"/>
						<String ID="P122_ST00245" HPOS="663" VPOS="1401" WIDTH="35" HEIGHT="22" CONTENT="но" WC="0.66" CC="60"/>
						<SP ID="P122_SP00216" HPOS="698" VPOS="1433" WIDTH="25"/>
						<String ID="P122_ST00246" HPOS="723" VPOS="1401" WIDTH="127" HEIGHT="29" CONTENT="полищя" WC="0.32" CC="648685"/>
						<SP ID="P122_SP00217" HPOS="850" VPOS="1433" WIDTH="39"/>
						<String ID="P122_ST00247" HPOS="889" VPOS="1401" WIDTH="87" HEIGHT="31" CONTENT="зорко" WC="0.75" CC="50007"/>
						<SP ID="P122_SP00218" HPOS="976" VPOS="1433" WIDTH="26"/>
						<String ID="P122_ST00248" HPOS="1002" VPOS="1401" WIDTH="34" HEIGHT="22" CONTENT="за" WC="0.83" CC="30"/>
						<SP ID="P122_SP00219" HPOS="1036" VPOS="1433" WIDTH="24"/>
						<String ID="P122_ST00249" HPOS="1060" VPOS="1400" WIDTH="116" HEIGHT="23" CONTENT="такими" WC="0.64" CC="009605"/>
					</TextLine>
					<TextLine ID="P122_TL00031" HPOS="100" VPOS="1436" WIDTH="1075" HEIGHT="42">
						<String ID="P122_ST00250" HPOS="100" VPOS="1441" WIDTH="130" HEIGHT="33" CONTENT="следила" WC="0.30" CC="7770799"/>
						<SP ID="P122_SP00220" HPOS="230" VPOS="1474" WIDTH="25"/>
						<String ID="P122_ST00251" HPOS="255" VPOS="1447" WIDTH="18" HEIGHT="21" CONTENT="и" WC="0.92" CC="0"/>
						<SP ID="P122_SP00221" HPOS="273" VPOS="1474" WIDTH="25"/>
						<String ID="P122_ST00252" HPOS="298" VPOS="1447" WIDTH="77" HEIGHT="25" CONTENT="даяге" WC="0.51" CC="70970"/>
						<SP ID="P122_SP00222" HPOS="375" VPOS="1474" WIDTH="36"/>
						<String ID="P122_ST00253" HPOS="411" VPOS="1440" WIDTH="150" HEIGHT="38" CONTENT="стреляла" WC="0.47" CC="40076678"/>
						<SP ID="P122_SP00223" HPOS="561" VPOS="1478" WIDTH="24"/>
						<String ID="P122_ST00254" HPOS="585" VPOS="1447" WIDTH="39" HEIGHT="21" CONTENT="въ" WC="0.24" CC="68"/>
						<SP ID="P122_SP00224" HPOS="624" VPOS="1478" WIDTH="25"/>
						<String ID="P122_ST00255" HPOS="649" VPOS="1447" WIDTH="101" HEIGHT="21" CONTENT="толпы" WC="0.79" CC="04050"/>
						<SP ID="P122_SP00225" HPOS="750" VPOS="1478" WIDTH="29"/>
						<String ID="P122_ST00256" HPOS="779" VPOS="1446" WIDTH="122" HEIGHT="31" CONTENT="народа." WC="0.72" CC="6506000"/>
						<SP ID="P122_SP00226" HPOS="901" VPOS="1478" WIDTH="41"/>
						<String ID="P122_ST00257" HPOS="942" VPOS="1436" WIDTH="110" HEIGHT="42" CONTENT="Между" WC="0.79" CC="00900"/>
						<SP ID="P122_SP00227" HPOS="1052" VPOS="1478" WIDTH="25"/>
						<String ID="P122_ST00258" HPOS="1077" VPOS="1438" WIDTH="98" HEIGHT="38" CONTENT="т*мъ," WC="0.73" CC="04404"/>
					</TextLine>
					<TextLine ID="P122_TL00032" HPOS="100" VPOS="1485" WIDTH="1076" HEIGHT="38">
						<String ID="P122_ST00259" HPOS="100" VPOS="1492" WIDTH="37" HEIGHT="22" CONTENT="на" WC="0.58" CC="80"/>
						<SP ID="P122_SP00228" HPOS="137" VPOS="1514" WIDTH="37"/>
						<String ID="P122_ST00260" HPOS="174" VPOS="1488" WIDTH="190" HEIGHT="34" CONTENT="гауптвахт*" WC="0.63" CC="6773070004"/>
						<SP ID="P122_SP00229" HPOS="364" VPOS="1522" WIDTH="36"/>
						<String ID="P122_ST00261" HPOS="400" VPOS="1492" WIDTH="134" HEIGHT="31" CONTENT="ударили" WC="0.92" CC="0000500"/>
						<SP ID="P122_SP00230" HPOS="534" VPOS="1523" WIDTH="36"/>
						<String ID="P122_ST00262" HPOS="570" VPOS="1492" WIDTH="136" HEIGHT="31" CONTENT="тревогу:" WC="0.71" CC="00430490"/>
						<SP ID="P122_SP00231" HPOS="706" VPOS="1523" WIDTH="34"/>
						<String ID="P122_ST00263" HPOS="740" VPOS="1485" WIDTH="166" HEIGHT="37" CONTENT="французы" WC="0.48" CC="00760969"/>
						<SP ID="P122_SP00232" HPOS="906" VPOS="1523" WIDTH="34"/>
						<String ID="P122_ST00264" HPOS="940" VPOS="1491" WIDTH="166" HEIGHT="31" CONTENT="строились" WC="0.68" CC="000608606"/>
						<SP ID="P122_SP00233" HPOS="1106" VPOS="1523" WIDTH="32"/>
						<String ID="P122_ST00265" HPOS="1138" VPOS="1491" WIDTH="38" HEIGHT="22" CONTENT="въ" WC="0.82" CC="30"/>
					</TextLine>
					<TextLine ID="P122_TL00033" HPOS="101" VPOS="1527" WIDTH="1075" HEIGHT="41">
						<String ID="P122_ST00266" HPOS="101" VPOS="1538" WIDTH="92" HEIGHT="30" CONTENT="ряды," WC="0.41" CC="97344"/>
						<SP ID="P122_SP00234" HPOS="193" VPOS="1568" WIDTH="25"/>
						<String ID="P122_ST00267" HPOS="218" VPOS="1537" WIDTH="54" HEIGHT="21" CONTENT="и.зъ" WC="0.51" CC="5490"/>
						<SP ID="P122_SP00235" HPOS="272" VPOS="1568" WIDTH="26"/>
						<String ID="P122_ST00268" HPOS="298" VPOS="1528" WIDTH="255" HEIGHT="40" CONTENT="Шарлотенбурга" WC="0.78" CC="2400500660020"/>
						<SP ID="P122_SP00236" HPOS="553" VPOS="1568" WIDTH="25"/>
						<String ID="P122_ST00269" HPOS="578" VPOS="1537" WIDTH="129" HEIGHT="22" CONTENT="скакала" WC="0.52" CC="0049099"/>
						<SP ID="P122_SP00237" HPOS="707" VPOS="1568" WIDTH="25"/>
						<String ID="P122_ST00270" HPOS="732" VPOS="1528" WIDTH="192" HEIGHT="39" CONTENT="артилдер1я." WC="0.42" CC="60077869752"/>
						<SP ID="P122_SP00238" HPOS="924" VPOS="1568" WIDTH="28"/>
						<String ID="P122_ST00271" HPOS="952" VPOS="1528" WIDTH="90" HEIGHT="37" CONTENT="Тогда" WC="0.80" CC="05202"/>
						<SP ID="P122_SP00239" HPOS="1042" VPOS="1568" WIDTH="20"/>
						<String ID="P122_ST00272" HPOS="1062" VPOS="1527" WIDTH="114" HEIGHT="39" CONTENT="Черны" SUBS_TYPE="HypPart1" SUBS_CONTENT="Чернышевъ" WC="0.71" CC="000763"/>
						<HYP CONTENT="-"/>
					</TextLine>
					<TextLine ID="P122_TL00034" HPOS="100" VPOS="1572" WIDTH="1075" HEIGHT="41">
						<String ID="P122_ST00273" HPOS="100" VPOS="1582" WIDTH="84" HEIGHT="22" CONTENT="шевъ" SUBS_TYPE="HypPart2" SUBS_CONTENT="Чернышевъ" WC="0.58" CC="4570"/>
						<SP ID="P122_SP00240" HPOS="184" VPOS="1604" WIDTH="36"/>
						<String ID="P122_ST00274" HPOS="220" VPOS="1582" WIDTH="164" HEIGHT="29" CONTENT="разослалъ" WC="0.64" CC="007027850"/>
						<SP ID="P122_SP00241" HPOS="384" VPOS="1611" WIDTH="37"/>
						<String ID="P122_ST00275" HPOS="421" VPOS="1583" WIDTH="175" HEIGHT="30" CONTENT="приказаше" WC="0.56" CC="505892070"/>
						<SP ID="P122_SP00242" HPOS="596" VPOS="1613" WIDTH="36"/>
						<String ID="P122_ST00276" HPOS="632" VPOS="1582" WIDTH="218" HEIGHT="30" CONTENT="возвратиться" WC="0.64" CC="053005950533"/>
						<SP ID="P122_SP00243" HPOS="850" VPOS="1613" WIDTH="24"/>
						<String ID="P122_ST00277" HPOS="874" VPOS="1583" WIDTH="34" HEIGHT="21" CONTENT="за" WC="0.24" CC="77"/>
						<SP ID="P122_SP00244" HPOS="908" VPOS="1613" WIDTH="25"/>
						<String ID="P122_ST00278" HPOS="933" VPOS="1582" WIDTH="139" HEIGHT="31" CONTENT="заставу." WC="0.71" CC="70300290"/>
						<SP ID="P122_SP00245" HPOS="1072" VPOS="1613" WIDTH="30"/>
						<String ID="P122_ST00279" HPOS="1102" VPOS="1572" WIDTH="73" HEIGHT="40" CONTENT="Двое" WC="0.63" CC="0454"/>
					</TextLine>
					<TextLine ID="P122_TL00035" HPOS="101" VPOS="1618" WIDTH="1075" HEIGHT="41">
						<String ID="P122_ST00280" HPOS="101" VPOS="1627" WIDTH="145" HEIGHT="22" CONTENT="казаковъ" WC="0.57" CC="90700664"/>
						<SP ID="P122_SP00246" HPOS="246" VPOS="1649" WIDTH="15"/>
						<String ID="P122_ST00281" HPOS="261" VPOS="1618" WIDTH="80" HEIGHT="30" CONTENT="были" WC="0.50" CC="6066"/>
						<SP ID="P122_SP00247" HPOS="341" VPOS="1649" WIDTH="18"/>
						<String ID="P122_ST00282" HPOS="359" VPOS="1627" WIDTH="119" HEIGHT="30" CONTENT="ранены" WC="0.55" CC="057067"/>
						<SP ID="P122_SP00248" HPOS="478" VPOS="1657" WIDTH="19"/>
						<String ID="P122_ST00283" HPOS="497" VPOS="1627" WIDTH="37" HEIGHT="22" CONTENT="на" WC="0.35" CC="66"/>
						<SP ID="P122_SP00249" HPOS="534" VPOS="1657" WIDTH="17"/>
						<String ID="P122_ST00284" HPOS="551" VPOS="1619" WIDTH="125" HEIGHT="30" CONTENT="главной" WC="0.63" CC="2600644"/>
						<SP ID="P122_SP00250" HPOS="676" VPOS="1657" WIDTH="15"/>
						<String ID="P122_ST00285" HPOS="691" VPOS="1620" WIDTH="116" HEIGHT="39" CONTENT="улиц*," WC="0.71" CC="055140"/>
						<SP ID="P122_SP00251" HPOS="807" VPOS="1659" WIDTH="15"/>
						<String ID="P122_ST00286" HPOS="822" VPOS="1627" WIDTH="109" HEIGHT="31" CONTENT="передъ" WC="0.72" CC="609000"/>
						<SP ID="P122_SP00252" HPOS="931" VPOS="1659" WIDTH="18"/>
						<String ID="P122_ST00287" HPOS="949" VPOS="1627" WIDTH="117" HEIGHT="22" CONTENT="окнами" WC="0.48" CC="496900"/>
						<SP ID="P122_SP00253" HPOS="1066" VPOS="1659" WIDTH="20"/>
						<String ID="P122_ST00288" HPOS="1086" VPOS="1627" WIDTH="90" HEIGHT="31" CONTENT="прин" SUBS_TYPE="HypPart1" SUBS_CONTENT="принцессы" WC="0.62" CC="80370"/>
						<HYP CONTENT="-"/>
					</TextLine>
					<TextLine ID="P122_TL00036" HPOS="100" VPOS="1662" WIDTH="1076" HEIGHT="42">
						<String ID="P122_ST00289" HPOS="100" VPOS="1671" WIDTH="97" HEIGHT="28" CONTENT="цессы" SUBS_TYPE="HypPart2" SUBS_CONTENT="принцессы" WC="0.67" CC="03344"/>
						<SP ID="P122_SP00254" HPOS="197" VPOS="1699" WIDTH="17"/>
						<String ID="P122_ST00290" HPOS="214" VPOS="1662" WIDTH="161" HEIGHT="40" CONTENT="Оранской." WC="0.64" CC="500543750"/>
						<SP ID="P122_SP00255" HPOS="375" VPOS="1702" WIDTH="15"/>
						<String ID="P122_ST00291" HPOS="390" VPOS="1662" WIDTH="61" HEIGHT="32" CONTENT="Она" WC="0.63" CC="460"/>
						<SP ID="P122_SP00256" HPOS="451" VPOS="1702" WIDTH="18"/>
						<String ID="P122_ST00292" HPOS="469" VPOS="1672" WIDTH="117" HEIGHT="31" CONTENT="скрыла" WC="0.82" CC="460000"/>
						<SP ID="P122_SP00257" HPOS="586" VPOS="1703" WIDTH="21"/>
						<String ID="P122_ST00293" HPOS="607" VPOS="1672" WIDTH="61" HEIGHT="21" CONTENT="ихъ" WC="0.87" CC="300"/>
						<SP ID="P122_SP00258" HPOS="668" VPOS="1703" WIDTH="17"/>
						<String ID="P122_ST00294" HPOS="685" VPOS="1672" WIDTH="38" HEIGHT="21" CONTENT="въ" WC="0.60" CC="70"/>
						<SP ID="P122_SP00259" HPOS="723" VPOS="1703" WIDTH="18"/>
						<String ID="P122_ST00295" HPOS="741" VPOS="1671" WIDTH="112" HEIGHT="23" CONTENT="своемъ" WC="0.76" CC="045050"/>
						<SP ID="P122_SP00260" HPOS="853" VPOS="1703" WIDTH="17"/>
						<String ID="P122_ST00296" HPOS="870" VPOS="1666" WIDTH="79" HEIGHT="34" CONTENT="дом*" WC="0.51" CC="3654"/>
						<SP ID="P122_SP00261" HPOS="949" VPOS="1703" WIDTH="17"/>
						<String ID="P122_ST00297" HPOS="966" VPOS="1673" WIDTH="18" HEIGHT="21" CONTENT="и" WC="0.39" CC="6"/>
						<SP ID="P122_SP00262" HPOS="984" VPOS="1703" WIDTH="19"/>
						<String ID="P122_ST00298" HPOS="1003" VPOS="1665" WIDTH="173" HEIGHT="39" CONTENT="оберегала," WC="0.75" CC="5600000614"/>
					</TextLine>
					<TextLine ID="P122_TL00037" HPOS="100" VPOS="1707" WIDTH="1079" HEIGHT="42">
						<String ID="P122_ST00299" HPOS="100" VPOS="1717" WIDTH="76" HEIGHT="21" CONTENT="пока" WC="0.48" CC="7606"/>
						<SP ID="P122_SP00263" HPOS="176" VPOS="1738" WIDTH="23"/>
						<String ID="P122_ST00300" HPOS="199" VPOS="1709" WIDTH="164" HEIGHT="39" CONTENT="французы" WC="0.77" CC="00071072"/>
						<SP ID="P122_SP00264" HPOS="363" VPOS="1748" WIDTH="26"/>
						<String ID="P122_ST00301" HPOS="389" VPOS="1717" WIDTH="34" HEIGHT="21" CONTENT="не" WC="0.50" CC="63"/>
						<SP ID="P122_SP00265" HPOS="423" VPOS="1748" WIDTH="25"/>
						<String ID="P122_ST00302" HPOS="448" VPOS="1717" WIDTH="148" HEIGHT="22" CONTENT="очистили" WC="0.61" CC="39520305"/>
						<SP ID="P122_SP00266" HPOS="596" VPOS="1748" WIDTH="26"/>
						<String ID="P122_ST00303" HPOS="622" VPOS="1707" WIDTH="152" HEIGHT="42" CONTENT="Берлпнъ," WC="0.60" CC="01065754"/>
						<SP ID="P122_SP00267" HPOS="774" VPOS="1749" WIDTH="27"/>
						<String ID="P122_ST00304" HPOS="801" VPOS="1718" WIDTH="50" HEIGHT="21" CONTENT="что" WC="0.82" CC="500"/>
						<SP ID="P122_SP00268" HPOS="851" VPOS="1749" WIDTH="26"/>
						<String ID="P122_ST00305" HPOS="877" VPOS="1718" WIDTH="170" HEIGHT="31" CONTENT="случилось" WC="0.60" CC="060705537"/>
						<SP ID="P122_SP00269" HPOS="1047" VPOS="1749" WIDTH="25"/>
						<String ID="P122_ST00306" HPOS="1072" VPOS="1717" WIDTH="107" HEIGHT="31" CONTENT="черезъ" WC="0.78" CC="600050"/>
					</TextLine>
					<TextLine ID="P122_TL00038" HPOS="100" VPOS="1753" WIDTH="1080" HEIGHT="41">
						<String ID="P122_ST00307" HPOS="100" VPOS="1762" WIDTH="55" HEIGHT="31" CONTENT="три" WC="1.00" CC="000"/>
						<SP ID="P122_SP00270" HPOS="155" VPOS="1793" WIDTH="25"/>
						<String ID="P122_ST00308" HPOS="180" VPOS="1755" WIDTH="127" HEIGHT="38" CONTENT="нед*ли," WC="0.65" CC="6004652"/>
						<SP ID="P122_SP00271" HPOS="307" VPOS="1793" WIDTH="38"/>
						<String ID="P122_ST00309" HPOS="345" VPOS="1761" WIDTH="74" HEIGHT="22" CONTENT="само" WC="0.40" CC="3935"/>
						<SP ID="P122_SP00272" HPOS="419" VPOS="1793" WIDTH="25"/>
						<String ID="P122_ST00310" HPOS="444" VPOS="1754" WIDTH="98" HEIGHT="31" CONTENT="собой." WC="0.90" CC="020200"/>
						<SP ID="P122_SP00273" HPOS="542" VPOS="1793" WIDTH="37"/>
						<String ID="P122_ST00311" HPOS="579" VPOS="1753" WIDTH="122" HEIGHT="41" CONTENT="Руссте" WC="0.71" CC="700090"/>
						<SP ID="P122_SP00274" HPOS="701" VPOS="1794" WIDTH="38"/>
						<String ID="P122_ST00312" HPOS="739" VPOS="1762" WIDTH="154" HEIGHT="31" CONTENT="вступали" WC="0.34" CC="67098695"/>
						<SP ID="P122_SP00275" HPOS="893" VPOS="1794" WIDTH="35"/>
						<String ID="P122_ST00313" HPOS="928" VPOS="1763" WIDTH="90" HEIGHT="23" CONTENT="этотъ" WC="0.79" CC="60400"/>
						<SP ID="P122_SP00276" HPOS="1018" VPOS="1794" WIDTH="26"/>
						<String ID="P122_ST00314" HPOS="1044" VPOS="1763" WIDTH="73" HEIGHT="31" CONTENT="разъ" WC="0.87" CC="0050"/>
						<SP ID="P122_SP00277" HPOS="1117" VPOS="1794" WIDTH="25"/>
						<String ID="P122_ST00315" HPOS="1142" VPOS="1764" WIDTH="38" HEIGHT="21" CONTENT="въ" WC="0.64" CC="60"/>
					</TextLine>
					<TextLine ID="P122_TL00039" HPOS="101" VPOS="1797" WIDTH="1077" HEIGHT="43">
						<String ID="P122_ST00316" HPOS="101" VPOS="1807" WIDTH="131" HEIGHT="31" CONTENT="столицу" WC="0.57" CC="5007609"/>
						<SP ID="P122_SP00278" HPOS="232" VPOS="1838" WIDTH="25"/>
						<String ID="P122_ST00317" HPOS="257" VPOS="1797" WIDTH="129" HEIGHT="40" CONTENT="Пруссш" WC="0.59" CC="700457"/>
						<SP ID="P122_SP00279" HPOS="386" VPOS="1838" WIDTH="24"/>
						<String ID="P122_ST00318" HPOS="410" VPOS="1807" WIDTH="240" HEIGHT="31" CONTENT="торжественно," WC="0.77" CC="0200000226644"/>
						<SP ID="P122_SP00280" HPOS="650" VPOS="1838" WIDTH="31"/>
						<String ID="P122_ST00319" HPOS="681" VPOS="1799" WIDTH="218" HEIGHT="36" CONTENT="поб*допосно." WC="0.63" CC="205407800761"/>
						<SP ID="P122_SP00281" HPOS="899" VPOS="1838" WIDTH="29"/>
						<String ID="P122_ST00320" HPOS="928" VPOS="1798" WIDTH="101" HEIGHT="41" CONTENT="Братъ" WC="0.88" CC="50000"/>
						<SP ID="P122_SP00282" HPOS="1029" VPOS="1839" WIDTH="26"/>
						<String ID="P122_ST00321" HPOS="1055" VPOS="1808" WIDTH="123" HEIGHT="32" CONTENT="короля," WC="0.45" CC="9607670"/>
					</TextLine>
					<TextLine ID="P122_TL00040" HPOS="102" VPOS="1843" WIDTH="1078" HEIGHT="44">
						<String ID="P122_ST00322" HPOS="102" VPOS="1843" WIDTH="205" HEIGHT="40" CONTENT="окруженный" WC="0.66" CC="5000606734"/>
						<SP ID="P122_SP00283" HPOS="307" VPOS="1883" WIDTH="34"/>
						<String ID="P122_ST00323" HPOS="341" VPOS="1852" WIDTH="196" HEIGHT="33" CONTENT="генералами," WC="0.60" CC="04860460444"/>
						<SP ID="P122_SP00284" HPOS="537" VPOS="1885" WIDTH="38"/>
						<String ID="P122_ST00324" HPOS="575" VPOS="1845" WIDTH="150" HEIGHT="30" CONTENT="вы*халъ" WC="0.72" CC="8040060"/>
						<SP ID="P122_SP00285" HPOS="725" VPOS="1885" WIDTH="26"/>
						<String ID="P122_ST00325" HPOS="751" VPOS="1852" WIDTH="33" HEIGHT="23" CONTENT="за" WC="0.76" CC="40"/>
						<SP ID="P122_SP00286" HPOS="784" VPOS="1885" WIDTH="26"/>
						<String ID="P122_ST00326" HPOS="810" VPOS="1844" WIDTH="18" HEIGHT="31" CONTENT="4" WC="0.34" CC="6"/>
						<SP ID="P122_SP00287" HPOS="828" VPOS="1885" WIDTH="25"/>
						<String ID="P122_ST00327" HPOS="853" VPOS="1854" WIDTH="118" HEIGHT="31" CONTENT="версты" WC="0.86" CC="000304"/>
						<SP ID="P122_SP00288" HPOS="971" VPOS="1885" WIDTH="36"/>
						<String ID="P122_ST00328" HPOS="1007" VPOS="1848" WIDTH="173" HEIGHT="39" CONTENT="иавстр*чу" WC="0.84" CC="006300400"/>
					</TextLine>
					<TextLine ID="P122_TL00041" HPOS="101" VPOS="1889" WIDTH="1079" HEIGHT="42">
						<String ID="P122_ST00329" HPOS="101" VPOS="1889" WIDTH="167" HEIGHT="39" CONTENT="войскамъ;" WC="0.67" CC="543140404"/>
						<SP ID="P122_SP00289" HPOS="268" VPOS="1928" WIDTH="27"/>
						<String ID="P122_ST00330" HPOS="295" VPOS="1897" WIDTH="66" HEIGHT="22" CONTENT="весь" WC="0.67" CC="2046"/>
						<SP ID="P122_SP00290" HPOS="361" VPOS="1928" WIDTH="27"/>
						<String ID="P122_ST00331" HPOS="388" VPOS="1897" WIDTH="75" HEIGHT="32" CONTENT="путь" WC="0.95" CC="1000"/>
						<SP ID="P122_SP00291" HPOS="463" VPOS="1929" WIDTH="19"/>
						<String ID="P122_ST00332" HPOS="482" VPOS="1898" WIDTH="32" HEIGHT="27" CONTENT="до" WC="0.63" CC="07"/>
						<SP ID="P122_SP00292" HPOS="514" VPOS="1929" WIDTH="18"/>
						<String ID="P122_ST00333" HPOS="532" VPOS="1898" WIDTH="103" HEIGHT="31" CONTENT="города" WC="0.85" CC="050300"/>
						<SP ID="P122_SP00293" HPOS="635" VPOS="1929" WIDTH="25"/>
						<String ID="P122_ST00334" HPOS="660" VPOS="1898" WIDTH="121" HEIGHT="22" CONTENT="сплошь" WC="0.61" CC="245360"/>
						<SP ID="P122_SP00294" HPOS="781" VPOS="1929" WIDTH="24"/>
						<String ID="P122_ST00335" HPOS="805" VPOS="1898" WIDTH="157" HEIGHT="32" CONTENT="покрылся" WC="0.59" CC="36007616"/>
						<SP ID="P122_SP00295" HPOS="962" VPOS="1930" WIDTH="18"/>
						<String ID="P122_ST00336" HPOS="980" VPOS="1899" WIDTH="200" HEIGHT="32" CONTENT="ликующими" WC="0.79" CC="050040205"/>
					</TextLine>
					<TextLine ID="P122_TL00042" HPOS="103" VPOS="1932" WIDTH="1078" HEIGHT="42">
						<String ID="P122_ST00337" HPOS="103" VPOS="1936" WIDTH="155" HEIGHT="35" CONTENT="немцами." WC="0.68" CC="67200043"/>
						<SP ID="P122_SP00296" HPOS="258" VPOS="1971" WIDTH="34"/>
						<String ID="P122_ST00338" HPOS="292" VPOS="1932" WIDTH="42" HEIGHT="32" CONTENT="Въ" WC="0.53" CC="72"/>
						<SP ID="P122_SP00297" HPOS="334" VPOS="1971" WIDTH="25"/>
						<String ID="P122_ST00339" HPOS="359" VPOS="1942" WIDTH="119" HEIGHT="22" CONTENT="самомъ" WC="0.79" CC="303050"/>
						<SP ID="P122_SP00298" HPOS="478" VPOS="1971" WIDTH="29"/>
						<String ID="P122_ST00340" HPOS="507" VPOS="1937" WIDTH="106" HEIGHT="37" CONTENT="город*" WC="0.63" CC="550604"/>
						<SP ID="P122_SP00299" HPOS="613" VPOS="1974" WIDTH="38"/>
						<String ID="P122_ST00341" HPOS="651" VPOS="1943" WIDTH="123" HEIGHT="31" CONTENT="крыши," WC="0.56" CC="706434"/>
						<SP ID="P122_SP00300" HPOS="774" VPOS="1974" WIDTH="34"/>
						<String ID="P122_ST00342" HPOS="808" VPOS="1936" WIDTH="125" HEIGHT="38" CONTENT="заборы," WC="0.70" CC="6062014"/>
						<SP ID="P122_SP00301" HPOS="933" VPOS="1974" WIDTH="27"/>
						<String ID="P122_ST00343" HPOS="960" VPOS="1945" WIDTH="74" HEIGHT="22" CONTENT="окна" WC="0.54" CC="5570"/>
						<SP ID="P122_SP00302" HPOS="1034" VPOS="1974" WIDTH="34"/>
						<String ID="P122_ST00344" HPOS="1068" VPOS="1945" WIDTH="113" HEIGHT="29" CONTENT="домовъ" WC="0.57" CC="059541"/>
					</TextLine>
				</TextBlock>
			</PrintSpace>
		</Page>
	</Layout>
</alto>
