<?xml version="1.0" encoding="UTF-8"?>
<alto xmlns:xsi="http://www.w3.org/2001/XMLSchema-instance" xsi:noNamespaceSchemaLocation="http://www.bl.uk/schemas/alto/alto-1-4.xsd" xmlns:xlink="http://www.w3.org/1999/xlink">
	<Description>
		<MeasurementUnit>mm10</MeasurementUnit>
		<sourceImageInformation>
			<fileName>//head1/IN/2008-36/A0011936310/008092.jp2</fileName>
		</sourceImageInformation>
		<OCRProcessing ID="OCRPROCESSING_1">
			<preProcessingStep>
				<processingSoftware>
					<softwareCreator>CCS Content Conversion Specialists GmbH, Germany</softwareCreator>
					<softwareName>CCS docWORKS</softwareName>
					<softwareVersion>6.1-0.67</softwareVersion>
				</processingSoftware>
			</preProcessingStep>
			<ocrProcessingStep>
				<processingSoftware>
					<softwareCreator>ABBYY (BIT Software), Russia</softwareCreator>
					<softwareName>Finereader</softwareName>
				</processingSoftware>
			</ocrProcessingStep>
		</OCRProcessing>
	</Description>
	<Styles>
		<TextStyle ID="TXT_0" FONTSIZE="10" FONTFAMILY="Courier New"/>
		<ParagraphStyle ID="PAR_RIGHT" ALIGN="Right"/>
		<ParagraphStyle ID="PAR_LEFT" ALIGN="Left"/>
		<ParagraphStyle ID="PAR_CENTER" ALIGN="Center"/>
	</Styles>
	<Layout>
		<Page ID="P74" PHYSICAL_IMG_NR="74" HEIGHT="2028" WIDTH="1261" PRINTED_IMG_NR="62" POSITION="Left" ACCURACY="69.18">
			<TopMargin ID="P74_TM00001" HPOS="0" VPOS="0" WIDTH="1260" HEIGHT="51">
				<TextBlock ID="P74_TB00001" HPOS="577" VPOS="26" WIDTH="170" HEIGHT="23" STYLEREFS="TXT_0 PAR_RIGHT">
					<TextLine ID="P74_TL00001" HPOS="682" VPOS="31" WIDTH="65" HEIGHT="18">
						<String ID="P74_ST00001" HPOS="682" VPOS="31" WIDTH="65" HEIGHT="18" CONTENT="62" WC="1.00" CC="00"/>
					</TextLine>
				</TextBlock>
			</TopMargin>
			<LeftMargin ID="P74_LM00001" HPOS="0" VPOS="51" WIDTH="121" HEIGHT="1886"/>
			<RightMargin ID="P74_RM00001" HPOS="1218" VPOS="51" WIDTH="42" HEIGHT="1886"/>
			<BottomMargin ID="P74_BM00001" HPOS="0" VPOS="1937" WIDTH="1260" HEIGHT="90"/>
			<PrintSpace ID="P74_PS00001" HPOS="121" VPOS="51" WIDTH="1097" HEIGHT="1886">
				<TextBlock ID="P74_TB00002" HPOS="121" VPOS="87" WIDTH="1089" HEIGHT="1532" STYLEREFS="TXT_0 PAR_LEFT">
					<TextLine ID="P74_TL00002" HPOS="122" VPOS="87" WIDTH="1074" HEIGHT="57">
						<String ID="P74_ST00002" HPOS="122" VPOS="116" WIDTH="96" HEIGHT="23" CONTENT="ныхъ." WC="0.55" CC="77700"/>
						<SP ID="P74_SP00001" HPOS="218" VPOS="139" WIDTH="32"/>
						<String ID="P74_ST00003" HPOS="250" VPOS="106" WIDTH="118" HEIGHT="30" CONTENT="Больше" WC="0.53" CC="756025"/>
						<SP ID="P74_SP00002" HPOS="368" VPOS="139" WIDTH="25"/>
						<String ID="P74_ST00004" HPOS="393" VPOS="103" WIDTH="149" HEIGHT="41" CONTENT="крымский" WC="0.80" CC="00500900"/>
						<SP ID="P74_SP00003" HPOS="542" VPOS="144" WIDTH="25"/>
						<String ID="P74_ST00005" HPOS="567" VPOS="110" WIDTH="80" HEIGHT="23" CONTENT="ханъ" WC="0.81" CC="0070"/>
						<SP ID="P74_SP00004" HPOS="647" VPOS="144" WIDTH="26"/>
						<String ID="P74_ST00006" HPOS="673" VPOS="108" WIDTH="33" HEIGHT="22" CONTENT="не" WC="0.61" CC="70"/>
						<SP ID="P74_SP00005" HPOS="706" VPOS="144" WIDTH="25"/>
						<String ID="P74_ST00007" HPOS="731" VPOS="101" WIDTH="218" HEIGHT="31" CONTENT="показывался," WC="0.69" CC="470057300450"/>
						<SP ID="P74_SP00006" HPOS="949" VPOS="144" WIDTH="19"/>
						<String ID="P74_ST00008" HPOS="968" VPOS="100" WIDTH="17" HEIGHT="22" CONTENT="а" WC="0.51" CC="4"/>
						<SP ID="P74_SP00007" HPOS="985" VPOS="144" WIDTH="17"/>
						<String ID="P74_ST00009" HPOS="1002" VPOS="96" WIDTH="90" HEIGHT="24" CONTENT="ногаи" WC="0.58" CC="64063"/>
						<SP ID="P74_SP00008" HPOS="1092" VPOS="144" WIDTH="26"/>
						<String ID="P74_ST00010" HPOS="1118" VPOS="87" WIDTH="78" HEIGHT="31" CONTENT="были" WC="0.59" CC="1464"/>
					</TextLine>
					<TextLine ID="P74_TL00003" HPOS="123" VPOS="148" WIDTH="533" HEIGHT="42">
						<String ID="P74_ST00011" HPOS="123" VPOS="153" WIDTH="108" HEIGHT="37" CONTENT="вскоре" WC="0.85" CC="500300"/>
						<SP ID="P74_SP00009" HPOS="231" VPOS="190" WIDTH="24"/>
						<String ID="P74_ST00012" HPOS="255" VPOS="158" WIDTH="160" HEIGHT="32" CONTENT="усмирены" WC="0.42" CC="85078464"/>
						<SP ID="P74_SP00010" HPOS="415" VPOS="190" WIDTH="27"/>
						<String ID="P74_ST00013" HPOS="442" VPOS="148" WIDTH="214" HEIGHT="41" CONTENT="Суворовымъ." WC="0.59" CC="59260454500"/>
					</TextLine>
					<TextLine ID="P74_TL00004" HPOS="188" VPOS="180" WIDTH="1008" HEIGHT="53">
						<String ID="P74_ST00014" HPOS="188" VPOS="195" WIDTH="41" HEIGHT="31" CONTENT="Въ" WC="0.44" CC="55"/>
						<SP ID="P74_SP00011" HPOS="229" VPOS="226" WIDTH="25"/>
						<String ID="P74_ST00015" HPOS="254" VPOS="204" WIDTH="32" HEIGHT="21" CONTENT="то" WC="0.51" CC="09"/>
						<SP ID="P74_SP00012" HPOS="286" VPOS="226" WIDTH="25"/>
						<String ID="P74_ST00016" HPOS="311" VPOS="202" WIDTH="103" HEIGHT="31" CONTENT="время," WC="0.64" CC="702603"/>
						<SP ID="P74_SP00013" HPOS="414" VPOS="233" WIDTH="25"/>
						<String ID="P74_ST00017" HPOS="439" VPOS="201" WIDTH="78" HEIGHT="23" CONTENT="какъ" WC="0.53" CC="1097"/>
						<SP ID="P74_SP00014" HPOS="517" VPOS="233" WIDTH="37"/>
						<String ID="P74_ST00018" HPOS="554" VPOS="199" WIDTH="108" HEIGHT="23" CONTENT="казаки" WC="0.68" CC="003905"/>
						<SP ID="P74_SP00015" HPOS="662" VPOS="233" WIDTH="36"/>
						<String ID="P74_ST00019" HPOS="698" VPOS="188" WIDTH="187" HEIGHT="31" CONTENT="отбивались" WC="0.54" CC="5045676520"/>
						<SP ID="P74_SP00016" HPOS="885" VPOS="233" WIDTH="32"/>
						<String ID="P74_ST00020" HPOS="917" VPOS="190" WIDTH="39" HEIGHT="23" CONTENT="на" WC="0.90" CC="20"/>
						<SP ID="P74_SP00017" HPOS="956" VPOS="233" WIDTH="31"/>
						<String ID="P74_ST00021" HPOS="987" VPOS="180" WIDTH="144" HEIGHT="39" CONTENT="берегахъ" WC="0.78" CC="60004105"/>
						<SP ID="P74_SP00018" HPOS="1131" VPOS="233" WIDTH="25"/>
						<String ID="P74_ST00022" HPOS="1156" VPOS="180" WIDTH="40" HEIGHT="29" CONTENT="Ей" WC="0.17" CC="96"/>
					</TextLine>
					<TextLine ID="P74_TL00005" HPOS="123" VPOS="232" WIDTH="1074" HEIGHT="47">
						<String ID="P74_ST00023" HPOS="123" VPOS="250" WIDTH="54" HEIGHT="22" CONTENT="отъ" WC="0.67" CC="621"/>
						<SP ID="P74_SP00019" HPOS="177" VPOS="272" WIDTH="26"/>
						<String ID="P74_ST00024" HPOS="203" VPOS="239" WIDTH="156" HEIGHT="40" CONTENT="крымской" WC="0.80" CC="00300065"/>
						<SP ID="P74_SP00020" HPOS="359" VPOS="279" WIDTH="25"/>
						<String ID="P74_ST00025" HPOS="384" VPOS="247" WIDTH="87" HEIGHT="31" CONTENT="орды," WC="0.73" CC="70104"/>
						<SP ID="P74_SP00021" HPOS="471" VPOS="279" WIDTH="27"/>
						<String ID="P74_ST00026" HPOS="498" VPOS="244" WIDTH="174" HEIGHT="33" CONTENT="пугачевцы" WC="0.66" CC="500090707"/>
						<SP ID="P74_SP00022" HPOS="672" VPOS="279" WIDTH="29"/>
						<String ID="P74_ST00027" HPOS="701" VPOS="232" WIDTH="236" HEIGHT="40" CONTENT="приближались" WC="0.55" CC="685606026506"/>
						<SP ID="P74_SP00023" HPOS="937" VPOS="279" WIDTH="25"/>
						<String ID="P74_ST00028" HPOS="962" VPOS="234" WIDTH="39" HEIGHT="22" CONTENT="къ" WC="1.00" CC="00"/>
						<SP ID="P74_SP00024" HPOS="1001" VPOS="279" WIDTH="26"/>
						<String ID="P74_ST00029" HPOS="1027" VPOS="232" WIDTH="170" HEIGHT="32" CONTENT="границамъ" WC="0.76" CC="000660710"/>
					</TextLine>
					<TextLine ID="P74_TL00006" HPOS="126" VPOS="267" WIDTH="1071" HEIGHT="54">
						<String ID="P74_ST00030" HPOS="126" VPOS="294" WIDTH="59" HEIGHT="22" CONTENT="ихъ" WC="0.85" CC="400"/>
						<SP ID="P74_SP00025" HPOS="185" VPOS="316" WIDTH="25"/>
						<String ID="P74_ST00031" HPOS="210" VPOS="285" WIDTH="118" HEIGHT="30" CONTENT="войска." WC="0.70" CC="0514800"/>
						<SP ID="P74_SP00026" HPOS="328" VPOS="316" WIDTH="26"/>
						<String ID="P74_ST00032" HPOS="354" VPOS="283" WIDTH="70" HEIGHT="37" CONTENT="Еще" WC="0.79" CC="006"/>
						<SP ID="P74_SP00027" HPOS="424" VPOS="320" WIDTH="24"/>
						<String ID="P74_ST00033" HPOS="448" VPOS="291" WIDTH="34" HEIGHT="22" CONTENT="по" WC="0.44" CC="64"/>
						<SP ID="P74_SP00028" HPOS="482" VPOS="320" WIDTH="27"/>
						<String ID="P74_ST00034" HPOS="509" VPOS="289" WIDTH="132" HEIGHT="32" CONTENT="первому" WC="0.73" CC="4002650"/>
						<SP ID="P74_SP00029" HPOS="641" VPOS="321" WIDTH="25"/>
						<String ID="P74_ST00035" HPOS="666" VPOS="285" WIDTH="98" HEIGHT="33" CONTENT="слуху" WC="0.74" CC="75000"/>
						<SP ID="P74_SP00030" HPOS="764" VPOS="321" WIDTH="25"/>
						<String ID="P74_ST00036" HPOS="789" VPOS="284" WIDTH="15" HEIGHT="22" CONTENT="о" WC="0.34" CC="6"/>
						<SP ID="P74_SP00031" HPOS="804" VPOS="321" WIDTH="25"/>
						<String ID="P74_ST00037" HPOS="829" VPOS="282" WIDTH="88" HEIGHT="29" CONTENT="томъ," WC="0.82" CC="06020"/>
						<SP ID="P74_SP00032" HPOS="917" VPOS="321" WIDTH="27"/>
						<String ID="P74_ST00038" HPOS="944" VPOS="279" WIDTH="51" HEIGHT="23" CONTENT="что" WC="0.77" CC="006"/>
						<SP ID="P74_SP00033" HPOS="995" VPOS="321" WIDTH="25"/>
						<String ID="P74_ST00039" HPOS="1020" VPOS="277" WIDTH="112" HEIGHT="23" CONTENT="казакъ" WC="0.90" CC="006000"/>
						<SP ID="P74_SP00034" HPOS="1132" VPOS="321" WIDTH="17"/>
						<String ID="P74_ST00040" HPOS="1149" VPOS="267" WIDTH="48" HEIGHT="32" CONTENT="Зи" SUBS_TYPE="HypPart1" SUBS_CONTENT="Зимовейской" WC="0.84" CC="040"/>
						<HYP CONTENT="-"/>
					</TextLine>
					<TextLine ID="P74_TL00007" HPOS="126" VPOS="314" WIDTH="1072" HEIGHT="50">
						<String ID="P74_ST00041" HPOS="126" VPOS="329" WIDTH="164" HEIGHT="31" CONTENT="мовейской" SUBS_TYPE="HypPart2" SUBS_CONTENT="Зимовейской" WC="0.79" CC="910000051"/>
						<SP ID="P74_SP00035" HPOS="290" VPOS="360" WIDTH="26"/>
						<String ID="P74_ST00042" HPOS="316" VPOS="337" WIDTH="140" HEIGHT="27" CONTENT="станицы" WC="0.74" CC="2004504"/>
						<SP ID="P74_SP00036" HPOS="456" VPOS="364" WIDTH="19"/>
						<String ID="P74_ST00043" HPOS="475" VPOS="326" WIDTH="161" HEIGHT="31" CONTENT="Емельянъ" WC="0.73" CC="00009550"/>
						<SP ID="P74_SP00037" HPOS="636" VPOS="364" WIDTH="17"/>
						<String ID="P74_ST00044" HPOS="653" VPOS="323" WIDTH="156" HEIGHT="41" CONTENT="Пугачевъ" WC="0.79" CC="60103050"/>
						<SP ID="P74_SP00038" HPOS="809" VPOS="364" WIDTH="17"/>
						<String ID="P74_ST00045" HPOS="826" VPOS="325" WIDTH="149" HEIGHT="33" CONTENT="дерзнулъ" WC="0.77" CC="00036052"/>
						<SP ID="P74_SP00039" HPOS="975" VPOS="364" WIDTH="16"/>
						<String ID="P74_ST00046" HPOS="991" VPOS="322" WIDTH="126" HEIGHT="24" CONTENT="назвать" WC="0.64" CC="6000439"/>
						<SP ID="P74_SP00040" HPOS="1117" VPOS="364" WIDTH="17"/>
						<String ID="P74_ST00047" HPOS="1134" VPOS="314" WIDTH="64" HEIGHT="30" CONTENT="себя" WC="0.76" CC="0009"/>
					</TextLine>
					<TextLine ID="P74_TL00008" HPOS="126" VPOS="362" WIDTH="1072" HEIGHT="48">
						<String ID="P74_ST00048" HPOS="126" VPOS="382" WIDTH="137" HEIGHT="22" CONTENT="именемъ" WC="0.63" CC="5366003"/>
						<SP ID="P74_SP00041" HPOS="263" VPOS="404" WIDTH="41"/>
						<String ID="P74_ST00049" HPOS="304" VPOS="381" WIDTH="173" HEIGHT="23" CONTENT="почившаго" WC="0.52" CC="690576007"/>
						<SP ID="P74_SP00042" HPOS="477" VPOS="404" WIDTH="41"/>
						<String ID="P74_ST00050" HPOS="518" VPOS="377" WIDTH="190" HEIGHT="33" CONTENT="императора" WC="0.80" CC="4505000300"/>
						<SP ID="P74_SP00043" HPOS="708" VPOS="410" WIDTH="40"/>
						<String ID="P74_ST00051" HPOS="748" VPOS="365" WIDTH="97" HEIGHT="39" CONTENT="Петра" WC="0.64" CC="40075"/>
						<SP ID="P74_SP00044" HPOS="845" VPOS="410" WIDTH="35"/>
						<String ID="P74_ST00052" HPOS="880" VPOS="362" WIDTH="196" HEIGHT="39" CONTENT="Оедоровича," WC="0.83" CC="80050004000"/>
						<SP ID="P74_SP00045" HPOS="1076" VPOS="410" WIDTH="27"/>
						<String ID="P74_ST00053" HPOS="1103" VPOS="367" WIDTH="95" HEIGHT="29" CONTENT="донцы" WC="0.51" CC="36607"/>
					</TextLine>
					<TextLine ID="P74_TL00009" HPOS="128" VPOS="413" WIDTH="1069" HEIGHT="44">
						<String ID="P74_ST00054" HPOS="128" VPOS="427" WIDTH="145" HEIGHT="22" CONTENT="отписали" WC="0.55" CC="40460955"/>
						<SP ID="P74_SP00046" HPOS="273" VPOS="449" WIDTH="26"/>
						<String ID="P74_ST00055" HPOS="299" VPOS="426" WIDTH="39" HEIGHT="22" CONTENT="въ" WC="0.76" CC="40"/>
						<SP ID="P74_SP00047" HPOS="338" VPOS="449" WIDTH="25"/>
						<String ID="P74_ST00056" HPOS="363" VPOS="426" WIDTH="141" HEIGHT="31" CONTENT="столицу," WC="0.73" CC="70156001"/>
						<SP ID="P74_SP00048" HPOS="504" VPOS="457" WIDTH="26"/>
						<String ID="P74_ST00057" HPOS="530" VPOS="424" WIDTH="51" HEIGHT="22" CONTENT="что" WC="0.72" CC="026"/>
						<SP ID="P74_SP00049" HPOS="581" VPOS="457" WIDTH="26"/>
						<String ID="P74_ST00058" HPOS="607" VPOS="423" WIDTH="55" HEIGHT="22" CONTENT="они" WC="0.35" CC="675"/>
						<SP ID="P74_SP00050" HPOS="662" VPOS="457" WIDTH="30"/>
						<String ID="P74_ST00059" HPOS="692" VPOS="420" WIDTH="97" HEIGHT="31" CONTENT="«рады" WC="0.94" CC="20000"/>
						<SP ID="P74_SP00051" HPOS="789" VPOS="457" WIDTH="25"/>
						<String ID="P74_ST00060" HPOS="814" VPOS="417" WIDTH="71" HEIGHT="23" CONTENT="свои" WC="0.71" CC="0234"/>
						<SP ID="P74_SP00052" HPOS="885" VPOS="457" WIDTH="24"/>
						<String ID="P74_ST00061" HPOS="909" VPOS="414" WIDTH="111" HEIGHT="24" CONTENT="головы" WC="0.63" CC="146404"/>
						<SP ID="P74_SP00053" HPOS="1020" VPOS="457" WIDTH="36"/>
						<String ID="P74_ST00062" HPOS="1056" VPOS="413" WIDTH="141" HEIGHT="31" CONTENT="сложить," WC="0.66" CC="06604072"/>
					</TextLine>
					<TextLine ID="P74_TL00010" HPOS="128" VPOS="448" WIDTH="1071" HEIGHT="55">
						<String ID="P74_ST00063" HPOS="128" VPOS="465" WIDTH="78" HEIGHT="36" CONTENT="дабы" WC="0.51" CC="0764"/>
						<SP ID="P74_SP00054" HPOS="206" VPOS="501" WIDTH="25"/>
						<String ID="P74_ST00064" HPOS="231" VPOS="465" WIDTH="128" HEIGHT="38" CONTENT="пресечь" WC="0.75" CC="3005080"/>
						<SP ID="P74_SP00055" HPOS="359" VPOS="503" WIDTH="24"/>
						<String ID="P74_ST00065" HPOS="383" VPOS="462" WIDTH="129" HEIGHT="36" CONTENT="действа" WC="0.89" CC="0024000"/>
						<SP ID="P74_SP00056" HPOS="512" VPOS="503" WIDTH="25"/>
						<String ID="P74_ST00066" HPOS="537" VPOS="460" WIDTH="204" HEIGHT="36" CONTENT="бездельника" WC="0.55" CC="40300755479"/>
						<SP ID="P74_SP00057" HPOS="741" VPOS="503" WIDTH="24"/>
						<String ID="P74_ST00067" HPOS="765" VPOS="465" WIDTH="18" HEIGHT="21" CONTENT="и" WC="0.70" CC="2"/>
						<SP ID="P74_SP00058" HPOS="783" VPOS="503" WIDTH="25"/>
						<String ID="P74_ST00068" HPOS="808" VPOS="461" WIDTH="122" HEIGHT="32" CONTENT="изверга" WC="0.78" CC="2352000"/>
						<SP ID="P74_SP00059" HPOS="930" VPOS="503" WIDTH="26"/>
						<String ID="P74_ST00069" HPOS="956" VPOS="450" WIDTH="187" HEIGHT="41" CONTENT="Пугачева»." WC="0.82" CC="5000005042"/>
						<SP ID="P74_SP00060" HPOS="1143" VPOS="503" WIDTH="18"/>
						<String ID="P74_ST00070" HPOS="1161" VPOS="448" WIDTH="38" HEIGHT="32" CONTENT="По" WC="0.22" CC="59"/>
					</TextLine>
					<TextLine ID="P74_TL00011" HPOS="127" VPOS="494" WIDTH="1071" HEIGHT="53">
						<String ID="P74_ST00071" HPOS="127" VPOS="509" WIDTH="228" HEIGHT="38" CONTENT="Высочайшему" WC="0.64" CC="64160056080"/>
						<SP ID="P74_SP00061" HPOS="355" VPOS="547" WIDTH="38"/>
						<String ID="P74_ST00072" HPOS="393" VPOS="515" WIDTH="107" HEIGHT="32" CONTENT="указу," WC="0.71" CC="090204"/>
						<SP ID="P74_SP00062" HPOS="500" VPOS="547" WIDTH="26"/>
						<String ID="P74_ST00073" HPOS="526" VPOS="513" WIDTH="86" HEIGHT="29" CONTENT="домъ," WC="0.64" CC="74014"/>
						<SP ID="P74_SP00063" HPOS="612" VPOS="547" WIDTH="38"/>
						<String ID="P74_ST00074" HPOS="650" VPOS="511" WIDTH="39" HEIGHT="22" CONTENT="въ" WC="0.78" CC="04"/>
						<SP ID="P74_SP00064" HPOS="689" VPOS="547" WIDTH="38"/>
						<String ID="P74_ST00075" HPOS="727" VPOS="508" WIDTH="151" HEIGHT="31" CONTENT="которомъ" WC="0.57" CC="94450430"/>
						<SP ID="P74_SP00065" HPOS="878" VPOS="547" WIDTH="36"/>
						<String ID="P74_ST00076" HPOS="914" VPOS="505" WIDTH="87" HEIGHT="23" CONTENT="жилъ" WC="0.85" CC="0500"/>
						<SP ID="P74_SP00066" HPOS="1001" VPOS="547" WIDTH="36"/>
						<String ID="P74_ST00077" HPOS="1037" VPOS="494" WIDTH="161" HEIGHT="42" CONTENT="Пугачевъ," WC="0.81" CC="602002004"/>
					</TextLine>
					<TextLine ID="P74_TL00012" HPOS="130" VPOS="538" WIDTH="1067" HEIGHT="53">
						<String ID="P74_ST00078" HPOS="130" VPOS="561" WIDTH="109" HEIGHT="23" CONTENT="казаки" WC="0.84" CC="004005"/>
						<SP ID="P74_SP00067" HPOS="239" VPOS="584" WIDTH="25"/>
						<String ID="P74_ST00079" HPOS="264" VPOS="559" WIDTH="128" HEIGHT="32" CONTENT="сожгли," WC="0.86" CC="0000054"/>
						<SP ID="P74_SP00068" HPOS="392" VPOS="591" WIDTH="26"/>
						<String ID="P74_ST00080" HPOS="418" VPOS="559" WIDTH="115" HEIGHT="22" CONTENT="пепелъ" WC="0.81" CC="205003"/>
						<SP ID="P74_SP00069" HPOS="533" VPOS="591" WIDTH="25"/>
						<String ID="P74_ST00081" HPOS="558" VPOS="549" WIDTH="148" HEIGHT="39" CONTENT="развеяли" WC="0.66" CC="08410164"/>
						<SP ID="P74_SP00070" HPOS="706" VPOS="591" WIDTH="25"/>
						<String ID="P74_ST00082" HPOS="731" VPOS="554" WIDTH="36" HEIGHT="22" CONTENT="по" WC="0.41" CC="56"/>
						<SP ID="P74_SP00071" HPOS="767" VPOS="591" WIDTH="24"/>
						<String ID="P74_ST00083" HPOS="791" VPOS="547" WIDTH="108" HEIGHT="37" CONTENT="ветру," WC="0.90" CC="200004"/>
						<SP ID="P74_SP00072" HPOS="899" VPOS="591" WIDTH="25"/>
						<String ID="P74_ST00084" HPOS="924" VPOS="551" WIDTH="17" HEIGHT="22" CONTENT="а" WC="1.00" CC="0"/>
						<SP ID="P74_SP00073" HPOS="941" VPOS="591" WIDTH="25"/>
						<String ID="P74_ST00085" HPOS="966" VPOS="542" WIDTH="159" HEIGHT="31" CONTENT="семейство" WC="0.80" CC="000030346"/>
						<SP ID="P74_SP00074" HPOS="1125" VPOS="591" WIDTH="19"/>
						<String ID="P74_ST00086" HPOS="1144" VPOS="538" WIDTH="53" HEIGHT="41" CONTENT="Пу" SUBS_TYPE="HypPart1" SUBS_CONTENT="Пугачева" WC="0.73" CC="700"/>
						<HYP CONTENT="-"/>
					</TextLine>
					<TextLine ID="P74_TL00013" HPOS="130" VPOS="588" WIDTH="1069" HEIGHT="48">
						<String ID="P74_ST00087" HPOS="130" VPOS="606" WIDTH="107" HEIGHT="22" CONTENT="гачева" SUBS_TYPE="HypPart2" SUBS_CONTENT="Пугачева" WC="0.73" CC="200156"/>
						<SP ID="P74_SP00075" HPOS="237" VPOS="628" WIDTH="24"/>
						<String ID="P74_ST00088" HPOS="261" VPOS="604" WIDTH="169" HEIGHT="32" CONTENT="отправили" WC="0.59" CC="670005466"/>
						<SP ID="P74_SP00076" HPOS="430" VPOS="636" WIDTH="25"/>
						<String ID="P74_ST00089" HPOS="455" VPOS="604" WIDTH="40" HEIGHT="22" CONTENT="къ" WC="1.00" CC="00"/>
						<SP ID="P74_SP00077" HPOS="495" VPOS="636" WIDTH="25"/>
						<String ID="P74_ST00090" HPOS="520" VPOS="603" WIDTH="77" HEIGHT="30" CONTENT="нему" WC="0.70" CC="5060"/>
						<SP ID="P74_SP00078" HPOS="597" VPOS="636" WIDTH="26"/>
						<String ID="P74_ST00091" HPOS="623" VPOS="602" WIDTH="39" HEIGHT="21" CONTENT="въ" WC="0.66" CC="51"/>
						<SP ID="P74_SP00079" HPOS="662" VPOS="636" WIDTH="24"/>
						<String ID="P74_ST00092" HPOS="686" VPOS="591" WIDTH="128" HEIGHT="39" CONTENT="Казань;" WC="0.53" CC="0543774"/>
						<SP ID="P74_SP00080" HPOS="814" VPOS="636" WIDTH="19"/>
						<String ID="P74_ST00093" HPOS="833" VPOS="588" WIDTH="210" HEIGHT="32" CONTENT="Зимовейская" WC="0.75" CC="65030340030"/>
						<SP ID="P74_SP00081" HPOS="1043" VPOS="636" WIDTH="17"/>
						<String ID="P74_ST00094" HPOS="1060" VPOS="593" WIDTH="139" HEIGHT="32" CONTENT="станица," WC="0.75" CC="00066024"/>
					</TextLine>
					<TextLine ID="P74_TL00014" HPOS="129" VPOS="631" WIDTH="1071" HEIGHT="50">
						<String ID="P74_ST00095" HPOS="129" VPOS="652" WIDTH="36" HEIGHT="21" CONTENT="по" WC="0.92" CC="10"/>
						<SP ID="P74_SP00082" HPOS="165" VPOS="673" WIDTH="24"/>
						<String ID="P74_ST00096" HPOS="189" VPOS="642" WIDTH="129" HEIGHT="39" CONTENT="просьбе" WC="0.64" CC="5032570"/>
						<SP ID="P74_SP00083" HPOS="318" VPOS="681" WIDTH="18"/>
						<String ID="P74_ST00097" HPOS="336" VPOS="649" WIDTH="118" HEIGHT="22" CONTENT="самихъ" WC="0.86" CC="200500"/>
						<SP ID="P74_SP00084" HPOS="454" VPOS="681" WIDTH="17"/>
						<String ID="P74_ST00098" HPOS="471" VPOS="647" WIDTH="160" HEIGHT="31" CONTENT="казаковъ," WC="0.69" CC="084002524"/>
						<SP ID="P74_SP00085" HPOS="631" VPOS="681" WIDTH="19"/>
						<String ID="P74_ST00099" HPOS="650" VPOS="637" WIDTH="81" HEIGHT="31" CONTENT="была" WC="0.87" CC="0401"/>
						<SP ID="P74_SP00086" HPOS="731" VPOS="681" WIDTH="24"/>
						<String ID="P74_ST00100" HPOS="755" VPOS="642" WIDTH="181" HEIGHT="33" CONTENT="перенесена" WC="0.79" CC="6001601050"/>
						<SP ID="P74_SP00087" HPOS="936" VPOS="681" WIDTH="20"/>
						<String ID="P74_ST00101" HPOS="956" VPOS="641" WIDTH="37" HEIGHT="22" CONTENT="на" WC="0.66" CC="60"/>
						<SP ID="P74_SP00088" HPOS="993" VPOS="681" WIDTH="16"/>
						<String ID="P74_ST00102" HPOS="1009" VPOS="639" WIDTH="86" HEIGHT="23" CONTENT="новое" WC="0.52" CC="74722"/>
						<SP ID="P74_SP00089" HPOS="1095" VPOS="681" WIDTH="16"/>
						<String ID="P74_ST00103" HPOS="1111" VPOS="631" WIDTH="89" HEIGHT="29" CONTENT="место" WC="0.80" CC="20033"/>
					</TextLine>
					<TextLine ID="P74_TL00015" HPOS="130" VPOS="675" WIDTH="1070" HEIGHT="47">
						<String ID="P74_ST00104" HPOS="130" VPOS="696" WIDTH="18" HEIGHT="22" CONTENT="и" WC="0.64" CC="3"/>
						<SP ID="P74_SP00090" HPOS="148" VPOS="718" WIDTH="25"/>
						<String ID="P74_ST00105" HPOS="173" VPOS="694" WIDTH="129" HEIGHT="23" CONTENT="названа" WC="0.62" CC="5091063"/>
						<SP ID="P74_SP00091" HPOS="302" VPOS="718" WIDTH="24"/>
						<String ID="P74_ST00106" HPOS="326" VPOS="684" WIDTH="243" HEIGHT="32" CONTENT="Потемкинской." WC="0.66" CC="0530204609523"/>
						<SP ID="P74_SP00092" HPOS="569" VPOS="718" WIDTH="18"/>
						<String ID="P74_ST00107" HPOS="587" VPOS="681" WIDTH="108" HEIGHT="41" CONTENT="Между" WC="0.79" CC="61010"/>
						<SP ID="P74_SP00093" HPOS="695" VPOS="722" WIDTH="17"/>
						<String ID="P74_ST00108" HPOS="712" VPOS="683" WIDTH="94" HEIGHT="36" CONTENT="темъ," WC="0.83" CC="00530"/>
						<SP ID="P74_SP00094" HPOS="806" VPOS="722" WIDTH="19"/>
						<String ID="P74_ST00109" HPOS="825" VPOS="686" WIDTH="86" HEIGHT="29" CONTENT="когда" WC="0.64" CC="04318"/>
						<SP ID="P74_SP00095" HPOS="911" VPOS="722" WIDTH="25"/>
						<String ID="P74_ST00110" HPOS="936" VPOS="686" WIDTH="54" HEIGHT="31" CONTENT="три" WC="0.88" CC="003"/>
						<SP ID="P74_SP00096" HPOS="990" VPOS="722" WIDTH="25"/>
						<String ID="P74_ST00111" HPOS="1015" VPOS="675" WIDTH="185" HEIGHT="41" CONTENT="пугачевскйя" WC="0.83" CC="60100000902"/>
					</TextLine>
					<TextLine ID="P74_TL00016" HPOS="133" VPOS="723" WIDTH="1069" HEIGHT="46">
						<String ID="P74_ST00112" HPOS="133" VPOS="731" WIDTH="106" HEIGHT="32" CONTENT="шайки" WC="0.61" CC="56006"/>
						<SP ID="P74_SP00097" HPOS="239" VPOS="763" WIDTH="24"/>
						<String ID="P74_ST00113" HPOS="263" VPOS="738" WIDTH="164" HEIGHT="31" CONTENT="ворвались" WC="0.67" CC="060617420"/>
						<SP ID="P74_SP00098" HPOS="427" VPOS="769" WIDTH="24"/>
						<String ID="P74_ST00114" HPOS="451" VPOS="738" WIDTH="39" HEIGHT="22" CONTENT="въ" WC="0.50" CC="63"/>
						<SP ID="P74_SP00099" HPOS="490" VPOS="769" WIDTH="25"/>
						<String ID="P74_ST00115" HPOS="515" VPOS="730" WIDTH="139" HEIGHT="38" CONTENT="пределы" WC="0.74" CC="5002090"/>
						<SP ID="P74_SP00100" HPOS="654" VPOS="769" WIDTH="15"/>
						<String ID="P74_ST00116" HPOS="669" VPOS="726" WIDTH="119" HEIGHT="39" CONTENT="войска," WC="0.79" CC="3200070"/>
						<SP ID="P74_SP00101" HPOS="788" VPOS="769" WIDTH="25"/>
						<String ID="P74_ST00117" HPOS="813" VPOS="724" WIDTH="81" HEIGHT="40" CONTENT="Донъ" WC="0.69" CC="0570"/>
						<SP ID="P74_SP00102" HPOS="894" VPOS="769" WIDTH="16"/>
						<String ID="P74_ST00118" HPOS="910" VPOS="730" WIDTH="147" HEIGHT="33" CONTENT="очутился" WC="0.67" CC="60045036"/>
						<SP ID="P74_SP00103" HPOS="1057" VPOS="769" WIDTH="17"/>
						<String ID="P74_ST00119" HPOS="1074" VPOS="723" WIDTH="128" HEIGHT="29" CONTENT="совсемъ" WC="0.68" CC="4650041"/>
					</TextLine>
					<TextLine ID="P74_TL00017" HPOS="134" VPOS="767" WIDTH="1066" HEIGHT="46">
						<String ID="P74_ST00120" HPOS="134" VPOS="778" WIDTH="221" HEIGHT="35" CONTENT="беззащитенъ:" WC="0.74" CC="006075500600"/>
						<SP ID="P74_SP00104" HPOS="355" VPOS="813" WIDTH="27"/>
						<String ID="P74_ST00121" HPOS="382" VPOS="783" WIDTH="33" HEIGHT="22" CONTENT="не" WC="0.77" CC="40"/>
						<SP ID="P74_SP00105" HPOS="415" VPOS="813" WIDTH="27"/>
						<String ID="P74_ST00122" HPOS="442" VPOS="775" WIDTH="77" HEIGHT="30" CONTENT="было" WC="0.51" CC="5166"/>
						<SP ID="P74_SP00106" HPOS="519" VPOS="813" WIDTH="25"/>
						<String ID="P74_ST00123" HPOS="544" VPOS="782" WIDTH="38" HEIGHT="21" CONTENT="ни" WC="0.40" CC="65"/>
						<SP ID="P74_SP00107" HPOS="582" VPOS="813" WIDTH="25"/>
						<String ID="P74_ST00124" HPOS="607" VPOS="772" WIDTH="111" HEIGHT="39" CONTENT="людей," WC="0.75" CC="640004"/>
						<SP ID="P74_SP00108" HPOS="718" VPOS="813" WIDTH="33"/>
						<String ID="P74_ST00125" HPOS="751" VPOS="780" WIDTH="38" HEIGHT="21" CONTENT="ни" WC="0.50" CC="63"/>
						<SP ID="P74_SP00109" HPOS="789" VPOS="813" WIDTH="33"/>
						<String ID="P74_ST00126" HPOS="822" VPOS="776" WIDTH="171" HEIGHT="25" CONTENT="воинскихъ" WC="0.56" CC="545509602"/>
						<SP ID="P74_SP00110" HPOS="993" VPOS="813" WIDTH="32"/>
						<String ID="P74_ST00127" HPOS="1025" VPOS="767" WIDTH="175" HEIGHT="38" CONTENT="доспеховъ," WC="0.68" CC="5525070103"/>
					</TextLine>
					<TextLine ID="P74_TL00018" HPOS="134" VPOS="812" WIDTH="1066" HEIGHT="47">
						<String ID="P74_ST00128" HPOS="134" VPOS="830" WIDTH="38" HEIGHT="22" CONTENT="ни" WC="0.42" CC="55"/>
						<SP ID="P74_SP00111" HPOS="172" VPOS="852" WIDTH="26"/>
						<String ID="P74_ST00129" HPOS="198" VPOS="828" WIDTH="173" HEIGHT="31" CONTENT="снарядовъ." WC="0.60" CC="4450504454"/>
						<SP ID="P74_SP00112" HPOS="371" VPOS="859" WIDTH="27"/>
						<String ID="P74_ST00130" HPOS="398" VPOS="818" WIDTH="141" HEIGHT="41" CONTENT="Жители," WC="0.57" CC="9500563"/>
						<SP ID="P74_SP00113" HPOS="539" VPOS="859" WIDTH="27"/>
						<String ID="P74_ST00131" HPOS="566" VPOS="825" WIDTH="156" HEIGHT="32" CONTENT="покинувъ" WC="0.53" CC="64865050"/>
						<SP ID="P74_SP00114" HPOS="722" VPOS="859" WIDTH="25"/>
						<String ID="P74_ST00132" HPOS="747" VPOS="823" WIDTH="154" HEIGHT="31" CONTENT="станицы," WC="0.70" CC="00176151"/>
						<SP ID="P74_SP00115" HPOS="901" VPOS="859" WIDTH="27"/>
						<String ID="P74_ST00133" HPOS="928" VPOS="813" WIDTH="121" HEIGHT="31" CONTENT="бежали" WC="0.81" CC="000055"/>
						<SP ID="P74_SP00116" HPOS="1049" VPOS="859" WIDTH="18"/>
						<String ID="P74_ST00134" HPOS="1067" VPOS="819" WIDTH="36" HEIGHT="22" CONTENT="въ" WC="0.63" CC="51"/>
						<SP ID="P74_SP00117" HPOS="1103" VPOS="859" WIDTH="18"/>
						<String ID="P74_ST00135" HPOS="1121" VPOS="812" WIDTH="79" HEIGHT="36" CONTENT="леса," WC="0.92" CC="00004"/>
					</TextLine>
					<TextLine ID="P74_TL00019" HPOS="134" VPOS="861" WIDTH="1068" HEIGHT="46">
						<String ID="P74_ST00136" HPOS="134" VPOS="874" WIDTH="196" HEIGHT="33" CONTENT="укрывались" WC="0.74" CC="0005016542"/>
						<SP ID="P74_SP00118" HPOS="330" VPOS="907" WIDTH="25"/>
						<String ID="P74_ST00137" HPOS="355" VPOS="873" WIDTH="38" HEIGHT="22" CONTENT="въ" WC="0.98" CC="00"/>
						<SP ID="P74_SP00119" HPOS="393" VPOS="907" WIDTH="26"/>
						<String ID="P74_ST00138" HPOS="419" VPOS="873" WIDTH="144" HEIGHT="23" CONTENT="камыши." WC="0.76" CC="0015540"/>
						<SP ID="P74_SP00120" HPOS="563" VPOS="907" WIDTH="26"/>
						<String ID="P74_ST00139" HPOS="589" VPOS="862" WIDTH="58" HEIGHT="31" CONTENT="Кто" WC="0.59" CC="065"/>
						<SP ID="P74_SP00121" HPOS="647" VPOS="907" WIDTH="24"/>
						<String ID="P74_ST00140" HPOS="671" VPOS="870" WIDTH="43" HEIGHT="22" CONTENT="же" WC="1.00" CC="00"/>
						<SP ID="P74_SP00122" HPOS="714" VPOS="907" WIDTH="24"/>
						<String ID="P74_ST00141" HPOS="738" VPOS="869" WIDTH="36" HEIGHT="22" CONTENT="не" WC="0.51" CC="53"/>
						<SP ID="P74_SP00123" HPOS="774" VPOS="907" WIDTH="23"/>
						<String ID="P74_ST00142" HPOS="797" VPOS="861" WIDTH="121" HEIGHT="40" CONTENT="успелъ" WC="0.81" CC="005060"/>
						<SP ID="P74_SP00124" HPOS="918" VPOS="907" WIDTH="36"/>
						<String ID="P74_ST00143" HPOS="954" VPOS="864" WIDTH="154" HEIGHT="31" CONTENT="спастись," WC="0.81" CC="040100413"/>
						<SP ID="P74_SP00125" HPOS="1108" VPOS="907" WIDTH="34"/>
						<String ID="P74_ST00144" HPOS="1142" VPOS="863" WIDTH="60" HEIGHT="22" CONTENT="того" WC="0.81" CC="5002"/>
					</TextLine>
					<TextLine ID="P74_TL00020" HPOS="135" VPOS="899" WIDTH="1068" HEIGHT="52">
						<String ID="P74_ST00145" HPOS="135" VPOS="918" WIDTH="201" HEIGHT="33" CONTENT="принуждали" WC="0.77" CC="4026001006"/>
						<SP ID="P74_SP00126" HPOS="336" VPOS="951" WIDTH="25"/>
						<String ID="P74_ST00146" HPOS="361" VPOS="910" WIDTH="92" HEIGHT="30" CONTENT="силой" WC="0.68" CC="06071"/>
						<SP ID="P74_SP00127" HPOS="453" VPOS="951" WIDTH="35"/>
						<String ID="P74_ST00147" HPOS="488" VPOS="916" WIDTH="164" HEIGHT="33" CONTENT="присягать" WC="0.66" CC="302017067"/>
						<SP ID="P74_SP00128" HPOS="652" VPOS="951" WIDTH="24"/>
						<String ID="P74_ST00148" HPOS="676" VPOS="916" WIDTH="19" HEIGHT="21" CONTENT="и" WC="0.53" CC="4"/>
						<SP ID="P74_SP00129" HPOS="695" VPOS="951" WIDTH="24"/>
						<String ID="P74_ST00149" HPOS="719" VPOS="913" WIDTH="138" HEIGHT="33" CONTENT="служить" WC="0.80" CC="1600500"/>
						<SP ID="P74_SP00130" HPOS="857" VPOS="951" WIDTH="32"/>
						<String ID="P74_ST00150" HPOS="889" VPOS="910" WIDTH="190" HEIGHT="32" CONTENT="императору" WC="0.65" CC="6542000509"/>
						<SP ID="P74_SP00131" HPOS="1079" VPOS="951" WIDTH="32"/>
						<String ID="P74_ST00151" HPOS="1111" VPOS="899" WIDTH="92" HEIGHT="40" CONTENT="Петру" WC="0.60" CC="73350"/>
					</TextLine>
					<TextLine ID="P74_TL00021" HPOS="136" VPOS="949" WIDTH="1068" HEIGHT="46">
						<String ID="P74_ST00152" HPOS="136" VPOS="955" WIDTH="198" HEIGHT="40" CONTENT="Оедоровичу;" WC="0.65" CC="90350606005"/>
						<SP ID="P74_SP00132" HPOS="334" VPOS="995" WIDTH="27"/>
						<String ID="P74_ST00153" HPOS="361" VPOS="964" WIDTH="40" HEIGHT="21" CONTENT="въ" WC="0.91" CC="10"/>
						<SP ID="P74_SP00133" HPOS="401" VPOS="995" WIDTH="25"/>
						<String ID="P74_ST00154" HPOS="426" VPOS="957" WIDTH="114" HEIGHT="38" CONTENT="случае" WC="1.00" CC="000000"/>
						<SP ID="P74_SP00134" HPOS="540" VPOS="995" WIDTH="17"/>
						<String ID="P74_ST00155" HPOS="557" VPOS="962" WIDTH="41" HEIGHT="22" CONTENT="же" WC="0.81" CC="03"/>
						<SP ID="P74_SP00135" HPOS="598" VPOS="995" WIDTH="33"/>
						<String ID="P74_ST00156" HPOS="631" VPOS="950" WIDTH="239" HEIGHT="41" CONTENT="сопротивления," WC="0.72" CC="05500330536004"/>
						<SP ID="P74_SP00136" HPOS="870" VPOS="995" WIDTH="26"/>
						<String ID="P74_ST00157" HPOS="896" VPOS="957" WIDTH="58" HEIGHT="22" CONTENT="или" WC="0.37" CC="566"/>
						<SP ID="P74_SP00137" HPOS="954" VPOS="995" WIDTH="36"/>
						<String ID="P74_ST00158" HPOS="990" VPOS="949" WIDTH="137" HEIGHT="36" CONTENT="вешали," WC="0.67" CC="0060654"/>
						<SP ID="P74_SP00138" HPOS="1127" VPOS="995" WIDTH="24"/>
						<String ID="P74_ST00159" HPOS="1151" VPOS="953" WIDTH="53" HEIGHT="21" CONTENT="пли" WC="0.32" CC="676"/>
					</TextLine>
					<TextLine ID="P74_TL00022" HPOS="136" VPOS="989" WIDTH="1068" HEIGHT="50">
						<String ID="P74_ST00160" HPOS="136" VPOS="1002" WIDTH="69" HEIGHT="30" CONTENT="безъ" WC="0.68" CC="7050"/>
						<SP ID="P74_SP00139" HPOS="205" VPOS="1032" WIDTH="33"/>
						<String ID="P74_ST00161" HPOS="238" VPOS="1001" WIDTH="106" HEIGHT="30" CONTENT="всякой" WC="0.87" CC="000034"/>
						<SP ID="P74_SP00140" HPOS="344" VPOS="1032" WIDTH="36"/>
						<String ID="P74_ST00162" HPOS="380" VPOS="1008" WIDTH="135" HEIGHT="22" CONTENT="жалости" WC="0.70" CC="0046035"/>
						<SP ID="P74_SP00141" HPOS="515" VPOS="1032" WIDTH="37"/>
						<String ID="P74_ST00163" HPOS="552" VPOS="1000" WIDTH="142" HEIGHT="39" CONTENT="убивали." WC="0.54" CC="05574940"/>
						<SP ID="P74_SP00142" HPOS="694" VPOS="1039" WIDTH="35"/>
						<String ID="P74_ST00164" HPOS="729" VPOS="995" WIDTH="162" HEIGHT="37" CONTENT="Походный" WC="0.59" CC="66000765"/>
						<SP ID="P74_SP00143" HPOS="891" VPOS="1039" WIDTH="33"/>
						<String ID="P74_ST00165" HPOS="924" VPOS="1001" WIDTH="138" HEIGHT="22" CONTENT="атаманъ" WC="0.74" CC="0203065"/>
						<SP ID="P74_SP00144" HPOS="1062" VPOS="1039" WIDTH="35"/>
						<String ID="P74_ST00166" HPOS="1097" VPOS="989" WIDTH="107" HEIGHT="41" CONTENT="Луков" SUBS_TYPE="HypPart1" SUBS_CONTENT="Луковкпнъ" WC="0.60" CC="009462"/>
						<HYP CONTENT="-"/>
					</TextLine>
					<TextLine ID="P74_TL00023" HPOS="136" VPOS="1037" WIDTH="1069" HEIGHT="48">
						<String ID="P74_ST00167" HPOS="136" VPOS="1054" WIDTH="79" HEIGHT="22" CONTENT="кпнъ" SUBS_TYPE="HypPart2" SUBS_CONTENT="Луковкпнъ" WC="0.62" CC="0662"/>
						<SP ID="P74_SP00145" HPOS="215" VPOS="1076" WIDTH="24"/>
						<String ID="P74_ST00168" HPOS="239" VPOS="1053" WIDTH="37" HEIGHT="22" CONTENT="съ" WC="0.61" CC="42"/>
						<SP ID="P74_SP00146" HPOS="276" VPOS="1076" WIDTH="23"/>
						<String ID="P74_ST00169" HPOS="299" VPOS="1053" WIDTH="136" HEIGHT="32" CONTENT="трудомь" WC="0.63" CC="5100557"/>
						<SP ID="P74_SP00147" HPOS="435" VPOS="1085" WIDTH="25"/>
						<String ID="P74_ST00170" HPOS="460" VPOS="1045" WIDTH="129" HEIGHT="38" CONTENT="собралъ" WC="0.66" CC="5210641"/>
						<SP ID="P74_SP00148" HPOS="589" VPOS="1085" WIDTH="27"/>
						<String ID="P74_ST00171" HPOS="616" VPOS="1039" WIDTH="62" HEIGHT="39" CONTENT="57*" WC="0.37" CC="197"/>
						<SP ID="P74_SP00149" HPOS="678" VPOS="1085" WIDTH="28"/>
						<String ID="P74_ST00172" HPOS="706" VPOS="1049" WIDTH="118" HEIGHT="31" CONTENT="сотенъ," WC="0.73" CC="5200603"/>
						<SP ID="P74_SP00150" HPOS="824" VPOS="1085" WIDTH="18"/>
						<String ID="P74_ST00173" HPOS="842" VPOS="1048" WIDTH="19" HEIGHT="22" CONTENT="и" WC="0.73" CC="2"/>
						<SP ID="P74_SP00151" HPOS="861" VPOS="1085" WIDTH="24"/>
						<String ID="P74_ST00174" HPOS="885" VPOS="1047" WIDTH="33" HEIGHT="22" CONTENT="то" WC="0.67" CC="06"/>
						<SP ID="P74_SP00152" HPOS="918" VPOS="1085" WIDTH="17"/>
						<String ID="P74_ST00175" HPOS="935" VPOS="1037" WIDTH="137" HEIGHT="32" CONTENT="большей" WC="0.49" CC="6696410"/>
						<SP ID="P74_SP00153" HPOS="1072" VPOS="1085" WIDTH="24"/>
						<String ID="P74_ST00176" HPOS="1096" VPOS="1042" WIDTH="109" HEIGHT="24" CONTENT="частью" WC="0.83" CC="001305"/>
					</TextLine>
					<TextLine ID="P74_TL00024" HPOS="136" VPOS="1084" WIDTH="1069" HEIGHT="45">
						<String ID="P74_ST00177" HPOS="136" VPOS="1092" WIDTH="202" HEIGHT="29" CONTENT="малолетокъ." WC="0.67" CC="60650007900"/>
						<SP ID="P74_SP00154" HPOS="338" VPOS="1121" WIDTH="35"/>
						<String ID="P74_ST00178" HPOS="373" VPOS="1089" WIDTH="191" HEIGHT="40" CONTENT="Проскакавъ" WC="0.78" CC="7033000043"/>
						<SP ID="P74_SP00155" HPOS="564" VPOS="1129" WIDTH="28"/>
						<String ID="P74_ST00179" HPOS="592" VPOS="1096" WIDTH="37" HEIGHT="23" CONTENT="съ" WC="0.49" CC="54"/>
						<SP ID="P74_SP00156" HPOS="629" VPOS="1129" WIDTH="35"/>
						<String ID="P74_ST00180" HPOS="664" VPOS="1095" WIDTH="82" HEIGHT="22" CONTENT="ними" WC="0.42" CC="5574"/>
						<SP ID="P74_SP00157" HPOS="746" VPOS="1129" WIDTH="34"/>
						<String ID="P74_ST00181" HPOS="780" VPOS="1084" WIDTH="40" HEIGHT="33" CONTENT="80" WC="0.68" CC="06"/>
						<SP ID="P74_SP00158" HPOS="820" VPOS="1129" WIDTH="25"/>
						<String ID="P74_ST00182" HPOS="845" VPOS="1092" WIDTH="118" HEIGHT="31" CONTENT="верстъ," WC="0.85" CC="6004000"/>
						<SP ID="P74_SP00159" HPOS="963" VPOS="1129" WIDTH="27"/>
						<String ID="P74_ST00183" HPOS="990" VPOS="1091" WIDTH="56" HEIGHT="22" CONTENT="онъ" WC="0.60" CC="560"/>
						<SP ID="P74_SP00160" HPOS="1046" VPOS="1129" WIDTH="25"/>
						<String ID="P74_ST00184" HPOS="1071" VPOS="1088" WIDTH="134" HEIGHT="31" CONTENT="накрьыъ" WC="0.42" CC="7099471"/>
					</TextLine>
					<TextLine ID="P74_TL00025" HPOS="137" VPOS="1130" WIDTH="1068" HEIGHT="45">
						<String ID="P74_ST00185" HPOS="137" VPOS="1144" WIDTH="73" HEIGHT="31" CONTENT="одну" WC="0.67" CC="4260"/>
						<SP ID="P74_SP00161" HPOS="210" VPOS="1175" WIDTH="25"/>
						<String ID="P74_ST00186" HPOS="235" VPOS="1135" WIDTH="107" HEIGHT="40" CONTENT="шайку" WC="0.87" CC="03200"/>
						<SP ID="P74_SP00162" HPOS="342" VPOS="1175" WIDTH="25"/>
						<String ID="P74_ST00187" HPOS="367" VPOS="1144" WIDTH="37" HEIGHT="22" CONTENT="въ" WC="0.77" CC="04"/>
						<SP ID="P74_SP00163" HPOS="404" VPOS="1175" WIDTH="24"/>
						<String ID="P74_ST00188" HPOS="428" VPOS="1133" WIDTH="181" HEIGHT="40" CONTENT="Етеревской" WC="0.81" CC="0500051032"/>
						<SP ID="P74_SP00164" HPOS="609" VPOS="1175" WIDTH="26"/>
						<String ID="P74_ST00189" HPOS="635" VPOS="1138" WIDTH="148" HEIGHT="33" CONTENT="станицъ," WC="0.60" CC="54073074"/>
						<SP ID="P74_SP00165" HPOS="783" VPOS="1175" WIDTH="33"/>
						<String ID="P74_ST00190" HPOS="816" VPOS="1130" WIDTH="130" HEIGHT="40" CONTENT="разбилъ" WC="0.91" CC="0010201"/>
						<SP ID="P74_SP00166" HPOS="946" VPOS="1175" WIDTH="23"/>
						<String ID="P74_ST00191" HPOS="969" VPOS="1136" WIDTH="32" HEIGHT="22" CONTENT="ее" WC="0.91" CC="10"/>
						<SP ID="P74_SP00167" HPOS="1001" VPOS="1175" WIDTH="32"/>
						<String ID="P74_ST00192" HPOS="1033" VPOS="1136" WIDTH="16" HEIGHT="21" CONTENT="и" WC="0.38" CC="6"/>
						<SP ID="P74_SP00168" HPOS="1049" VPOS="1175" WIDTH="37"/>
						<String ID="P74_ST00193" HPOS="1086" VPOS="1132" WIDTH="119" HEIGHT="24" CONTENT="тотчасъ" WC="0.87" CC="0520000"/>
					</TextLine>
					<TextLine ID="P74_TL00026" HPOS="139" VPOS="1173" WIDTH="1067" HEIGHT="47">
						<String ID="P74_ST00194" HPOS="139" VPOS="1188" WIDTH="171" HEIGHT="32" CONTENT="повернулъ" WC="0.67" CC="605505060"/>
						<SP ID="P74_SP00169" HPOS="310" VPOS="1220" WIDTH="17"/>
						<String ID="P74_ST00195" HPOS="327" VPOS="1188" WIDTH="39" HEIGHT="23" CONTENT="на" WC="0.77" CC="40"/>
						<SP ID="P74_SP00170" HPOS="366" VPOS="1220" WIDTH="16"/>
						<String ID="P74_ST00196" HPOS="382" VPOS="1179" WIDTH="238" HEIGHT="39" CONTENT="Медведицкую," WC="0.81" CC="500400610004"/>
						<SP ID="P74_SP00171" HPOS="620" VPOS="1220" WIDTH="17"/>
						<String ID="P74_ST00197" HPOS="637" VPOS="1179" WIDTH="63" HEIGHT="37" CONTENT="где," WC="0.94" CC="1100"/>
						<SP ID="P74_SP00172" HPOS="700" VPOS="1220" WIDTH="18"/>
						<String ID="P74_ST00198" HPOS="718" VPOS="1177" WIDTH="94" HEIGHT="30" CONTENT="после" WC="0.60" CC="51750"/>
						<SP ID="P74_SP00173" HPOS="812" VPOS="1220" WIDTH="24"/>
						<String ID="P74_ST00199" HPOS="836" VPOS="1182" WIDTH="148" HEIGHT="33" CONTENT="упорнаго" WC="0.54" CC="02586065"/>
						<SP ID="P74_SP00174" HPOS="984" VPOS="1220" WIDTH="17"/>
						<String ID="P74_ST00200" HPOS="1001" VPOS="1173" WIDTH="61" HEIGHT="38" CONTENT="боя," WC="0.81" CC="6100"/>
						<SP ID="P74_SP00175" HPOS="1062" VPOS="1220" WIDTH="25"/>
						<String ID="P74_ST00201" HPOS="1087" VPOS="1177" WIDTH="119" HEIGHT="34" CONTENT="разнесъ" WC="0.65" CC="0065533"/>
					</TextLine>
					<TextLine ID="P74_TL00027" HPOS="139" VPOS="1215" WIDTH="1066" HEIGHT="50">
						<String ID="P74_ST00202" HPOS="139" VPOS="1233" WIDTH="118" HEIGHT="32" CONTENT="другую" WC="0.76" CC="000590"/>
						<SP ID="P74_SP00176" HPOS="257" VPOS="1265" WIDTH="26"/>
						<String ID="P74_ST00203" HPOS="283" VPOS="1226" WIDTH="104" HEIGHT="39" CONTENT="шайку" WC="0.86" CC="30300"/>
						<String ID="P74_ST00204" HPOS="399" VPOS="1236" WIDTH="7" HEIGHT="29" CONTENT=";" WC="0.55" CC="4"/>
						<SP ID="P74_SP00177" HPOS="406" VPOS="1265" WIDTH="26"/>
						<String ID="P74_ST00205" HPOS="432" VPOS="1232" WIDTH="105" HEIGHT="31" CONTENT="третья" WC="0.61" CC="006636"/>
						<SP ID="P74_SP00178" HPOS="537" VPOS="1265" WIDTH="28"/>
						<String ID="P74_ST00206" HPOS="565" VPOS="1224" WIDTH="79" HEIGHT="31" CONTENT="была" WC="0.72" CC="6400"/>
						<SP ID="P74_SP00179" HPOS="644" VPOS="1265" WIDTH="18"/>
						<String ID="P74_ST00207" HPOS="662" VPOS="1222" WIDTH="125" HEIGHT="39" CONTENT="разбита" WC="0.68" CC="0006690"/>
						<SP ID="P74_SP00180" HPOS="787" VPOS="1265" WIDTH="24"/>
						<String ID="P74_ST00208" HPOS="811" VPOS="1228" WIDTH="39" HEIGHT="22" CONTENT="въ" WC="0.61" CC="61"/>
						<SP ID="P74_SP00181" HPOS="850" VPOS="1265" WIDTH="17"/>
						<String ID="P74_ST00209" HPOS="867" VPOS="1218" WIDTH="186" HEIGHT="31" CONTENT="Пензенской" WC="0.73" CC="5001160075"/>
						<SP ID="P74_SP00182" HPOS="1053" VPOS="1265" WIDTH="14"/>
						<String ID="P74_ST00210" HPOS="1067" VPOS="1215" WIDTH="138" HEIGHT="42" CONTENT="губернии," WC="0.71" CC="209007004"/>
					</TextLine>
					<TextLine ID="P74_TL00028" HPOS="139" VPOS="1261" WIDTH="1069" HEIGHT="49">
						<String ID="P74_ST00211" HPOS="139" VPOS="1278" WIDTH="38" HEIGHT="22" CONTENT="на" WC="0.64" CC="70"/>
						<SP ID="P74_SP00183" HPOS="177" VPOS="1300" WIDTH="24"/>
						<String ID="P74_ST00212" HPOS="201" VPOS="1271" WIDTH="78" HEIGHT="39" CONTENT="реке" WC="0.75" CC="0900"/>
						<SP ID="P74_SP00184" HPOS="279" VPOS="1310" WIDTH="26"/>
						<String ID="P74_ST00213" HPOS="305" VPOS="1269" WIDTH="145" HEIGHT="35" CONTENT="Боланде." WC="0.75" CC="55034000"/>
						<SP ID="P74_SP00185" HPOS="450" VPOS="1310" WIDTH="28"/>
						<String ID="P74_ST00214" HPOS="478" VPOS="1267" WIDTH="37" HEIGHT="32" CONTENT="За" WC="0.67" CC="60"/>
						<SP ID="P74_SP00186" HPOS="515" VPOS="1310" WIDTH="36"/>
						<String ID="P74_ST00215" HPOS="551" VPOS="1268" WIDTH="80" HEIGHT="31" CONTENT="такие" WC="0.98" CC="00000"/>
						<SP ID="P74_SP00187" HPOS="631" VPOS="1310" WIDTH="33"/>
						<String ID="P74_ST00216" HPOS="664" VPOS="1266" WIDTH="175" HEIGHT="37" CONTENT="молодецкие" WC="0.83" CC="0204045000"/>
						<SP ID="P74_SP00188" HPOS="839" VPOS="1310" WIDTH="32"/>
						<String ID="P74_ST00217" HPOS="871" VPOS="1272" WIDTH="127" HEIGHT="28" CONTENT="подвиги" WC="0.58" CC="6096006"/>
						<SP ID="P74_SP00189" HPOS="998" VPOS="1310" WIDTH="37"/>
						<String ID="P74_ST00218" HPOS="1035" VPOS="1261" WIDTH="173" HEIGHT="42" CONTENT="Луковкинъ" WC="0.57" CC="000659455"/>
					</TextLine>
					<TextLine ID="P74_TL00029" HPOS="140" VPOS="1309" WIDTH="1065" HEIGHT="45">
						<String ID="P74_ST00219" HPOS="140" VPOS="1323" WIDTH="156" HEIGHT="31" CONTENT="получилъ" WC="0.67" CC="16600560"/>
						<SP ID="P74_SP00190" HPOS="296" VPOS="1354" WIDTH="40"/>
						<String ID="P74_ST00220" HPOS="336" VPOS="1314" WIDTH="197" HEIGHT="31" CONTENT="полковничий" WC="0.65" CC="03605466004"/>
						<SP ID="P74_SP00191" HPOS="533" VPOS="1354" WIDTH="39"/>
						<String ID="P74_ST00221" HPOS="572" VPOS="1321" WIDTH="92" HEIGHT="31" CONTENT="чинъ," WC="0.62" CC="07704"/>
						<SP ID="P74_SP00192" HPOS="664" VPOS="1354" WIDTH="39"/>
						<String ID="P74_ST00222" HPOS="703" VPOS="1319" WIDTH="132" HEIGHT="31" CONTENT="золотую" WC="0.46" CC="6644095"/>
						<SP ID="P74_SP00193" HPOS="835" VPOS="1354" WIDTH="32"/>
						<String ID="P74_ST00223" HPOS="867" VPOS="1318" WIDTH="109" HEIGHT="28" CONTENT="медаль" WC="0.69" CC="240505"/>
						<SP ID="P74_SP00194" HPOS="976" VPOS="1354" WIDTH="26"/>
						<String ID="P74_ST00224" HPOS="1002" VPOS="1317" WIDTH="17" HEIGHT="21" CONTENT="и" WC="1.00" CC="0"/>
						<SP ID="P74_SP00195" HPOS="1019" VPOS="1354" WIDTH="26"/>
						<String ID="P74_ST00225" HPOS="1045" VPOS="1309" WIDTH="80" HEIGHT="29" CONTENT="былъ" WC="0.53" CC="7162"/>
						<SP ID="P74_SP00196" HPOS="1125" VPOS="1354" WIDTH="36"/>
						<String ID="P74_ST00226" HPOS="1161" VPOS="1314" WIDTH="44" HEIGHT="22" CONTENT="на-" WC="0.80" CC="600"/>
					</TextLine>
					<TextLine ID="P74_TL00030" HPOS="141" VPOS="1354" WIDTH="912" HEIGHT="44">
						<String ID="P74_ST00227" HPOS="141" VPOS="1368" WIDTH="130" HEIGHT="22" CONTENT="значенъ" WC="0.73" CC="5700060"/>
						<SP ID="P74_SP00197" HPOS="271" VPOS="1390" WIDTH="24"/>
						<String ID="P74_ST00228" HPOS="295" VPOS="1360" WIDTH="220" HEIGHT="30" CONTENT="безсмеинымъ" WC="0.71" CC="00741006470"/>
						<SP ID="P74_SP00198" HPOS="515" VPOS="1390" WIDTH="26"/>
						<String ID="P74_ST00229" HPOS="541" VPOS="1358" WIDTH="107" HEIGHT="40" CONTENT="судьей" WC="0.65" CC="005409"/>
						<SP ID="P74_SP00199" HPOS="648" VPOS="1398" WIDTH="26"/>
						<String ID="P74_ST00230" HPOS="674" VPOS="1356" WIDTH="162" HEIGHT="31" CONTENT="войсковой" WC="0.71" CC="301005635"/>
						<SP ID="P74_SP00200" HPOS="836" VPOS="1398" WIDTH="27"/>
						<String ID="P74_ST00231" HPOS="863" VPOS="1354" WIDTH="190" HEIGHT="39" CONTENT="канцелярии." WC="0.53" CC="98607900063"/>
					</TextLine>
					<TextLine ID="P74_TL00031" HPOS="208" VPOS="1398" WIDTH="1002" HEIGHT="46">
						<String ID="P74_ST00232" HPOS="208" VPOS="1404" WIDTH="42" HEIGHT="31" CONTENT="Въ" WC="0.64" CC="70"/>
						<SP ID="P74_SP00201" HPOS="250" VPOS="1435" WIDTH="26"/>
						<String ID="P74_ST00233" HPOS="276" VPOS="1413" WIDTH="139" HEIGHT="31" CONTENT="первыхъ" WC="0.88" CC="2000005"/>
						<SP ID="P74_SP00202" HPOS="415" VPOS="1444" WIDTH="27"/>
						<String ID="P74_ST00234" HPOS="442" VPOS="1412" WIDTH="133" HEIGHT="23" CONTENT="чпслахъ" WC="0.69" CC="0704702"/>
						<SP ID="P74_SP00203" HPOS="575" VPOS="1444" WIDTH="23"/>
						<String ID="P74_ST00235" HPOS="598" VPOS="1409" WIDTH="126" HEIGHT="33" CONTENT="августа" WC="0.81" CC="0400403"/>
						<SP ID="P74_SP00204" HPOS="724" VPOS="1444" WIDTH="37"/>
						<String ID="P74_ST00236" HPOS="761" VPOS="1408" WIDTH="205" HEIGHT="29" CONTENT="самозванецъ" WC="0.73" CC="00039506002"/>
						<SP ID="P74_SP00205" HPOS="966" VPOS="1444" WIDTH="37"/>
						<String ID="P74_ST00237" HPOS="1003" VPOS="1398" WIDTH="207" HEIGHT="39" CONTENT="приближался" WC="0.69" CC="09000490900"/>
					</TextLine>
					<TextLine ID="P74_TL00032" HPOS="142" VPOS="1442" WIDTH="1067" HEIGHT="47">
						<String ID="P74_ST00238" HPOS="142" VPOS="1459" WIDTH="39" HEIGHT="22" CONTENT="къ" WC="0.81" CC="03"/>
						<SP ID="P74_SP00206" HPOS="181" VPOS="1481" WIDTH="25"/>
						<String ID="P74_ST00239" HPOS="206" VPOS="1448" WIDTH="183" HEIGHT="41" CONTENT="Царицыну." WC="0.83" CC="000606200"/>
						<SP ID="P74_SP00207" HPOS="389" VPOS="1489" WIDTH="28"/>
						<String ID="P74_ST00240" HPOS="417" VPOS="1448" WIDTH="107" HEIGHT="40" CONTENT="Между" WC="1.00" CC="00000"/>
						<SP ID="P74_SP00208" HPOS="524" VPOS="1489" WIDTH="25"/>
						<String ID="P74_ST00241" HPOS="549" VPOS="1447" WIDTH="218" HEIGHT="31" CONTENT="Качалинской" WC="0.73" CC="00066650040"/>
						<SP ID="P74_SP00209" HPOS="767" VPOS="1489" WIDTH="21"/>
						<String ID="P74_ST00242" HPOS="788" VPOS="1445" WIDTH="151" HEIGHT="37" CONTENT="станицей" WC="0.59" CC="71775003"/>
						<SP ID="P74_SP00210" HPOS="939" VPOS="1489" WIDTH="26"/>
						<String ID="P74_ST00243" HPOS="965" VPOS="1453" WIDTH="37" HEIGHT="22" CONTENT="на" WC="0.69" CC="60"/>
						<SP ID="P74_SP00211" HPOS="1002" VPOS="1489" WIDTH="25"/>
						<String ID="P74_ST00244" HPOS="1027" VPOS="1442" WIDTH="79" HEIGHT="41" CONTENT="Дону" WC="0.48" CC="0569"/>
						<SP ID="P74_SP00212" HPOS="1106" VPOS="1489" WIDTH="24"/>
						<String ID="P74_ST00245" HPOS="1130" VPOS="1451" WIDTH="17" HEIGHT="21" CONTENT="п" WC="0.43" CC="5"/>
						<SP ID="P74_SP00213" HPOS="1147" VPOS="1489" WIDTH="24"/>
						<String ID="P74_ST00246" HPOS="1171" VPOS="1449" WIDTH="38" HEIGHT="21" CONTENT="го-" WC="0.85" CC="201"/>
					</TextLine>
					<TextLine ID="P74_TL00033" HPOS="143" VPOS="1491" WIDTH="1067" HEIGHT="43">
						<String ID="P74_ST00247" HPOS="143" VPOS="1503" WIDTH="112" HEIGHT="31" CONTENT="родомъ" WC="0.75" CC="071320"/>
						<SP ID="P74_SP00214" HPOS="255" VPOS="1534" WIDTH="25"/>
						<String ID="P74_ST00248" HPOS="280" VPOS="1503" WIDTH="131" HEIGHT="31" CONTENT="тянулся" WC="0.66" CC="0660640"/>
						<SP ID="P74_SP00215" HPOS="411" VPOS="1534" WIDTH="25"/>
						<String ID="P74_ST00249" HPOS="436" VPOS="1503" WIDTH="39" HEIGHT="22" CONTENT="въ" WC="1.00" CC="00"/>
						<SP ID="P74_SP00216" HPOS="475" VPOS="1534" WIDTH="23"/>
						<String ID="P74_ST00250" HPOS="498" VPOS="1503" WIDTH="38" HEIGHT="30" CONTENT="ту" WC="1.00" CC="00"/>
						<SP ID="P74_SP00217" HPOS="536" VPOS="1534" WIDTH="25"/>
						<String ID="P74_ST00251" HPOS="561" VPOS="1501" WIDTH="75" HEIGHT="31" CONTENT="пору" WC="0.73" CC="6300"/>
						<SP ID="P74_SP00218" HPOS="636" VPOS="1534" WIDTH="33"/>
						<String ID="P74_ST00252" HPOS="669" VPOS="1491" WIDTH="149" HEIGHT="31" CONTENT="земляной" WC="0.63" CC="00466730"/>
						<SP ID="P74_SP00219" HPOS="818" VPOS="1534" WIDTH="33"/>
						<String ID="P74_ST00253" HPOS="851" VPOS="1498" WIDTH="90" HEIGHT="32" CONTENT="валъ," WC="0.71" CC="00633"/>
						<SP ID="P74_SP00220" HPOS="941" VPOS="1534" WIDTH="25"/>
						<String ID="P74_ST00254" HPOS="966" VPOS="1498" WIDTH="90" HEIGHT="27" CONTENT="вдоль" WC="0.83" CC="40400"/>
						<SP ID="P74_SP00221" HPOS="1056" VPOS="1534" WIDTH="24"/>
						<String ID="P74_ST00255" HPOS="1080" VPOS="1493" WIDTH="130" HEIGHT="32" CONTENT="котораго" WC="0.90" CC="00060000"/>
					</TextLine>
					<TextLine ID="P74_TL00034" HPOS="144" VPOS="1534" WIDTH="1066" HEIGHT="44">
						<String ID="P74_ST00256" HPOS="144" VPOS="1547" WIDTH="185" HEIGHT="28" CONTENT="находились" WC="0.53" CC="0007439776"/>
						<SP ID="P74_SP00222" HPOS="329" VPOS="1575" WIDTH="24"/>
						<String ID="P74_ST00257" HPOS="353" VPOS="1547" WIDTH="54" HEIGHT="31" CONTENT="три" WC="0.65" CC="504"/>
						<SP ID="P74_SP00223" HPOS="407" VPOS="1578" WIDTH="26"/>
						<String ID="P74_ST00258" HPOS="433" VPOS="1541" WIDTH="178" HEIGHT="37" CONTENT="крепостцы" WC="0.84" CC="000454000"/>
						<SP ID="P74_SP00224" HPOS="611" VPOS="1578" WIDTH="25"/>
						<String ID="P74_ST00259" HPOS="636" VPOS="1546" WIDTH="17" HEIGHT="21" CONTENT="и" WC="0.49" CC="5"/>
						<SP ID="P74_SP00225" HPOS="653" VPOS="1578" WIDTH="26"/>
						<String ID="P74_ST00260" HPOS="679" VPOS="1545" WIDTH="122" HEIGHT="31" CONTENT="редутъ," WC="0.79" CC="0630004"/>
						<SP ID="P74_SP00226" HPOS="801" VPOS="1578" WIDTH="18"/>
						<String ID="P74_ST00261" HPOS="819" VPOS="1534" WIDTH="222" HEIGHT="41" CONTENT="вооруженный" WC="0.40" CC="44659906772"/>
						<SP ID="P74_SP00227" HPOS="1041" VPOS="1578" WIDTH="18"/>
						<String ID="P74_ST00262" HPOS="1059" VPOS="1539" WIDTH="151" HEIGHT="34" CONTENT="пушками." WC="0.76" CC="40620500"/>
					</TextLine>
					<TextLine ID="P74_TL00035" HPOS="145" VPOS="1576" WIDTH="1065" HEIGHT="43">
						<String ID="P74_ST00263" HPOS="145" VPOS="1583" WIDTH="53" HEIGHT="32" CONTENT="Это" WC="0.46" CC="635"/>
						<SP ID="P74_SP00228" HPOS="198" VPOS="1615" WIDTH="27"/>
						<String ID="P74_ST00264" HPOS="225" VPOS="1585" WIDTH="94" HEIGHT="34" CONTENT="была," WC="0.44" CC="57904"/>
						<SP ID="P74_SP00229" HPOS="319" VPOS="1619" WIDTH="25"/>
						<String ID="P74_ST00265" HPOS="344" VPOS="1592" WIDTH="77" HEIGHT="22" CONTENT="такъ" WC="0.91" CC="3000"/>
						<SP ID="P74_SP00230" HPOS="421" VPOS="1619" WIDTH="25"/>
						<String ID="P74_ST00266" HPOS="446" VPOS="1591" WIDTH="201" HEIGHT="28" CONTENT="называемая," WC="0.78" CC="60322000044"/>
						<SP ID="P74_SP00231" HPOS="647" VPOS="1619" WIDTH="33"/>
						<String ID="P74_ST00267" HPOS="680" VPOS="1580" WIDTH="242" HEIGHT="39" CONTENT="«Царицынская" WC="0.64" CC="004061756506"/>
						<SP ID="P74_SP00232" HPOS="922" VPOS="1619" WIDTH="24"/>
						<String ID="P74_ST00268" HPOS="946" VPOS="1579" WIDTH="120" HEIGHT="31" CONTENT="линия»." WC="0.74" CC="0560220"/>
						<SP ID="P74_SP00233" HPOS="1066" VPOS="1619" WIDTH="25"/>
						<String ID="P74_ST00269" HPOS="1091" VPOS="1576" WIDTH="119" HEIGHT="41" CONTENT="Охране-" WC="0.86" CC="4000400"/>
					</TextLine>
				</TextBlock>
				<TextBlock ID="P74_TB00003" HPOS="144" VPOS="1628" WIDTH="1072" HEIGHT="261" STYLEREFS="TXT_0 PAR_LEFT">
					<TextLine ID="P74_TL00036" HPOS="144" VPOS="1629" WIDTH="1067" HEIGHT="35">
						<String ID="P74_ST00270" HPOS="144" VPOS="1630" WIDTH="45" HEIGHT="30" CONTENT="ние" WC="0.79" CC="600"/>
						<SP ID="P74_SP00234" HPOS="189" VPOS="1660" WIDTH="24"/>
						<String ID="P74_ST00271" HPOS="213" VPOS="1637" WIDTH="33" HEIGHT="23" CONTENT="ея" WC="0.68" CC="06"/>
						<SP ID="P74_SP00235" HPOS="246" VPOS="1660" WIDTH="26"/>
						<String ID="P74_ST00272" HPOS="272" VPOS="1637" WIDTH="127" HEIGHT="27" CONTENT="издавна" WC="0.74" CC="6000540"/>
						<SP ID="P74_SP00236" HPOS="399" VPOS="1664" WIDTH="22"/>
						<String ID="P74_ST00273" HPOS="421" VPOS="1637" WIDTH="116" HEIGHT="22" CONTENT="лежало" WC="0.64" CC="720065"/>
						<SP ID="P74_SP00237" HPOS="537" VPOS="1664" WIDTH="25"/>
						<String ID="P74_ST00274" HPOS="562" VPOS="1636" WIDTH="36" HEIGHT="22" CONTENT="на" WC="0.56" CC="71"/>
						<SP ID="P74_SP00238" HPOS="598" VPOS="1664" WIDTH="25"/>
						<String ID="P74_ST00275" HPOS="623" VPOS="1635" WIDTH="151" HEIGHT="28" CONTENT="доискихъ" WC="0.68" CC="05740402"/>
						<SP ID="P74_SP00239" HPOS="774" VPOS="1664" WIDTH="36"/>
						<String ID="P74_ST00276" HPOS="810" VPOS="1633" WIDTH="163" HEIGHT="30" CONTENT="казакахь," WC="0.87" CC="000000074"/>
						<SP ID="P74_SP00240" HPOS="973" VPOS="1664" WIDTH="34"/>
						<String ID="P74_ST00277" HPOS="1007" VPOS="1631" WIDTH="130" HEIGHT="32" CONTENT="которые" WC="0.47" CC="0665990"/>
						<SP ID="P74_SP00241" HPOS="1137" VPOS="1664" WIDTH="24"/>
						<String ID="P74_ST00278" HPOS="1161" VPOS="1629" WIDTH="50" HEIGHT="23" CONTENT="вы" SUBS_TYPE="HypPart1" SUBS_CONTENT="высылали" WC="0.79" CC="041"/>
						<HYP CONTENT="-"/>
					</TextLine>
					<TextLine ID="P74_TL00037" HPOS="145" VPOS="1665" WIDTH="1067" HEIGHT="47">
						<String ID="P74_ST00279" HPOS="145" VPOS="1682" WIDTH="116" HEIGHT="23" CONTENT="сылали" SUBS_TYPE="HypPart2" SUBS_CONTENT="высылали" WC="0.79" CC="040051"/>
						<SP ID="P74_SP00242" HPOS="261" VPOS="1705" WIDTH="25"/>
						<String ID="P74_ST00280" HPOS="286" VPOS="1682" WIDTH="79" HEIGHT="28" CONTENT="сюда" WC="0.93" CC="2000"/>
						<SP ID="P74_SP00243" HPOS="365" VPOS="1710" WIDTH="23"/>
						<String ID="P74_ST00281" HPOS="388" VPOS="1676" WIDTH="119" HEIGHT="28" CONTENT="летомъ" WC="0.58" CC="600674"/>
						<SP ID="P74_SP00244" HPOS="507" VPOS="1710" WIDTH="24"/>
						<String ID="P74_ST00282" HPOS="531" VPOS="1681" WIDTH="36" HEIGHT="22" CONTENT="по" WC="0.60" CC="34"/>
						<SP ID="P74_SP00245" HPOS="567" VPOS="1710" WIDTH="27"/>
						<String ID="P74_ST00283" HPOS="594" VPOS="1670" WIDTH="98" HEIGHT="40" CONTENT="1,200" WC="0.81" CC="44000"/>
						<SP ID="P74_SP00246" HPOS="692" VPOS="1710" WIDTH="26"/>
						<String ID="P74_ST00284" HPOS="718" VPOS="1680" WIDTH="81" HEIGHT="32" CONTENT="чел.," WC="0.78" CC="00604"/>
						<SP ID="P74_SP00247" HPOS="799" VPOS="1712" WIDTH="25"/>
						<String ID="P74_ST00285" HPOS="824" VPOS="1680" WIDTH="18" HEIGHT="22" CONTENT="а" WC="1.00" CC="0"/>
						<SP ID="P74_SP00248" HPOS="842" VPOS="1712" WIDTH="25"/>
						<String ID="P74_ST00286" HPOS="867" VPOS="1679" WIDTH="100" HEIGHT="22" CONTENT="зимою" WC="0.41" CC="95660"/>
						<SP ID="P74_SP00249" HPOS="967" VPOS="1712" WIDTH="29"/>
						<String ID="P74_ST00287" HPOS="996" VPOS="1678" WIDTH="35" HEIGHT="22" CONTENT="по" WC="0.56" CC="35"/>
						<SP ID="P74_SP00250" HPOS="1031" VPOS="1712" WIDTH="26"/>
						<String ID="P74_ST00288" HPOS="1057" VPOS="1667" WIDTH="76" HEIGHT="33" CONTENT="800." WC="0.56" CC="9052"/>
						<SP ID="P74_SP00251" HPOS="1133" VPOS="1712" WIDTH="34"/>
						<String ID="P74_ST00289" HPOS="1167" VPOS="1665" WIDTH="45" HEIGHT="31" CONTENT="Те" SUBS_TYPE="HypPart1" SUBS_CONTENT="Теперь" WC="0.87" CC="201"/>
						<HYP CONTENT="-"/>
					</TextLine>
					<TextLine ID="P74_TL00038" HPOS="145" VPOS="1716" WIDTH="1068" HEIGHT="42">
						<String ID="P74_ST00290" HPOS="145" VPOS="1728" WIDTH="72" HEIGHT="30" CONTENT="перь" SUBS_TYPE="HypPart2" SUBS_CONTENT="Теперь" WC="0.60" CC="5307"/>
						<SP ID="P74_SP00252" HPOS="217" VPOS="1758" WIDTH="25"/>
						<String ID="P74_ST00291" HPOS="242" VPOS="1727" WIDTH="41" HEIGHT="21" CONTENT="же" WC="0.65" CC="07"/>
						<SP ID="P74_SP00253" HPOS="283" VPOS="1758" WIDTH="25"/>
						<String ID="P74_ST00292" HPOS="308" VPOS="1727" WIDTH="60" HEIGHT="22" CONTENT="ихъ" WC="0.80" CC="203"/>
						<SP ID="P74_SP00254" HPOS="368" VPOS="1758" WIDTH="25"/>
						<String ID="P74_ST00293" HPOS="393" VPOS="1719" WIDTH="78" HEIGHT="30" CONTENT="было" WC="0.82" CC="0204"/>
						<SP ID="P74_SP00255" HPOS="471" VPOS="1758" WIDTH="25"/>
						<String ID="P74_ST00294" HPOS="496" VPOS="1725" WIDTH="107" HEIGHT="24" CONTENT="только" WC="0.54" CC="966004"/>
						<SP ID="P74_SP00256" HPOS="603" VPOS="1758" WIDTH="27"/>
						<String ID="P74_ST00295" HPOS="630" VPOS="1716" WIDTH="63" HEIGHT="32" CONTENT="300" WC="1.00" CC="000"/>
						<SP ID="P74_SP00257" HPOS="693" VPOS="1758" WIDTH="26"/>
						<String ID="P74_ST00296" HPOS="719" VPOS="1724" WIDTH="78" HEIGHT="30" CONTENT="чел.," WC="0.68" CC="65003"/>
						<SP ID="P74_SP00258" HPOS="797" VPOS="1758" WIDTH="27"/>
						<String ID="P74_ST00297" HPOS="824" VPOS="1724" WIDTH="37" HEIGHT="22" CONTENT="съ" WC="0.80" CC="03"/>
						<SP ID="P74_SP00259" HPOS="861" VPOS="1758" WIDTH="24"/>
						<String ID="P74_ST00298" HPOS="885" VPOS="1716" WIDTH="328" HEIGHT="30" CONTENT="войсковымъ'атама" SUBS_TYPE="HypPart1" SUBS_CONTENT="войсковымъ'атаманомъ" WC="0.60" CC="22670335527020002"/>
						<HYP CONTENT="-"/>
					</TextLine>
					<TextLine ID="P74_TL00039" HPOS="146" VPOS="1759" WIDTH="1067" HEIGHT="43">
						<String ID="P74_ST00299" HPOS="146" VPOS="1772" WIDTH="79" HEIGHT="22" CONTENT="номъ" SUBS_TYPE="HypPart2" SUBS_CONTENT="войсковымъ'атаманомъ" WC="0.52" CC="6524"/>
						<SP ID="P74_SP00260" HPOS="225" VPOS="1794" WIDTH="39"/>
						<String ID="P74_ST00300" HPOS="264" VPOS="1763" WIDTH="168" HEIGHT="31" CONTENT="Василйемъ" WC="0.81" CC="400560000"/>
						<SP ID="P74_SP00261" HPOS="432" VPOS="1794" WIDTH="39"/>
						<String ID="P74_ST00301" HPOS="471" VPOS="1762" WIDTH="239" HEIGHT="40" CONTENT="Перфиловымъ." WC="0.61" CC="600909365050"/>
						<SP ID="P74_SP00262" HPOS="710" VPOS="1802" WIDTH="44"/>
						<String ID="P74_ST00302" HPOS="754" VPOS="1759" WIDTH="216" HEIGHT="41" CONTENT="Царицынский" WC="0.73" CC="00070870005"/>
						<SP ID="P74_SP00263" HPOS="970" VPOS="1802" WIDTH="49"/>
						<String ID="P74_ST00303" HPOS="1019" VPOS="1765" WIDTH="194" HEIGHT="31" CONTENT="комендантъ," WC="0.72" CC="25100017533"/>
					</TextLine>
					<TextLine ID="P74_TL00040" HPOS="145" VPOS="1803" WIDTH="1071" HEIGHT="44">
						<String ID="P74_ST00304" HPOS="145" VPOS="1816" WIDTH="190" HEIGHT="23" CONTENT="полковникъ" WC="0.57" CC="6250236590"/>
						<SP ID="P74_SP00264" HPOS="335" VPOS="1839" WIDTH="24"/>
						<String ID="P74_ST00305" HPOS="359" VPOS="1806" WIDTH="187" HEIGHT="41" CONTENT="Циплетевъ," WC="0.68" CC="0558400042"/>
						<SP ID="P74_SP00265" HPOS="546" VPOS="1847" WIDTH="27"/>
						<String ID="P74_ST00306" HPOS="573" VPOS="1815" WIDTH="159" HEIGHT="22" CONTENT="готовился" WC="0.83" CC="000234003"/>
						<SP ID="P74_SP00266" HPOS="732" VPOS="1847" WIDTH="24"/>
						<String ID="P74_ST00307" HPOS="756" VPOS="1814" WIDTH="71" HEIGHT="29" CONTENT="дать" WC="0.40" CC="8536"/>
						<SP ID="P74_SP00267" HPOS="827" VPOS="1847" WIDTH="25"/>
						<String ID="P74_ST00308" HPOS="852" VPOS="1814" WIDTH="122" HEIGHT="31" CONTENT="отпоръ." WC="0.76" CC="7440000"/>
						<SP ID="P74_SP00268" HPOS="974" VPOS="1847" WIDTH="31"/>
						<String ID="P74_ST00309" HPOS="1005" VPOS="1803" WIDTH="63" HEIGHT="32" CONTENT="Онъ" WC="0.78" CC="051"/>
						<SP ID="P74_SP00269" HPOS="1068" VPOS="1847" WIDTH="33"/>
						<String ID="P74_ST00310" HPOS="1101" VPOS="1810" WIDTH="115" HEIGHT="34" CONTENT="разста" SUBS_TYPE="HypPart1" SUBS_CONTENT="разставилъ" WC="0.74" CC="0062044"/>
						<HYP CONTENT="-"/>
					</TextLine>
					<TextLine ID="P74_TL00041" HPOS="146" VPOS="1848" WIDTH="1070" HEIGHT="41">
						<String ID="P74_ST00311" HPOS="146" VPOS="1862" WIDTH="78" HEIGHT="22" CONTENT="вилъ" SUBS_TYPE="HypPart2" SUBS_CONTENT="разставилъ" WC="0.62" CC="0671"/>
						<SP ID="P74_SP00270" HPOS="224" VPOS="1884" WIDTH="26"/>
						<String ID="P74_ST00312" HPOS="250" VPOS="1861" WIDTH="123" HEIGHT="23" CONTENT="казачьи" WC="0.67" CC="0750054"/>
						<SP ID="P74_SP00271" HPOS="373" VPOS="1884" WIDTH="38"/>
						<String ID="P74_ST00313" HPOS="411" VPOS="1861" WIDTH="98" HEIGHT="23" CONTENT="посты" WC="0.44" CC="84364"/>
						<SP ID="P74_SP00272" HPOS="509" VPOS="1884" WIDTH="36"/>
						<String ID="P74_ST00314" HPOS="545" VPOS="1860" WIDTH="94" HEIGHT="23" CONTENT="внизъ" WC="0.64" CC="06460"/>
						<SP ID="P74_SP00273" HPOS="639" VPOS="1884" WIDTH="36"/>
						<String ID="P74_ST00315" HPOS="675" VPOS="1860" WIDTH="35" HEIGHT="22" CONTENT="по" WC="0.32" CC="66"/>
						<SP ID="P74_SP00274" HPOS="710" VPOS="1884" WIDTH="37"/>
						<String ID="P74_ST00316" HPOS="747" VPOS="1850" WIDTH="94" HEIGHT="31" CONTENT="Волге" WC="0.69" CC="70610"/>
						<SP ID="P74_SP00275" HPOS="841" VPOS="1884" WIDTH="25"/>
						<String ID="P74_ST00317" HPOS="866" VPOS="1859" WIDTH="32" HEIGHT="29" CONTENT="до" WC="0.72" CC="05"/>
						<SP ID="P74_SP00276" HPOS="898" VPOS="1888" WIDTH="25"/>
						<String ID="P74_ST00318" HPOS="923" VPOS="1850" WIDTH="130" HEIGHT="39" CONTENT="Чернаго" WC="0.83" CC="0007004"/>
						<SP ID="P74_SP00277" HPOS="1053" VPOS="1889" WIDTH="32"/>
						<String ID="P74_ST00319" HPOS="1085" VPOS="1848" WIDTH="78" HEIGHT="41" CONTENT="Яра;" WC="0.81" CC="7000"/>
						<SP ID="P74_SP00278" HPOS="1163" VPOS="1889" WIDTH="39"/>
						<String ID="P74_ST00320" HPOS="1202" VPOS="1855" WIDTH="14" HEIGHT="31" CONTENT="у" WC="0.08" CC="9"/>
					</TextLine>
				</TextBlock>
				<TextBlock ID="P74_TB00004" HPOS="148" VPOS="1896" WIDTH="1070" HEIGHT="41" STYLEREFS="TXT_0 PAR_CENTER">
					<TextLine ID="P74_TL00042" HPOS="148" VPOS="1896" WIDTH="1070" HEIGHT="41">
						<String ID="P74_ST00321" HPOS="148" VPOS="1896" WIDTH="225" HEIGHT="41" CONTENT="Ахтубинскаго" WC="0.83" CC="000006660000"/>
						<SP ID="P74_SP00279" HPOS="373" VPOS="1937" WIDTH="37"/>
						<String ID="P74_ST00322" HPOS="410" VPOS="1906" WIDTH="102" HEIGHT="28" CONTENT="завода" WC="0.82" CC="700300"/>
						<SP ID="P74_SP00280" HPOS="512" VPOS="1937" WIDTH="37"/>
						<String ID="P74_ST00323" HPOS="549" VPOS="1905" WIDTH="169" HEIGHT="22" CONTENT="поставплъ" WC="0.78" CC="002405600"/>
						<SP ID="P74_SP00281" HPOS="718" VPOS="1937" WIDTH="36"/>
						<String ID="P74_ST00324" HPOS="754" VPOS="1904" WIDTH="125" HEIGHT="32" CONTENT="заставу" WC="0.72" CC="3020029"/>
						<SP ID="P74_SP00282" HPOS="879" VPOS="1937" WIDTH="39"/>
						<String ID="P74_ST00325" HPOS="918" VPOS="1904" WIDTH="57" HEIGHT="22" CONTENT="изъ" WC="0.71" CC="620"/>
						<SP ID="P74_SP00283" HPOS="975" VPOS="1937" WIDTH="34"/>
						<String ID="P74_ST00326" HPOS="1009" VPOS="1896" WIDTH="133" HEIGHT="38" CONTENT="пехоты," WC="0.75" CC="3000094"/>
						<SP ID="P74_SP00284" HPOS="1142" VPOS="1937" WIDTH="24"/>
						<String ID="P74_ST00327" HPOS="1166" VPOS="1900" WIDTH="52" HEIGHT="33" CONTENT="при" WC="0.38" CC="684"/>
					</TextLine>
				</TextBlock>
			</PrintSpace>
		</Page>
	</Layout>
</alto>
